Sample,Time_us,Raw_u16,Voltage_V
0,212,24421,1.229714
1,1011,12595,0.634218
2,2013,35480,1.786587
3,3010,53725,2.705310
4,4014,30807,1.551279
5,5015,12627,0.635830
6,6008,35368,1.780948
7,7010,53773,2.707727
8,8012,30919,1.556919
9,9008,12787,0.643886
10,10012,35368,1.780948
11,11012,53693,2.703699
12,12014,30839,1.552891
13,13015,12627,0.635830
14,14008,35352,1.780142
15,15009,53773,2.707727
16,16011,31063,1.564170
17,17009,12611,0.635024
18,18012,35496,1.787393
19,19013,53725,2.705310
20,20014,30823,1.552085
21,21009,12627,0.635830
22,22010,35384,1.781753
23,23011,53773,2.707727
24,24012,30871,1.554502
25,25009,12595,0.634218
26,26013,35512,1.788199
27,27015,53661,2.702087
28,28009,31063,1.564170
29,29009,12595,0.634218
30,30010,35400,1.782559
31,31012,53677,2.702893
32,32013,30871,1.554502
33,33012,12627,0.635830
34,34013,35480,1.786587
35,35015,53709,2.704504
36,36008,31079,1.564976
37,37010,12643,0.636635
38,38012,35496,1.787393
39,39014,53677,2.702893
40,40008,30967,1.559336
41,41009,12627,0.635830
42,42014,35624,1.793838
43,43009,53709,2.704504
44,44010,30983,1.560142
45,45011,12547,0.631801
46,46012,35464,1.785782
47,47013,53709,2.704504
48,48015,30839,1.552891
49,49013,12627,0.635830
50,50015,35512,1.788199
51,51009,53773,2.707727
52,52010,30967,1.559336
53,53012,12659,0.637441
54,54013,35480,1.786587
55,55014,53709,2.704504
56,56008,31095,1.565782
57,57015,12627,0.635830
58,58008,35352,1.780142
59,59010,53709,2.704504
60,60011,31175,1.569810
61,61012,12611,0.635024
62,62014,35544,1.789810
63,63015,53757,2.706921
64,64008,30935,1.557725
65,65016,12643,0.636635
66,66011,35288,1.776919
67,67012,53741,2.706116
68,68015,30791,1.550474
69,69009,12627,0.635830
70,70010,35352,1.780142
71,71011,53741,2.706116
72,72013,30871,1.554502
73,73013,12643,0.636635
74,74015,35544,1.789810
75,75015,53725,2.705310
76,76009,30967,1.559336
77,77011,12563,0.632607
78,78012,35464,1.785782
79,79014,53725,2.705310
80,80008,31031,1.562559
81,81015,12627,0.635830
82,82010,35384,1.781753
83,83012,53725,2.705310
84,84013,30871,1.554502
85,85015,12627,0.635830
86,86009,35320,1.778530
87,87011,53773,2.707727
88,88012,30903,1.556114
89,89016,12643,0.636635
90,90011,35528,1.789004
91,91013,53661,2.702087
92,92014,30855,1.553696
93,93015,12595,0.634218
94,94009,35448,1.784976
95,95011,53869,2.712561
96,96013,30919,1.556919
97,97013,12547,0.631801
98,98015,35576,1.791421
99,99009,53709,2.704504
100,100011,30951,1.558531
101,101012,12643,0.636635
102,102013,35496,1.787393
103,103015,53725,2.705310
104,104009,31095,1.565782
105,105010,12531,0.630996
106,106010,35336,1.779336
107,107012,53757,2.706921
108,108013,30871,1.554502
109,109015,12675,0.638247
110,110009,35336,1.779336
111,111010,53757,2.706921
112,112012,30919,1.556919
113,113012,12611,0.635024
114,114013,35512,1.788199
115,115015,53773,2.707727
116,116009,31015,1.561753
117,117010,12659,0.637441
118,118012,35480,1.786587
119,119014,53645,2.701282
120,120009,31047,1.563365
121,121009,12611,0.635024
122,122012,35496,1.787393
123,123014,53629,2.700476
124,124015,30855,1.553696
125,125009,12739,0.641469
126,126011,35432,1.784170
127,127013,53693,2.703699
128,128014,30839,1.552891
129,129010,12627,0.635830
130,130014,35512,1.788199
131,131016,53789,2.708533
132,132010,30935,1.557725
133,133012,12643,0.636635
134,134013,35496,1.787393
135,135008,53709,2.704504
136,136009,31015,1.561753
137,137009,12611,0.635024
138,138011,35400,1.782559
139,139012,53709,2.704504
140,140014,30855,1.553696
141,141015,12611,0.635024
142,142009,35368,1.780948
143,143011,53773,2.707727
144,144013,30871,1.554502
145,145015,12627,0.635830
146,146009,35368,1.780948
147,147010,53725,2.705310
148,148012,30919,1.556919
149,149012,12627,0.635830
150,150013,35496,1.787393
151,151015,53741,2.706116
152,152010,30967,1.559336
153,153012,12627,0.635830
154,154009,35336,1.779336
155,155011,53757,2.706921
156,156013,30855,1.553696
157,157014,12611,0.635024
158,158015,35560,1.790616
159,159009,53805,2.709338
160,160011,30935,1.557725
161,161012,12611,0.635024
162,162015,35560,1.790616
163,163009,53741,2.706116
164,164011,30967,1.559336
165,165012,12627,0.635830
166,166013,35480,1.786587
167,167016,53709,2.704504
168,168009,31015,1.561753
169,169012,12627,0.635830
170,170014,35528,1.789004
171,171015,53709,2.704504
172,172016,30791,1.550474
173,173009,12627,0.635830
174,174010,35400,1.782559
175,175011,53709,2.704504
176,176013,30887,1.555308
177,177010,12563,0.632607
178,178012,35480,1.786587
179,179013,53725,2.705310
180,180014,30855,1.553696
181,181015,12611,0.635024
182,182009,35416,1.783364
183,183011,53741,2.706116
184,184013,30919,1.556919
185,185015,12643,0.636635
186,186010,35352,1.780142
187,187013,53773,2.707727
188,188014,30823,1.552085
189,189015,12627,0.635830
190,190009,35336,1.779336
191,191011,53837,2.710950
192,192013,30871,1.554502
193,193015,12627,0.635830
194,194011,35400,1.782559
195,195012,53773,2.707727
196,196014,30887,1.555308
197,197015,12499,0.629384
198,198009,35352,1.780142
199,199010,53805,2.709338
200,200012,30919,1.556919
201,201014,12643,0.636635
202,202012,35416,1.783364
203,203014,53805,2.709338
204,204015,30807,1.551279
205,205016,12643,0.636635
206,206009,35320,1.778530
207,207010,53741,2.706116
208,208012,30903,1.556114
209,209015,12611,0.635024
210,210009,35256,1.775308
211,211010,53773,2.707727
212,212012,30919,1.556919
213,213013,12611,0.635024
214,214015,35512,1.788199
215,215008,53821,2.710144
216,216010,31015,1.561753
217,217015,12627,0.635830
218,218011,35432,1.784170
219,219012,53693,2.703699
220,220014,30807,1.551279
221,221015,12611,0.635024
222,222010,35368,1.780948
223,223011,53709,2.704504
224,224012,30951,1.558531
225,225015,12611,0.635024
226,226010,35336,1.779336
227,227011,53693,2.703699
228,228013,30967,1.559336
229,229014,12675,0.638247
230,230015,35576,1.791421
231,231009,53757,2.706921
232,232011,30903,1.556114
233,233014,12611,0.635024
234,234009,35384,1.781753
235,235011,53581,2.698059
236,236012,30903,1.556114
237,237013,12611,0.635024
238,238015,35480,1.786587
239,239009,53741,2.706116
240,240011,30935,1.557725
241,241009,12611,0.635024
242,242011,35384,1.781753
243,243012,53709,2.704504
244,244013,30855,1.553696
245,245015,12595,0.634218
246,246009,35288,1.776919
247,247010,53741,2.706116
248,248012,30919,1.556919
249,249011,12595,0.634218
250,250012,35560,1.790616
251,251014,53757,2.706921
252,252015,30823,1.552085
253,253009,12611,0.635024
254,254010,35432,1.784170
255,255012,53757,2.706921
256,256013,30887,1.555308
257,257011,12627,0.635830
258,258014,35528,1.789004
259,259009,53757,2.706921
260,260011,31015,1.561753
261,261012,12771,0.643081
262,262014,35496,1.787393
263,263014,53741,2.706116
264,264010,31031,1.562559
265,265008,12611,0.635024
266,266011,35400,1.782559
267,267013,53741,2.706116
268,268014,30855,1.553696
269,269008,12611,0.635024
270,270009,35384,1.781753
271,271012,53789,2.708533
272,272013,30887,1.555308
273,273011,12627,0.635830
274,274012,35464,1.785782
275,275014,53709,2.704504
276,276015,30807,1.551279
277,277010,12659,0.637441
278,278011,35432,1.784170
279,279012,53645,2.701282
280,280014,30839,1.552891
281,281012,12595,0.634218
282,282014,35512,1.788199
283,283016,53741,2.706116
284,284009,30983,1.560142
285,285011,12611,0.635024
286,286012,35416,1.783364
287,287014,53709,2.704504
288,288015,30839,1.552891
289,289015,12627,0.635830
290,290011,35384,1.781753
291,291012,53741,2.706116
292,292013,30807,1.551279
293,293014,12611,0.635024
294,294009,35336,1.779336
295,295010,53805,2.709338
296,296012,30951,1.558531
297,297010,12563,0.632607
298,298012,35496,1.787393
299,299013,53757,2.706921
300,300014,30855,1.553696
301,301009,12595,0.634218
302,302011,35400,1.782559
303,303013,53757,2.706921
304,304014,30839,1.552891
305,305014,12627,0.635830
306,306010,35400,1.782559
307,307011,53725,2.705310
308,308012,30919,1.556919
309,309014,12627,0.635830
310,310014,35448,1.784976
311,311009,53725,2.705310
312,312011,30935,1.557725
313,313011,12643,0.636635
314,314013,35432,1.784170
315,315015,53725,2.705310
316,316008,31095,1.565782
317,317009,12563,0.632607
318,318011,35416,1.783364
319,319013,53693,2.703699
320,320015,30839,1.552891
321,321014,12627,0.635830
322,322010,35384,1.781753
323,323012,53757,2.706921
324,324013,30887,1.555308
325,325014,12627,0.635830
326,326016,35544,1.789810
327,327009,53741,2.706116
328,328010,30951,1.558531
329,329010,12627,0.635830
330,330012,35384,1.781753
331,331013,53725,2.705310
332,332015,30807,1.551279
333,333008,12595,0.634218
334,334009,35336,1.779336
335,335011,53725,2.705310
336,336012,30887,1.555308
337,337012,12595,0.634218
338,338014,35496,1.787393
339,339015,53773,2.707727
340,340009,30999,1.560948
341,341010,12611,0.635024
342,342012,35464,1.785782
343,343013,53725,2.705310
344,344014,30951,1.558531
345,345016,12611,0.635024
346,346013,35464,1.785782
347,347009,53741,2.706116
348,348011,31047,1.563365
349,349011,12643,0.636635
350,350012,35400,1.782559
351,351014,53757,2.706921
352,352015,30791,1.550474
353,353015,12627,0.635830
354,354009,35384,1.781753
355,355010,53773,2.707727
356,356012,30903,1.556114
357,357013,12627,0.635830
358,358014,35496,1.787393
359,359015,53773,2.707727
360,360009,30967,1.559336
361,361010,12611,0.635024
362,362013,35448,1.784976
363,363014,53693,2.703699
364,364015,30807,1.551279
365,365009,12611,0.635024
366,366010,35336,1.779336
367,367011,53725,2.705310
368,368013,30887,1.555308
369,369013,12675,0.638247
370,370009,35352,1.780142
371,371011,53789,2.708533
372,372013,30935,1.557725
373,373014,12515,0.630190
374,374016,35528,1.789004
375,375009,53773,2.707727
376,376011,31079,1.564976
377,377013,12691,0.639052
378,378009,35336,1.779336
379,379010,53741,2.706116
380,380012,31111,1.566587
381,381013,12595,0.634218
382,382015,35544,1.789810
383,383009,53709,2.704504
384,384010,31031,1.562559
385,385013,12579,0.633413
386,386015,35576,1.791421
387,387008,53789,2.708533
388,388010,30999,1.560948
389,389011,12595,0.634218
390,390012,35464,1.785782
391,391013,53773,2.707727
392,392015,30775,1.549668
393,393010,12595,0.634218
394,394012,35432,1.784170
395,395014,53741,2.706116
396,396015,30903,1.556114
397,397009,12595,0.634218
398,398010,35496,1.787393
399,399012,53709,2.704504
400,400013,30919,1.556919
401,401016,12611,0.635024
402,402011,35304,1.777725
403,403012,53725,2.705310
404,404014,30855,1.553696
405,405015,12611,0.635024
406,406008,35368,1.780948
407,407010,53709,2.704504
408,408011,31015,1.561753
409,409012,12627,0.635830
410,410009,35320,1.778530
411,411010,53757,2.706921
412,412012,30951,1.558531
413,413014,12595,0.634218
414,414009,35336,1.779336
415,415010,53725,2.705310
416,416012,30983,1.560142
417,417014,12611,0.635024
418,418009,35288,1.776919
419,419010,53709,2.704504
420,420011,30919,1.556919
421,421012,12627,0.635830
422,422014,35560,1.790616
423,423016,53741,2.706116
424,424010,30999,1.560948
425,425013,12611,0.635024
426,426009,35384,1.781753
427,427010,53773,2.707727
428,428012,30903,1.556114
429,429013,12595,0.634218
430,430015,35512,1.788199
431,431009,53725,2.705310
432,432011,31047,1.563365
433,433014,12611,0.635024
434,434009,35288,1.776919
435,435010,53709,2.704504
436,436012,30935,1.557725
437,437013,12595,0.634218
438,438015,35624,1.793838
439,439009,53709,2.704504
440,440011,30951,1.558531
441,441015,12659,0.637441
442,442010,35368,1.780948
443,443011,53725,2.705310
444,444013,30983,1.560142
445,445015,12627,0.635830
446,446009,35352,1.780142
447,447010,53757,2.706921
448,448013,30903,1.556114
449,449009,12627,0.635830
450,450013,35416,1.783364
451,451014,53805,2.709338
452,452015,30791,1.550474
453,453009,12467,0.627773
454,454011,35368,1.780948
455,455011,53757,2.706921
456,456013,30999,1.560948
457,457009,12675,0.638247
458,458013,35496,1.787393
459,459014,53709,2.704504
460,460015,30823,1.552085
461,461010,12595,0.634218
462,462010,35416,1.783364
463,463012,53709,2.704504
464,464013,30871,1.554502
465,465011,12451,0.626967
466,466012,35480,1.786587
467,467014,53725,2.705310
468,468008,30999,1.560948
469,469010,12579,0.633413
470,470012,35464,1.785782
471,471013,53741,2.706116
472,472015,30823,1.552085
473,473012,12675,0.638247
474,474015,35560,1.790616
475,475009,53725,2.705310
476,476010,30935,1.557725
477,477012,12579,0.633413
478,478013,35512,1.788199
479,479014,53741,2.706116
480,480009,31031,1.562559
481,481012,12595,0.634218
482,482013,35512,1.788199
483,483014,53741,2.706116
484,484015,30807,1.551279
485,485010,12595,0.634218
486,486011,35384,1.781753
487,487012,53677,2.702893
488,488013,30871,1.554502
489,489010,12595,0.634218
490,490014,35480,1.786587
491,491009,53709,2.704504
492,492011,30983,1.560142
493,493012,12643,0.636635
494,494013,35480,1.786587
495,495014,53725,2.705310
496,496009,31047,1.563365
497,497015,12611,0.635024
498,498011,35432,1.784170
499,499012,53725,2.705310
500,500013,30887,1.555308
501,501015,12627,0.635830
502,502009,35352,1.780142
503,503010,53773,2.707727
504,504012,30903,1.556114
505,505011,12691,0.639052
506,506015,35560,1.790616
507,507008,53757,2.706921
508,508010,30983,1.560142
509,509011,12611,0.635024
510,510013,35464,1.785782
511,511014,53757,2.706921
512,512008,31095,1.565782
513,513014,12611,0.635024
514,514010,35368,1.780948
515,515011,53725,2.705310
516,516013,30919,1.556919
517,517015,12611,0.635024
518,518009,35368,1.780948
519,519010,53693,2.703699
520,520011,30967,1.559336
521,521010,12579,0.633413
522,522011,35448,1.784976
523,523014,53709,2.704504
524,524015,30807,1.551279
525,525009,12675,0.638247
526,526010,35352,1.780142
527,527012,53677,2.702893
528,528014,30871,1.554502
529,529013,12595,0.634218
530,530008,35336,1.779336
531,531009,53709,2.704504
532,532011,30967,1.559336
533,533013,12627,0.635830
534,534013,35480,1.786587
535,535015,53757,2.706921
536,536009,31047,1.563365
537,537016,12611,0.635024
538,538010,35336,1.779336
539,539011,53741,2.706116
540,540012,30887,1.555308
541,541014,12611,0.635024
542,542015,35544,1.789810
543,543009,53741,2.706116
544,544010,31031,1.562559
545,545009,12515,0.630190
546,546011,35496,1.787393
547,547012,53709,2.704504
548,548013,30887,1.555308
549,549015,12643,0.636635
550,550009,35320,1.778530
551,551011,53709,2.704504
552,552012,30919,1.556919
553,553010,12611,0.635024
554,554013,35464,1.785782
555,555015,53757,2.706921
556,556009,31047,1.563365
557,557011,12595,0.634218
558,558013,35400,1.782559
559,559014,53741,2.706116
560,560009,31079,1.564976
561,561008,12595,0.634218
562,562012,35448,1.784976
563,563013,53709,2.704504
564,564014,30823,1.552085
565,565015,12643,0.636635
566,566009,35352,1.780142
567,567010,53725,2.705310
568,568011,30999,1.560948
569,569012,12627,0.635830
570,570009,35336,1.779336
571,571010,53741,2.706116
572,572011,30951,1.558531
573,573013,12627,0.635830
574,574015,35592,1.792227
575,575009,53757,2.706921
576,576009,31031,1.562559
577,577010,12595,0.634218
578,578012,35448,1.784976
579,579013,53725,2.705310
580,580014,30839,1.552891
581,581008,12611,0.635024
582,582009,35384,1.781753
583,583010,53725,2.705310
584,584011,30951,1.558531
585,585012,12627,0.635830
586,586009,35448,1.784976
587,587011,53773,2.707727
588,588012,31047,1.563365
589,589014,12579,0.633413
590,590015,35624,1.793838
591,591010,53725,2.705310
592,592012,30919,1.556919
593,593013,12643,0.636635
594,594009,35448,1.784976
595,595011,53773,2.707727
596,596013,30903,1.556114
597,597014,12659,0.637441
598,598016,35576,1.791421
599,599010,53725,2.705310
600,600012,30903,1.556114
601,601012,12627,0.635830
602,602015,35544,1.789810
603,603009,53773,2.707727
604,604010,31047,1.563365
605,605012,12595,0.634218
606,606013,35512,1.788199
607,607014,53725,2.705310
608,608009,31015,1.561753
609,609009,12579,0.633413
610,610012,35400,1.782559
611,611013,53725,2.705310
612,612015,30887,1.555308
613,613009,12595,0.634218
614,614011,35400,1.782559
615,615011,53757,2.706921
616,616013,30743,1.548057
617,617015,12547,0.631801
618,618009,35400,1.782559
619,619010,53725,2.705310
620,620011,30983,1.560142
621,621013,12627,0.635830
622,622014,35464,1.785782
623,623015,53693,2.703699
624,624010,31015,1.561753
625,625011,12611,0.635024
626,626013,35480,1.786587
627,627014,53693,2.703699
628,628009,31095,1.565782
629,629010,12595,0.634218
630,630012,35464,1.785782
631,631013,53741,2.706116
632,632015,30871,1.554502
633,633011,12627,0.635830
634,634014,35528,1.789004
635,635009,53677,2.702893
636,636010,30983,1.560142
637,637011,12691,0.639052
638,638013,35480,1.786587
639,639014,53693,2.703699
640,640015,30791,1.550474
641,641011,12563,0.632607
642,642013,35448,1.784976
643,643015,53741,2.706116
644,644010,30983,1.560142
645,645011,12611,0.635024
646,646013,35672,1.796255
647,647015,53693,2.703699
648,648009,31031,1.562559
649,649013,12611,0.635024
650,650015,35560,1.790616
651,651009,53709,2.704504
652,652012,30935,1.557725
653,653013,12611,0.635024
654,654015,35528,1.789004
655,655009,53741,2.706116
656,656010,30999,1.560948
657,657014,12563,0.632607
658,658016,35560,1.790616
659,659010,53741,2.706116
660,660011,31031,1.562559
661,661012,12627,0.635830
662,662013,35432,1.784170
663,663015,53677,2.702893
664,664009,31079,1.564976
665,665012,12611,0.635024
666,666009,35336,1.779336
667,667011,53661,2.702087
668,668012,30903,1.556114
669,669013,12595,0.634218
670,670015,35720,1.798672
671,671016,53805,2.709338
672,672009,30855,1.553696
673,673013,12611,0.635024
674,674008,35288,1.776919
675,675011,53741,2.706116
676,676013,30919,1.556919
677,677014,12483,0.628579
678,678015,35496,1.787393
679,679009,53757,2.706921
680,680010,30999,1.560948
681,681014,12611,0.635024
682,682009,35368,1.780948
683,683010,53677,2.702893
684,684011,30999,1.560948
685,685012,12595,0.634218
686,686013,35480,1.786587
687,687014,53757,2.706921
688,688008,31111,1.566587
689,689013,12691,0.639052
690,690015,35496,1.787393
691,691009,53773,2.707727
692,692010,31143,1.568199
693,693011,12611,0.635024
694,694013,35528,1.789004
695,695015,53933,2.715784
696,696009,31031,1.562559
697,697014,12611,0.635024
698,698009,35352,1.780142
699,699013,53773,2.707727
700,700009,30999,1.560948
701,701011,12595,0.634218
702,702013,35384,1.781753
703,703013,53581,2.698059
704,704015,30807,1.551279
705,705012,12675,0.638247
706,706008,35288,1.776919
707,707010,53821,2.710144
708,708012,30967,1.559336
709,709013,12627,0.635830
710,710014,35448,1.784976
711,711009,53677,2.702893
712,712010,31015,1.561753
713,713009,12611,0.635024
714,714013,35528,1.789004
715,715014,53725,2.705310
716,716008,31095,1.565782
717,717010,12595,0.634218
718,718011,35400,1.782559
719,719012,53661,2.702087
720,720013,30919,1.556919
721,721011,12595,0.634218
722,722015,35544,1.789810
723,723010,53757,2.706921
724,724011,30983,1.560142
725,725012,12691,0.639052
726,726013,35480,1.786587
727,727014,53709,2.704504
728,728008,31031,1.562559
729,729014,12579,0.633413
730,730008,35320,1.778530
731,731010,53725,2.705310
732,732011,30999,1.560948
733,733013,12627,0.635830
734,734014,35512,1.788199
735,735015,53725,2.705310
736,736010,31127,1.567393
737,737015,12643,0.636635
738,738012,35432,1.784170
739,739014,53757,2.706921
740,740015,30823,1.552085
741,741008,12611,0.635024
742,742010,35320,1.778530
743,743011,53693,2.703699
744,744012,31015,1.561753
745,745011,12595,0.634218
746,746015,35624,1.793838
747,747008,53709,2.704504
748,748010,30983,1.560142
749,749011,12611,0.635024
750,750013,35496,1.787393
751,751014,53757,2.706921
752,752008,31047,1.563365
753,753015,12563,0.632607
754,754009,35336,1.779336
755,755010,53725,2.705310
756,756012,30919,1.556919
757,757013,12595,0.634218
758,758015,35496,1.787393
759,759015,53725,2.705310
760,760009,31031,1.562559
761,761009,12627,0.635830
762,762015,35464,1.785782
763,763009,53725,2.705310
764,764010,31015,1.561753
765,765012,12579,0.633413
766,766013,35464,1.785782
767,767014,53709,2.704504
768,768015,30775,1.549668
769,769016,12675,0.638247
770,770012,35416,1.783364
771,771013,53725,2.705310
772,772014,30871,1.554502
773,773008,12595,0.634218
774,774010,35384,1.781753
775,775012,53693,2.703699
776,776013,30903,1.556114
777,777013,12643,0.636635
778,778011,35432,1.784170
779,779013,53741,2.706116
780,780015,30887,1.555308
781,781008,12595,0.634218
782,782010,35336,1.779336
783,783010,53757,2.706921
784,784012,30935,1.557725
785,785012,12611,0.635024
786,786013,35432,1.784170
787,787015,53709,2.704504
788,788009,31015,1.561753
789,789009,12595,0.634218
790,790011,35400,1.782559
791,791012,53677,2.702893
792,792014,30887,1.555308
793,793014,12675,0.638247
794,794009,35336,1.779336
795,795011,53741,2.706116
796,796012,30871,1.554502
797,797013,12579,0.633413
798,798015,35528,1.789004
799,799009,53789,2.708533
800,800011,30935,1.557725
801,801012,12611,0.635024
802,802016,35576,1.791421
803,803010,53741,2.706116
804,804011,30967,1.559336
805,805012,12579,0.633413
806,806013,35464,1.785782
807,807014,53725,2.705310
808,808015,30855,1.553696
809,809009,12595,0.634218
810,810011,35416,1.783364
811,811012,53693,2.703699
812,812014,30919,1.556919
813,813008,12627,0.635830
814,814009,35352,1.780142
815,815011,53773,2.707727
816,816011,30983,1.560142
817,817012,12595,0.634218
818,818014,35480,1.786587
819,819010,53709,2.704504
820,820011,30999,1.560948
821,821012,12659,0.637441
822,822014,35512,1.788199
823,823016,53693,2.703699
824,824010,31047,1.563365
825,825011,12643,0.636635
826,826015,35512,1.788199
827,827009,53741,2.706116
828,828010,31031,1.562559
829,829012,12627,0.635830
830,830012,35416,1.783364
831,831013,53725,2.705310
832,832015,30887,1.555308
833,833009,12595,0.634218
834,834011,35464,1.785782
835,835014,53709,2.704504
836,836015,30727,1.547251
837,837008,12595,0.634218
838,838010,35384,1.781753
839,839011,53693,2.703699
840,840013,30935,1.557725
841,841009,12611,0.635024
842,842012,35448,1.784976
843,843014,53789,2.708533
844,844015,30823,1.552085
845,845009,12595,0.634218
846,846010,35352,1.780142
847,847012,53709,2.704504
848,848013,30903,1.556114
849,849015,12595,0.634218
850,850010,35384,1.781753
851,851012,53693,2.703699
852,852012,30919,1.556919
853,853015,12611,0.635024
854,854009,35336,1.779336
855,855010,53805,2.709338
856,856012,30983,1.560142
857,857015,12611,0.635024
858,858010,35352,1.780142
859,859011,53757,2.706921
860,860013,30999,1.560948
861,861014,12691,0.639052
862,862015,35496,1.787393
863,863009,53693,2.703699
864,864010,31031,1.562559
865,865013,12643,0.636635
866,866014,35480,1.786587
867,867015,53709,2.704504
868,868009,31079,1.564976
869,869010,12563,0.632607
870,870012,35448,1.784976
871,871013,53693,2.703699
872,872015,30775,1.549668
873,873011,12643,0.636635
874,874015,35576,1.791421
875,875009,53789,2.708533
876,876010,31031,1.562559
877,877012,12595,0.634218
878,878013,35496,1.787393
879,879015,53725,2.705310
880,880008,31095,1.565782
881,881012,12611,0.635024
882,882014,35592,1.792227
883,883015,53677,2.702893
884,884009,31079,1.564976
885,885010,12643,0.636635
886,886012,35528,1.789004
887,887013,53757,2.706921
888,888014,30887,1.555308
889,889011,12611,0.635024
890,890014,35528,1.789004
891,891009,53709,2.704504
892,892010,30999,1.560948
893,893011,12675,0.638247
894,894013,35464,1.785782
895,895014,53741,2.706116
896,896009,31047,1.563365
897,897012,12643,0.636635
898,898009,35304,1.777725
899,899010,53773,2.707727
900,900012,30935,1.557725
901,901013,12611,0.635024
902,902014,35464,1.785782
903,903008,53709,2.704504
904,904010,31047,1.563365
905,905014,12675,0.638247
906,906010,35384,1.781753
907,907012,53677,2.702893
908,908013,30855,1.553696
909,909015,12659,0.637441
910,910009,35368,1.780948
911,911009,53725,2.705310
912,912011,31031,1.562559
913,913015,12611,0.635024
914,914011,35432,1.784170
915,915013,53725,2.705310
916,916015,30855,1.553696
917,917009,12595,0.634218
918,918010,35384,1.781753
919,919012,53789,2.708533
920,920013,30919,1.556919
921,921009,12611,0.635024
922,922012,35400,1.782559
923,923013,53693,2.703699
924,924015,30871,1.554502
925,925009,12595,0.634218
926,926010,35352,1.780142
927,927011,53805,2.709338
928,928012,30967,1.559336
929,929010,12595,0.634218
930,930012,35432,1.784170
931,931013,53709,2.704504
932,932015,30903,1.556114
933,933008,12595,0.634218
934,934011,35400,1.782559
935,935012,53757,2.706921
936,936014,30887,1.555308
937,937012,12627,0.635830
938,938013,35464,1.785782
939,939014,53725,2.705310
940,940016,30839,1.552891
941,941009,12643,0.636635
942,942010,35352,1.780142
943,943012,53773,2.707727
944,944013,30951,1.558531
945,945011,12579,0.633413
946,946012,35432,1.784170
947,947014,53709,2.704504
948,948015,30871,1.554502
949,949008,12579,0.633413
950,950009,35336,1.779336
951,951011,53709,2.704504
952,952013,30935,1.557725
953,953010,12611,0.635024
954,954013,35432,1.784170
955,955015,53677,2.702893
956,956009,31079,1.564976
957,957010,12595,0.634218
958,958011,35352,1.780142
959,959012,53773,2.707727
960,960014,30887,1.555308
961,961011,12595,0.634218
962,962012,35480,1.786587
963,963014,53709,2.704504
964,964016,30807,1.551279
965,965010,12595,0.634218
966,966011,35400,1.782559
967,967013,53773,2.707727
968,968014,30871,1.554502
969,969012,12643,0.636635
970,970015,35544,1.789810
971,971008,53725,2.705310
972,972009,31063,1.564170
973,973011,12611,0.635024
974,974012,35384,1.781753
975,975013,53725,2.705310
976,976015,30935,1.557725
977,977014,12579,0.633413
978,978015,35464,1.785782
979,979009,53725,2.705310
980,980011,30967,1.559336
981,981011,12627,0.635830
982,982013,35432,1.784170
983,983015,53741,2.706116
984,984009,31079,1.564976
985,985015,12659,0.637441
986,986011,35384,1.781753
987,987012,53789,2.708533
988,988014,30903,1.556114
989,989016,12611,0.635024
990,990010,35352,1.780142
991,991012,53773,2.707727
992,992013,30935,1.557725
993,993012,12595,0.634218
994,994014,35496,1.787393
995,995009,53789,2.708533
996,996010,30983,1.560142
997,997012,12611,0.635024
998,998014,35448,1.784976
999,999014,53645,2.701282
1000,1000008,31159,1.569004
1001,1001015,12611,0.635024
1002,1002010,35336,1.779336
1003,1003011,53741,2.706116
1004,1004013,30919,1.556919
1005,1005015,12595,0.634218
1006,1006010,35352,1.780142
1007,1007012,53725,2.705310
1008,1008012,30935,1.557725
1009,1009012,12675,0.638247
1010,1010015,35448,1.784976
1011,1011009,53725,2.705310
1012,1012011,30887,1.555308
1013,1013012,12611,0.635024
1014,1014013,35464,1.785782
1015,1015015,53725,2.705310
1016,1016009,31031,1.562559
1017,1017010,12611,0.635024
1018,1018011,35320,1.778530
1019,1019012,53757,2.706921
1020,1020014,30951,1.558531
1021,1021015,12643,0.636635
1022,1022009,35240,1.774502
1023,1023010,53725,2.705310
1024,1024012,30983,1.560142
1025,1025012,12595,0.634218
1026,1026009,35368,1.780948
1027,1027011,53757,2.706921
1028,1028013,30903,1.556114
1029,1029014,12643,0.636635
1030,1030015,35416,1.783364
1031,1031009,53709,2.704504
1032,1032010,31031,1.562559
1033,1033011,12643,0.636635
1034,1034015,35320,1.778530
1035,1035010,53805,2.709338
1036,1036011,30935,1.557725
1037,1037013,12643,0.636635
1038,1038014,35512,1.788199
1039,1039016,53709,2.704504
1040,1040010,31047,1.563365
1041,1041012,12611,0.635024
1042,1042014,35512,1.788199
1043,1043009,53741,2.706116
1044,1044010,31047,1.563365
1045,1045011,12611,0.635024
1046,1046013,35384,1.781753
1047,1047014,53789,2.708533
1048,1048015,30823,1.552085
1049,1049009,12611,0.635024
1050,1050011,35384,1.781753
1051,1051013,53741,2.706116
1052,1052014,30855,1.553696
1053,1053015,12691,0.639052
1054,1054009,35320,1.778530
1055,1055010,53693,2.703699
1056,1056012,30983,1.560142
1057,1057012,12627,0.635830
1058,1058015,35544,1.789810
1059,1059016,53741,2.706116
1060,1060010,31015,1.561753
1061,1061012,12643,0.636635
1062,1062014,35384,1.781753
1063,1063014,53741,2.706116
1064,1064008,31063,1.564170
1065,1065011,12595,0.634218
1066,1066014,35528,1.789004
1067,1067008,53757,2.706921
1068,1068010,31015,1.561753
1069,1069011,12659,0.637441
1070,1070012,35400,1.782559
1071,1071013,53741,2.706116
1072,1072015,30903,1.556114
1073,1073008,12611,0.635024
1074,1074012,35400,1.782559
1075,1075014,53837,2.710950
1076,1076009,31079,1.564976
1077,1077010,12627,0.635830
1078,1078012,35368,1.780948
1079,1079013,53645,2.701282
1080,1080014,30887,1.555308
1081,1081009,12611,0.635024
1082,1082012,35432,1.784170
1083,1083013,53693,2.703699
1084,1084008,31095,1.565782
1085,1085009,12611,0.635024
1086,1086011,35400,1.782559
1087,1087012,53725,2.705310
1088,1088013,30983,1.560142
1089,1089009,12611,0.635024
1090,1090011,35416,1.783364
1091,1091012,53741,2.706116
1092,1092014,30919,1.556919
1093,1093009,12611,0.635024
1094,1094010,35352,1.780142
1095,1095012,53725,2.705310
1096,1096013,30935,1.557725
1097,1097009,12579,0.633413
1098,1098011,35400,1.782559
1099,1099014,53693,2.703699
1100,1100015,30887,1.555308
1101,1101009,12627,0.635830
1102,1102010,35384,1.781753
1103,1103013,53661,2.702087
1104,1104014,30855,1.553696
1105,1105010,12611,0.635024
1106,1106012,35448,1.784976
1107,1107013,53725,2.705310
1108,1108015,30887,1.555308
1109,1109009,12595,0.634218
1110,1110010,35288,1.776919
1111,1111011,53741,2.706116
1112,1112012,30967,1.559336
1113,1113009,12627,0.635830
1114,1114012,35432,1.784170
1115,1115014,53709,2.704504
1116,1116015,30775,1.549668
1117,1117010,12627,0.635830
1118,1118011,35464,1.785782
1119,1119012,53773,2.707727
1120,1120014,30887,1.555308
1121,1121010,12611,0.635024
1122,1122014,35480,1.786587
1123,1123016,53693,2.703699
1124,1124010,31031,1.562559
1125,1125011,12627,0.635830
1126,1126013,35448,1.784976
1127,1127014,53725,2.705310
1128,1128009,31079,1.564976
1129,1129012,12563,0.632607
1130,1130014,35416,1.783364
1131,1131016,53709,2.704504
1132,1132009,31063,1.564170
1133,1133010,12595,0.634218
1134,1134011,35336,1.779336
1135,1135012,53645,2.701282
1136,1136013,30919,1.556919
1137,1137009,12595,0.634218
1138,1138012,35416,1.783364
1139,1139014,53773,2.707727
1140,1140015,30871,1.554502
1141,1141009,12611,0.635024
1142,1142010,35288,1.776919
1143,1143012,53757,2.706921
1144,1144014,30951,1.558531
1145,1145010,12595,0.634218
1146,1146012,35352,1.780142
1147,1147014,53757,2.706921
1148,1148015,30887,1.555308
1149,1149009,12595,0.634218
1150,1150010,35336,1.779336
1151,1151012,53709,2.704504
1152,1152014,30919,1.556919
1153,1153011,12611,0.635024
1154,1154013,35432,1.784170
1155,1155015,53629,2.700476
1156,1156008,31095,1.565782
1157,1157010,12595,0.634218
1158,1158011,35368,1.780948
1159,1159012,53709,2.704504
1160,1160014,30871,1.554502
1161,1161011,12611,0.635024
1162,1162015,35496,1.787393
1163,1163009,53693,2.703699
1164,1164010,30983,1.560142
1165,1165012,12627,0.635830
1166,1166013,35480,1.786587
1167,1167015,53709,2.704504
1168,1168009,31031,1.562559
1169,1169013,12595,0.634218
1170,1170015,35560,1.790616
1171,1171009,53805,2.709338
1172,1172010,31015,1.561753
1173,1173012,12627,0.635830
1174,1174014,35432,1.784170
1175,1175015,53725,2.705310
1176,1176009,31079,1.564976
1177,1177015,12627,0.635830
1178,1178011,35400,1.782559
1179,1179013,53741,2.706116
1180,1180015,30855,1.553696
1181,1181009,12595,0.634218
1182,1182009,35416,1.783364
1183,1183011,53757,2.706921
1184,1184013,30967,1.559336
1185,1185010,12595,0.634218
1186,1186013,35400,1.782559
1187,1187014,53741,2.706116
1188,1188015,30887,1.555308
1189,1189009,12595,0.634218
1190,1190011,35336,1.779336
1191,1191013,53773,2.707727
1192,1192014,30887,1.555308
1193,1193012,12659,0.637441
1194,1194010,35400,1.782559
1195,1195011,53725,2.705310
1196,1196013,30983,1.560142
1197,1197014,12627,0.635830
1198,1198009,35272,1.776114
1199,1199009,53741,2.706116
1200,1200011,30999,1.560948
1201,1201011,12611,0.635024
1202,1202014,35464,1.785782
1203,1203015,53709,2.704504
1204,1204010,31031,1.562559
1205,1205010,12611,0.635024
1206,1206012,35416,1.783364
1207,1207014,53661,2.702087
1208,1208015,30887,1.555308
1209,1209015,12707,0.639858
1210,1210010,35352,1.780142
1211,1211012,53709,2.704504
1212,1212014,30919,1.556919
1213,1213015,12627,0.635830
1214,1214010,35320,1.778530
1215,1215012,53645,2.701282
1216,1216013,30967,1.559336
1217,1217013,12611,0.635024
1218,1218015,35512,1.788199
1219,1219010,53725,2.705310
1220,1220012,31111,1.566587
1221,1221013,12675,0.638247
1222,1222014,35512,1.788199
1223,1223015,53741,2.706116
1224,1224009,31079,1.564976
1225,1225009,12595,0.634218
1226,1226010,35336,1.779336
1227,1227012,53581,2.698059
1228,1228014,30919,1.556919
1229,1229015,12627,0.635830
1230,1230009,35320,1.778530
1231,1231011,53693,2.703699
1232,1232012,30983,1.560142
1233,1233012,12611,0.635024
1234,1234014,35448,1.784976
1235,1235009,53853,2.711756
1236,1236010,31095,1.565782
1237,1237012,12643,0.636635
1238,1238014,35432,1.784170
1239,1239015,53741,2.706116
1240,1240008,31111,1.566587
1241,1241008,12627,0.635830
1242,1242010,35352,1.780142
1243,1243013,53757,2.706921
1244,1244014,30823,1.552085
1245,1245016,12611,0.635024
1246,1246010,35320,1.778530
1247,1247011,53725,2.705310
1248,1248013,30935,1.557725
1249,1249013,12627,0.635830
1250,1250015,35544,1.789810
1251,1251009,53741,2.706116
1252,1252011,31015,1.561753
1253,1253012,12643,0.636635
1254,1254013,35448,1.784976
1255,1255015,53709,2.704504
1256,1256009,31063,1.564170
1257,1257010,12611,0.635024
1258,1258014,35464,1.785782
1259,1259008,53757,2.706921
1260,1260010,31047,1.563365
1261,1261012,12563,0.632607
1262,1262013,35448,1.784976
1263,1263014,53677,2.702893
1264,1264008,31063,1.564170
1265,1265009,12611,0.635024
1266,1266012,35352,1.780142
1267,1267014,53757,2.706921
1268,1268014,30919,1.556919
1269,1269015,12627,0.635830
1270,1270009,35336,1.779336
1271,1271010,53709,2.704504
1272,1272012,30967,1.559336
1273,1273012,12611,0.635024
1274,1274014,35416,1.783364
1275,1275015,53741,2.706116
1276,1276009,31047,1.563365
1277,1277011,12611,0.635024
1278,1278012,35384,1.781753
1279,1279013,53693,2.703699
1280,1280014,30887,1.555308
1281,1281009,12595,0.634218
1282,1282012,35384,1.781753
1283,1283013,53693,2.703699
1284,1284014,30951,1.558531
1285,1285015,12691,0.639052
1286,1286010,35288,1.776919
1287,1287012,53741,2.706116
1288,1288013,30951,1.558531
1289,1289014,12675,0.638247
1290,1290010,35352,1.780142
1291,1291011,53693,2.703699
1292,1292013,30967,1.559336
1293,1293014,12627,0.635830
1294,1294008,35304,1.777725
1295,1295010,53709,2.704504
1296,1296011,31015,1.561753
1297,1297014,12707,0.639858
1298,1298009,35336,1.779336
1299,1299010,53773,2.707727
1300,1300012,30967,1.559336
1301,1301013,12611,0.635024
1302,1302014,35464,1.785782
1303,1303016,53757,2.706921
1304,1304010,31063,1.564170
1305,1305011,12595,0.634218
1306,1306014,35448,1.784976
1307,1307015,53693,2.703699
1308,1308009,31031,1.562559
1309,1309010,12627,0.635830
1310,1310011,35368,1.780948
1311,1311013,53773,2.707727
1312,1312014,30871,1.554502
1313,1313009,12595,0.634218
1314,1314011,35416,1.783364
1315,1315013,53693,2.703699
1316,1316015,30935,1.557725
1317,1317009,12611,0.635024
1318,1318011,35464,1.785782
1319,1319013,53709,2.704504
1320,1320014,30919,1.556919
1321,1321010,12675,0.638247
1322,1322013,35400,1.782559
1323,1323014,53821,2.710144
1324,1324015,30871,1.554502
1325,1325009,12611,0.635024
1326,1326011,35352,1.780142
1327,1327011,53709,2.704504
1328,1328013,30967,1.559336
1329,1329015,12611,0.635024
1330,1330008,35288,1.776919
1331,1331010,53709,2.704504
1332,1332011,30967,1.559336
1333,1333013,12595,0.634218
1334,1334015,35496,1.787393
1335,1335009,53757,2.706921
1336,1336010,31031,1.562559
1337,1337014,12643,0.636635
1338,1338009,35272,1.776114
1339,1339010,53757,2.706921
1340,1340012,30919,1.556919
1341,1341014,12627,0.635830
1342,1342015,35528,1.789004
1343,1343008,53757,2.706921
1344,1344010,31031,1.562559
1345,1345014,12691,0.639052
1346,1346011,35400,1.782559
1347,1347014,53757,2.706921
1348,1348016,30887,1.555308
1349,1349010,12579,0.633413
1350,1350011,35336,1.779336
1351,1351012,53709,2.704504
1352,1352014,30887,1.555308
1353,1353009,12563,0.632607
1354,1354011,35384,1.781753
1355,1355013,53773,2.707727
1356,1356015,30839,1.552891
1357,1357009,12611,0.635024
1358,1358010,35288,1.776919
1359,1359011,53693,2.703699
1360,1360013,30935,1.557725
1361,1361009,12627,0.635830
1362,1362013,35448,1.784976
1363,1363013,53709,2.704504
1364,1364015,30967,1.559336
1365,1365015,12611,0.635024
1366,1366009,35352,1.780142
1367,1367010,53773,2.707727
1368,1368013,30983,1.560142
1369,1369009,12531,0.630996
1370,1370014,35464,1.785782
1371,1371008,53757,2.706921
1372,1372009,31063,1.564170
1373,1373010,12611,0.635024
1374,1374013,35432,1.784170
1375,1375014,53725,2.705310
1376,1376015,30855,1.553696
1377,1377013,12627,0.635830
1378,1378008,35288,1.776919
1379,1379011,53725,2.705310
1380,1380012,30951,1.558531
1381,1381013,12643,0.636635
1382,1382014,35496,1.787393
1383,1383009,53725,2.705310
1384,1384010,31079,1.564976
1385,1385014,12643,0.636635
1386,1386009,35272,1.776114
1387,1387010,53709,2.704504
1388,1388011,30983,1.560142
1389,1389013,12611,0.635024
1390,1390014,35464,1.785782
1391,1391016,53709,2.704504
1392,1392010,31063,1.564170
1393,1393015,12675,0.638247
1394,1394010,35336,1.779336
1395,1395012,53741,2.706116
1396,1396014,30919,1.556919
1397,1397015,12611,0.635024
1398,1398009,35304,1.777725
1399,1399011,53693,2.703699
1400,1400012,30999,1.560948
1401,1401009,12611,0.635024
1402,1402011,35288,1.776919
1403,1403013,53709,2.704504
1404,1404014,30871,1.554502
1405,1405009,12627,0.635830
1406,1406010,35384,1.781753
1407,1407011,53741,2.706116
1408,1408014,30887,1.555308
1409,1409012,12659,0.637441
1410,1410014,35496,1.787393
1411,1411009,53661,2.702087
1412,1412010,31015,1.561753
1413,1413011,12611,0.635024
1414,1414012,35368,1.780948
1415,1415014,53709,2.704504
1416,1416015,30887,1.555308
1417,1417012,12643,0.636635
1418,1418009,35336,1.779336
1419,1419010,53741,2.706116
1420,1420012,30983,1.560142
1421,1421013,12627,0.635830
1422,1422014,35480,1.786587
1423,1423016,53741,2.706116
1424,1424010,31047,1.563365
1425,1425015,12643,0.636635
1426,1426011,35320,1.778530
1427,1427012,53709,2.704504
1428,1428014,30919,1.556919
1429,1429015,12579,0.633413
1430,1430009,35240,1.774502
1431,1431011,53693,2.703699
1432,1432013,31063,1.564170
1433,1433012,12659,0.637441
1434,1434014,35448,1.784976
1435,1435008,53725,2.705310
1436,1436010,31015,1.561753
1437,1437012,12595,0.634218
1438,1438013,35416,1.783364
1439,1439014,53725,2.705310
1440,1440009,31031,1.562559
1441,1441015,12707,0.639858
1442,1442012,35400,1.782559
1443,1443014,53709,2.704504
1444,1444015,30823,1.552085
1445,1445009,12595,0.634218
1446,1446011,35368,1.780948
1447,1447012,53757,2.706921
1448,1448014,30871,1.554502
1449,1449013,12611,0.635024
1450,1450015,35592,1.792227
1451,1451009,53725,2.705310
1452,1452010,31063,1.564170
1453,1453012,12627,0.635830
1454,1454014,35496,1.787393
1455,1455008,53677,2.702893
1456,1456010,31079,1.564976
1457,1457009,12611,0.635024
1458,1458011,35336,1.779336
1459,1459012,53725,2.705310
1460,1460014,30999,1.560948
1461,1461009,12611,0.635024
1462,1462010,35400,1.782559
1463,1463011,53757,2.706921
1464,1464012,30983,1.560142
1465,1465012,12595,0.634218
1466,1466008,35256,1.775308
1467,1467010,53757,2.706921
1468,1468012,31047,1.563365
1469,1469012,12611,0.635024
1470,1470013,35416,1.783364
1471,1471014,53725,2.705310
1472,1472009,31047,1.563365
1473,1473009,12595,0.634218
1474,1474011,35336,1.779336
1475,1475012,53773,2.707727
1476,1476013,30967,1.559336
1477,1477014,12627,0.635830
1478,1478015,35464,1.785782
1479,1479009,53741,2.706116
1480,1480011,31031,1.562559
1481,1481011,12611,0.635024
1482,1482013,35432,1.784170
1483,1483015,53725,2.705310
1484,1484009,31047,1.563365
1485,1485010,12643,0.636635
1486,1486012,35384,1.781753
1487,1487013,53773,2.707727
1488,1488014,30903,1.556114
1489,1489015,12627,0.635830
1490,1490010,35288,1.776919
1491,1491011,53693,2.703699
1492,1492014,31015,1.561753
1493,1493009,12595,0.634218
1494,1494010,35256,1.775308
1495,1495012,53837,2.710950
1496,1496014,30967,1.559336
1497,1497015,12643,0.636635
1498,1498010,35352,1.780142
1499,1499011,53725,2.705310
1500,1500013,30983,1.560142
1501,1501014,12643,0.636635
1502,1502015,35496,1.787393
1503,1503010,53741,2.706116
1504,1504012,30871,1.554502
1505,1505014,12643,0.636635
1506,1506008,35256,1.775308
1507,1507010,53789,2.708533
1508,1508011,31047,1.563365
1509,1509013,12643,0.636635
1510,1510015,35496,1.787393
1511,1511009,53725,2.705310
1512,1512011,30983,1.560142
1513,1513012,12643,0.636635
1514,1514008,35256,1.775308
1515,1515010,53757,2.706921
1516,1516011,31047,1.563365
1517,1517013,12611,0.635024
1518,1518014,35464,1.785782
1519,1519015,53725,2.705310
1520,1520009,31111,1.566587
1521,1521011,12579,0.633413
1522,1522013,35448,1.784976
1523,1523014,53693,2.703699
1524,1524008,31111,1.566587
1525,1525010,12611,0.635024
1526,1526011,35368,1.780948
1527,1527013,53869,2.712561
1528,1528014,30903,1.556114
1529,1529014,12643,0.636635
1530,1530011,35368,1.780948
1531,1531012,53805,2.709338
1532,1532013,30983,1.560142
1533,1533015,12643,0.636635
1534,1534009,35272,1.776114
1535,1535010,53773,2.707727
1536,1536011,30983,1.560142
1537,1537013,12611,0.635024
1538,1538016,35496,1.787393
1539,1539010,53821,2.710144
1540,1540012,30983,1.560142
1541,1541014,12627,0.635830
1542,1542014,35464,1.785782
1543,1543009,53773,2.707727
1544,1544010,31031,1.562559
1545,1545012,12611,0.635024
1546,1546014,35400,1.782559
1547,1547015,53693,2.703699
1548,1548010,31031,1.562559
1549,1549012,12627,0.635830
1550,1550013,35464,1.785782
1551,1551014,53661,2.702087
1552,1552015,30855,1.553696
1553,1553010,12643,0.636635
1554,1554012,35432,1.784170
1555,1555014,53709,2.704504
1556,1556015,30887,1.555308
1557,1557010,12611,0.635024
1558,1558012,35384,1.781753
1559,1559013,53741,2.706116
1560,1560015,30919,1.556919
1561,1561011,12611,0.635024
1562,1562015,35432,1.784170
1563,1563009,53725,2.705310
1564,1564011,31047,1.563365
1565,1565012,12627,0.635830
1566,1566014,35512,1.788199
1567,1567015,53709,2.704504
1568,1568008,31287,1.575450
1569,1569012,12611,0.635024
1570,1570015,35512,1.788199
1571,1571008,53741,2.706116
1572,1572009,31015,1.561753
1573,1573010,12627,0.635830
1574,1574012,35384,1.781753
1575,1575013,53741,2.706116
1576,1576015,30887,1.555308
1577,1577011,12627,0.635830
1578,1578013,35464,1.785782
1579,1579015,53757,2.706921
1580,1580009,31191,1.570616
1581,1581011,12675,0.638247
1582,1582012,35352,1.780142
1583,1583013,53741,2.706116
1584,1584014,30951,1.558531
1585,1585010,12627,0.635830
1586,1586013,35368,1.780948
1587,1587014,53757,2.706921
1588,1588009,31047,1.563365
1589,1589011,12627,0.635830
1590,1590012,35368,1.780948
1591,1591013,53725,2.705310
1592,1592014,30951,1.558531
1593,1593010,12611,0.635024
1594,1594012,35336,1.779336
1595,1595013,53709,2.704504
1596,1596014,30935,1.557725
1597,1597008,12595,0.634218
1598,1598010,35320,1.778530
1599,1599012,53805,2.709338
1600,1600013,30951,1.558531
1601,1601009,12611,0.635024
1602,1602013,35416,1.783364
1603,1603015,53741,2.706116
1604,1604009,31063,1.564170
1605,1605010,12611,0.635024
1606,1606011,35320,1.778530
1607,1607012,53805,2.709338
1608,1608014,30951,1.558531
1609,1609010,12627,0.635830
1610,1610015,35464,1.785782
1611,1611009,53757,2.706921
1612,1612011,31047,1.563365
1613,1613012,12691,0.639052
1614,1614014,35384,1.781753
1615,1615008,53757,2.706921
1616,1616009,31047,1.563365
1617,1617014,12611,0.635024
1618,1618010,35352,1.780142
1619,1619011,53725,2.705310
1620,1620013,30983,1.560142
1621,1621014,12627,0.635830
1622,1622016,35512,1.788199
1623,1623010,53725,2.705310
1624,1624011,30983,1.560142
1625,1625009,12595,0.634218
1626,1626012,35352,1.780142
1627,1627013,53789,2.708533
1628,1628014,30919,1.556919
1629,1629015,12627,0.635830
1630,1630009,35320,1.778530
1631,1631010,53693,2.703699
1632,1632011,30983,1.560142
1633,1633009,12627,0.635830
1634,1634010,35416,1.783364
1635,1635012,53773,2.707727
1636,1636014,30935,1.557725
1637,1637015,12627,0.635830
1638,1638009,35256,1.775308
1639,1639011,53741,2.706116
1640,1640012,30967,1.559336
1641,1641010,12643,0.636635
1642,1642012,35336,1.779336
1643,1643013,53757,2.706921
1644,1644015,30887,1.555308
1645,1645008,12643,0.636635
1646,1646010,35304,1.777725
1647,1647012,53725,2.705310
1648,1648013,30983,1.560142
1649,1649013,12627,0.635830
1650,1650015,35448,1.784976
1651,1651009,53885,2.713367
1652,1652010,30967,1.559336
1653,1653012,12627,0.635830
1654,1654014,35432,1.784170
1655,1655008,53741,2.706116
1656,1656010,31047,1.563365
1657,1657009,12611,0.635024
1658,1658011,35352,1.780142
1659,1659012,53741,2.706116
1660,1660013,30935,1.557725
1661,1661015,12659,0.637441
1662,1662009,35368,1.780948
1663,1663010,53645,2.701282
1664,1664011,31015,1.561753
1665,1665010,12643,0.636635
1666,1666014,35480,1.786587
1667,1667009,53725,2.705310
1668,1668011,31063,1.564170
1669,1669012,12627,0.635830
1670,1670013,35336,1.779336
1671,1671015,53757,2.706921
1672,1672009,31095,1.565782
1673,1673009,12611,0.635024
1674,1674013,35384,1.781753
1675,1675015,53757,2.706921
1676,1676009,31047,1.563365
1677,1677009,12611,0.635024
1678,1678010,35304,1.777725
1679,1679012,53773,2.707727
1680,1680014,30887,1.555308
1681,1681011,12595,0.634218
1682,1682013,35368,1.780948
1683,1683015,53725,2.705310
1684,1684015,30855,1.553696
1685,1685010,12643,0.636635
1686,1686011,35352,1.780142
1687,1687012,53789,2.708533
1688,1688014,30903,1.556114
1689,1689013,12611,0.635024
1690,1690009,35288,1.776919
1691,1691012,53741,2.706116
1692,1692013,30967,1.559336
1693,1693014,12595,0.634218
1694,1694015,35464,1.785782
1695,1695009,53773,2.707727
1696,1696010,31015,1.561753
1697,1697010,12611,0.635024
1698,1698012,35368,1.780948
1699,1699013,53677,2.702893
1700,1700015,30951,1.558531
1701,1701015,12627,0.635830
1702,1702009,35240,1.774502
1703,1703011,53773,2.707727
1704,1704013,30983,1.560142
1705,1705013,12627,0.635830
1706,1706014,35432,1.784170
1707,1707009,53805,2.709338
1708,1708009,31095,1.565782
1709,1709011,12643,0.636635
1710,1710012,35400,1.782559
1711,1711013,53773,2.707727
1712,1712015,30887,1.555308
1713,1713009,12627,0.635830
1714,1714010,35272,1.776114
1715,1715011,53773,2.707727
1716,1716013,30999,1.560948
1717,1717014,12627,0.635830
1718,1718015,35432,1.784170
1719,1719009,53789,2.708533
1720,1720010,31015,1.561753
1721,1721011,12611,0.635024
1722,1722013,35416,1.783364
1723,1723014,53757,2.706921
1724,1724016,30871,1.554502
1725,1725009,12659,0.637441
1726,1726011,35304,1.777725
1727,1727012,53677,2.702893
1728,1728014,30855,1.553696
1729,1729015,12659,0.637441
1730,1730012,35384,1.781753
1731,1731013,53725,2.705310
1732,1732014,30903,1.556114
1733,1733009,12595,0.634218
1734,1734011,35352,1.780142
1735,1735012,53677,2.702893
1736,1736013,30935,1.557725
1737,1737014,12643,0.636635
1738,1738011,35320,1.778530
1739,1739012,53837,2.710950
1740,1740014,30919,1.556919
1741,1741015,12627,0.635830
1742,1742009,35272,1.776114
1743,1743011,53757,2.706921
1744,1744013,30983,1.560142
1745,1745015,12515,0.630190
1746,1746010,35352,1.780142
1747,1747012,53725,2.705310
1748,1748014,30951,1.558531
1749,1749016,12675,0.638247
1750,1750010,35320,1.778530
1751,1751011,53757,2.706921
1752,1752013,30935,1.557725
1753,1753009,12595,0.634218
1754,1754013,35304,1.777725
1755,1755014,53693,2.703699
1756,1756015,30855,1.553696
1757,1757009,12595,0.634218
1758,1758010,35304,1.777725
1759,1759011,53773,2.707727
1760,1760012,30999,1.560948
1761,1761014,12643,0.636635
1762,1762011,35368,1.780948
1763,1763013,53725,2.705310
1764,1764014,30967,1.559336
1765,1765015,12611,0.635024
1766,1766009,35320,1.778530
1767,1767012,53757,2.706921
1768,1768013,30983,1.560142
1769,1769015,12627,0.635830
1770,1770009,35336,1.779336
1771,1771011,53725,2.705310
1772,1772013,30999,1.560948
1773,1773014,12627,0.635830
1774,1774009,35272,1.776114
1775,1775010,53725,2.705310
1776,1776012,30951,1.558531
1777,1777015,12643,0.636635
1778,1778010,35336,1.779336
1779,1779012,53773,2.707727
1780,1780013,30967,1.559336
1781,1781015,12611,0.635024
1782,1782008,35224,1.773696
1783,1783009,53757,2.706921
1784,1784011,30999,1.560948
1785,1785014,12627,0.635830
1786,1786010,35320,1.778530
1787,1787012,53741,2.706116
1788,1788013,30967,1.559336
1789,1789015,12643,0.636635
1790,1790009,35256,1.775308
1791,1791011,53805,2.709338
1792,1792012,30983,1.560142
1793,1793015,12643,0.636635
1794,1794010,35224,1.773696
1795,1795011,53757,2.706921
1796,1796012,31063,1.564170
1797,1797013,12643,0.636635
1798,1798015,35432,1.784170
1799,1799009,53773,2.707727
1800,1800011,31063,1.564170
1801,1801014,12611,0.635024
1802,1802015,35480,1.786587
1803,1803010,53773,2.707727
1804,1804011,31063,1.564170
1805,1805012,12659,0.637441
1806,1806014,35432,1.784170
1807,1807015,53693,2.703699
1808,1808008,31143,1.568199
1809,1809011,12595,0.634218
1810,1810013,35352,1.780142
1811,1811014,53725,2.705310
1812,1812015,30903,1.556114
1813,1813009,12595,0.634218
1814,1814011,35352,1.780142
1815,1815012,53693,2.703699
1816,1816013,30951,1.558531
1817,1817010,12611,0.635024
1818,1818012,35352,1.780142
1819,1819014,53773,2.707727
1820,1820008,31143,1.568199
1821,1821009,12611,0.635024
1822,1822010,35224,1.773696
1823,1823012,53693,2.703699
1824,1824013,30999,1.560948
1825,1825010,12611,0.635024
1826,1826012,35336,1.779336
1827,1827013,53853,2.711756
1828,1828015,30887,1.555308
1829,1829009,12611,0.635024
1830,1830011,35368,1.780948
1831,1831012,53709,2.704504
1832,1832012,30999,1.560948
1833,1833013,12627,0.635830
1834,1834008,35256,1.775308
1835,1835010,53757,2.706921
1836,1836011,31047,1.563365
1837,1837012,12627,0.635830
1838,1838013,35384,1.781753
1839,1839015,53693,2.703699
1840,1840008,31127,1.567393
1841,1841012,12643,0.636635
1842,1842015,35464,1.785782
1843,1843009,53741,2.706116
1844,1844010,31079,1.564976
1845,1845011,12611,0.635024
1846,1846013,35368,1.780948
1847,1847014,53693,2.703699
1848,1848015,30935,1.557725
1849,1849013,12643,0.636635
1850,1850009,35288,1.776919
1851,1851010,53741,2.706116
1852,1852012,30999,1.560948
1853,1853013,12627,0.635830
1854,1854014,35464,1.785782
1855,1855015,53709,2.704504
1856,1856010,31079,1.564976
1857,1857014,12627,0.635830
1858,1858010,35288,1.776919
1859,1859013,53773,2.707727
1860,1860014,30919,1.556919
1861,1861015,12627,0.635830
1862,1862008,35256,1.775308
1863,1863011,53757,2.706921
1864,1864012,30967,1.559336
1865,1865011,12611,0.635024
1866,1866015,35480,1.786587
1867,1867010,53741,2.706116
1868,1868011,31015,1.561753
1869,1869013,12627,0.635830
1870,1870014,35400,1.782559
1871,1871015,53549,2.696448
1872,1872009,31127,1.567393
1873,1873016,12643,0.636635
1874,1874010,35304,1.777725
1875,1875012,53693,2.703699
1876,1876013,30919,1.556919
1877,1877014,12563,0.632607
1878,1878008,35208,1.772891
1879,1879010,53709,2.704504
1880,1880011,31015,1.561753
1881,1881009,12643,0.636635
1882,1882011,35352,1.780142
1883,1883012,53741,2.706116
1884,1884014,30871,1.554502
1885,1885015,12627,0.635830
1886,1886009,35304,1.777725
1887,1887011,53709,2.704504
1888,1888012,30919,1.556919
1889,1889010,12627,0.635830
1890,1890012,35448,1.784976
1891,1891014,53773,2.707727
1892,1892015,30887,1.555308
1893,1893009,12531,0.630996
1894,1894011,35320,1.778530
1895,1895011,53757,2.706921
1896,1896012,30999,1.560948
1897,1897011,12627,0.635830
1898,1898014,35480,1.786587
1899,1899009,53741,2.706116
1900,1900010,31031,1.562559
1901,1901011,12563,0.632607
1902,1902012,35320,1.778530
1903,1903014,53709,2.704504
1904,1904016,30807,1.551279
1905,1905015,12563,0.632607
1906,1906012,35352,1.780142
1907,1907015,53725,2.705310
1908,1908016,30871,1.554502
1909,1909010,12515,0.630190
1910,1910011,35336,1.779336
1911,1911012,53789,2.708533
1912,1912014,30983,1.560142
1913,1913013,12627,0.635830
1914,1914009,35288,1.776919
1915,1915011,53725,2.705310
1916,1916012,31015,1.561753
1917,1917013,12643,0.636635
1918,1918015,35480,1.786587
1919,1919009,53789,2.708533
1920,1920011,30967,1.559336
1921,1921011,12643,0.636635
1922,1922015,35480,1.786587
1923,1923009,53773,2.707727
1924,1924010,31031,1.562559
1925,1925012,12627,0.635830
1926,1926013,35400,1.782559
1927,1927014,53693,2.703699
1928,1928015,30871,1.554502
1929,1929009,12627,0.635830
1930,1930012,35352,1.780142
1931,1931013,53773,2.707727
1932,1932014,30935,1.557725
1933,1933015,12627,0.635830
1934,1934009,35256,1.775308
1935,1935010,53741,2.706116
1936,1936012,31031,1.562559
1937,1937011,12659,0.637441
1938,1938013,35368,1.780948
1939,1939014,53725,2.705310
1940,1940015,30903,1.556114
1941,1941009,12611,0.635024
1942,1942011,35288,1.776919
1943,1943013,53757,2.706921
1944,1944014,30903,1.556114
1945,1945009,12611,0.635024
1946,1946011,35336,1.779336
1947,1947013,53693,2.703699
1948,1948014,30967,1.559336
1949,1949016,12643,0.636635
1950,1950010,35288,1.776919
1951,1951011,53757,2.706921
1952,1952012,31015,1.561753
1953,1953013,12627,0.635830
1954,1954015,35448,1.784976
1955,1955009,53725,2.705310
1956,1956010,31079,1.564976
1957,1957012,12627,0.635830
1958,1958013,35368,1.780948
1959,1959015,53693,2.703699
1960,1960009,31143,1.568199
1961,1961011,12675,0.638247
1962,1962013,35384,1.781753
1963,1963015,53725,2.705310
1964,1964008,31127,1.567393
1965,1965011,12643,0.636635
1966,1966013,35336,1.779336
1967,1967014,53741,2.706116
1968,1968015,30935,1.557725
1969,1969009,12595,0.634218
1970,1970013,35432,1.784170
1971,1971016,53677,2.702893
1972,1972010,31095,1.565782
1973,1973011,12595,0.634218
1974,1974012,35416,1.783364
1975,1975014,53725,2.705310
1976,1976015,30935,1.557725
1977,1977009,12627,0.635830
1978,1978010,35384,1.781753
1979,1979012,53693,2.703699
1980,1980015,30935,1.557725
1981,1981008,12643,0.636635
1982,1982010,35304,1.777725
1983,1983011,53757,2.706921
1984,1984013,30935,1.557725
1985,1985014,12627,0.635830
1986,1986009,35288,1.776919
1987,1987011,53709,2.704504
1988,1988012,31015,1.561753
1989,1989013,12643,0.636635
1990,1990014,35416,1.783364
1991,1991009,53741,2.706116
1992,1992010,31095,1.565782
1993,1993012,12643,0.636635
1994,1994009,35272,1.776114
1995,1995010,53789,2.708533
1996,1996011,30999,1.560948
1997,1997013,12643,0.636635
1998,1998014,35416,1.783364
1999,1999015,53725,2.705310
2000,2000009,31127,1.567393
2001,2001012,12643,0.636635
2002,2002015,35464,1.785782
2003,2003009,53805,2.709338
2004,2004010,31079,1.564976
2005,2005012,12611,0.635024
2006,2006014,35400,1.782559
2007,2007015,53709,2.704504
2008,2008008,31111,1.566587
2009,2009011,12627,0.635830
2010,2010013,35400,1.782559
2011,2011015,53741,2.706116
2012,2012010,31063,1.564170
2013,2013011,12675,0.638247
2014,2014012,35368,1.780948
2015,2015013,53597,2.698865
2016,2016014,30983,1.560142
2017,2017009,12611,0.635024
2018,2018012,35368,1.780948
2019,2019015,53741,2.706116
2020,2020009,31127,1.567393
2021,2021010,12707,0.639858
2022,2022013,35384,1.781753
2023,2023014,53773,2.707727
2024,2024009,31095,1.565782
2025,2025012,12611,0.635024
2026,2026014,35368,1.780948
2027,2027015,53757,2.706921
2028,2028010,31079,1.564976
2029,2029012,12627,0.635830
2030,2030014,35432,1.784170
2031,2031015,53741,2.706116
2032,2032009,31079,1.564976
2033,2033014,12611,0.635024
2034,2034011,35336,1.779336
2035,2035013,53725,2.705310
2036,2036015,30951,1.558531
2037,2037008,12595,0.634218
2038,2038009,35304,1.777725
2039,2039010,53725,2.705310
2040,2040012,31047,1.563365
2041,2041009,12611,0.635024
2042,2042012,35336,1.779336
2043,2043013,53693,2.703699
2044,2044015,30935,1.557725
2045,2045009,12611,0.635024
2046,2046011,35352,1.780142
2047,2047013,53725,2.705310
2048,2048014,30951,1.558531
2049,2049012,12643,0.636635
2050,2050013,35336,1.779336
2051,2051014,53757,2.706921
2052,2052009,31159,1.569004
2053,2053010,12595,0.634218
2054,2054012,35336,1.779336
2055,2055014,53757,2.706921
2056,2056015,30935,1.557725
2057,2057013,12659,0.637441
2058,2058015,35416,1.783364
2059,2059009,53741,2.706116
2060,2060010,31191,1.570616
2061,2061011,12627,0.635830
2062,2062012,35368,1.780948
2063,2063013,53677,2.702893
2064,2064015,30887,1.555308
2065,2065013,12595,0.634218
2066,2066015,35400,1.782559
2067,2067009,53789,2.708533
2068,2068010,31079,1.564976
2069,2069012,12627,0.635830
2070,2070013,35352,1.780142
2071,2071014,53725,2.705310
2072,2072008,31127,1.567393
2073,2073012,12611,0.635024
2074,2074016,35480,1.786587
2075,2075009,53725,2.705310
2076,2076011,31031,1.562559
2077,2077013,12595,0.634218
2078,2078014,35416,1.783364
2079,2079009,53757,2.706921
2080,2080010,31111,1.566587
2081,2081014,12643,0.636635
2082,2082009,35256,1.775308
2083,2083011,53805,2.709338
2084,2084013,30999,1.560948
2085,2085014,12643,0.636635
2086,2086015,35432,1.784170
2087,2087010,53709,2.704504
2088,2088012,31047,1.563365
2089,2089010,12627,0.635830
2090,2090012,35304,1.777725
2091,2091013,53725,2.705310
2092,2092015,31031,1.562559
2093,2093008,12579,0.633413
2094,2094011,35320,1.778530
2095,2095012,53773,2.707727
2096,2096014,30935,1.557725
2097,2097013,12627,0.635830
2098,2098015,35448,1.784976
2099,2099009,53725,2.705310
2100,2100011,31063,1.564170
2101,2101012,12611,0.635024
2102,2102014,35448,1.784976
2103,2103008,53661,2.702087
2104,2104009,31159,1.569004
2105,2105016,12675,0.638247
2106,2106010,35304,1.777725
2107,2107011,53645,2.701282
2108,2108013,30983,1.560142
2109,2109014,12611,0.635024
2110,2110015,35432,1.784170
2111,2111008,53741,2.706116
2112,2112010,31111,1.566587
2113,2113009,12627,0.635830
2114,2114013,35352,1.780142
2115,2115014,53741,2.706116
2116,2116015,30903,1.556114
2117,2117009,12595,0.634218
2118,2118011,35288,1.776919
2119,2119012,53725,2.705310
2120,2120013,30999,1.560948
2121,2121012,12643,0.636635
2122,2122015,35432,1.784170
2123,2123009,53757,2.706921
2124,2124011,31031,1.562559
2125,2125012,12643,0.636635
2126,2126014,35432,1.784170
2127,2127015,53693,2.703699
2128,2128010,31063,1.564170
2129,2129009,12611,0.635024
2130,2130012,35352,1.780142
2131,2131014,53741,2.706116
2132,2132015,30919,1.556919
2133,2133009,12611,0.635024
2134,2134010,35304,1.777725
2135,2135012,53741,2.706116
2136,2136014,30919,1.556919
2137,2137012,12595,0.634218
2138,2138016,35464,1.785782
2139,2139010,53789,2.708533
2140,2140012,31015,1.561753
2141,2141013,12611,0.635024
2142,2142014,35368,1.780948
2143,2143008,53709,2.704504
2144,2144010,30983,1.560142
2145,2145010,12611,0.635024
2146,2146010,35304,1.777725
2147,2147012,53741,2.706116
2148,2148013,30967,1.559336
2149,2149015,12627,0.635830
2150,2150009,35224,1.773696
2151,2151011,53725,2.705310
2152,2152012,30999,1.560948
2153,2153013,12595,0.634218
2154,2154008,35240,1.774502
2155,2155009,53741,2.706116
2156,2156011,31063,1.564170
2157,2157011,12611,0.635024
2158,2158013,35400,1.782559
2159,2159014,53613,2.699670
2160,2160015,30919,1.556919
2161,2161014,12579,0.633413
2162,2162009,35144,1.769668
2163,2163010,53725,2.705310
2164,2164012,31063,1.564170
2165,2165013,12627,0.635830
2166,2166014,35432,1.784170
2167,2167009,53725,2.705310
2168,2168011,31063,1.564170
2169,2169011,12627,0.635830
2170,2170013,35368,1.780948
2171,2171014,53709,2.704504
2172,2172015,30983,1.560142
2173,2173009,12611,0.635024
2174,2174010,35272,1.776114
2175,2175011,53741,2.706116
2176,2176013,31015,1.561753
2177,2177014,12643,0.636635
2178,2178009,35336,1.779336
2179,2179010,53741,2.706116
2180,2180011,31063,1.564170
2181,2181013,12643,0.636635
2182,2182014,35384,1.781753
2183,2183015,53757,2.706921
2184,2184009,31143,1.568199
2185,2185009,12675,0.638247
2186,2186012,35384,1.781753
2187,2187014,53709,2.704504
2188,2188015,30983,1.560142
2189,2189009,12611,0.635024
2190,2190011,35240,1.774502
2191,2191012,53709,2.704504
2192,2192013,30999,1.560948
2193,2193014,12627,0.635830
2194,2194009,35272,1.776114
2195,2195011,53677,2.702893
2196,2196012,30951,1.558531
2197,2197014,12659,0.637441
2198,2198015,35432,1.784170
2199,2199009,53757,2.706921
2200,2200010,31143,1.568199
2201,2201012,12611,0.635024
2202,2202014,35400,1.782559
2203,2203015,53725,2.705310
2204,2204008,31143,1.568199
2205,2205010,12611,0.635024
2206,2206011,35352,1.780142
2207,2207013,53741,2.706116
2208,2208015,30951,1.558531
2209,2209010,12691,0.639052
2210,2210011,35304,1.777725
2211,2211013,53709,2.704504
2212,2212014,30983,1.560142
2213,2213015,12643,0.636635
2214,2214009,35240,1.774502
2215,2215010,53741,2.706116
2216,2216011,31031,1.562559
2217,2217014,12611,0.635024
2218,2218008,35240,1.774502
2219,2219010,53853,2.711756
2220,2220011,31079,1.564976
2221,2221012,12627,0.635830
2222,2222013,35384,1.781753
2223,2223015,53581,2.698059
2224,2224009,31127,1.567393
2225,2225012,12611,0.635024
2226,2226014,35448,1.784976
2227,2227008,53725,2.705310
2228,2228009,31175,1.569810
2229,2229010,12643,0.636635
2230,2230011,35336,1.779336
2231,2231013,53773,2.707727
2232,2232015,30903,1.556114
2233,2233010,12627,0.635830
2234,2234013,35352,1.780142
2235,2235015,53693,2.703699
2236,2236009,31111,1.566587
2237,2237012,12627,0.635830
2238,2238014,35416,1.783364
2239,2239015,53741,2.706116
2240,2240009,31159,1.569004
2241,2241011,12643,0.636635
2242,2242013,35320,1.778530
2243,2243015,53709,2.704504
2244,2244009,31111,1.566587
2245,2245011,12643,0.636635
2246,2246012,35368,1.780948
2247,2247014,53693,2.703699
2248,2248016,30903,1.556114
2249,2249011,12643,0.636635
2250,2250014,35368,1.780948
2251,2251015,53725,2.705310
2252,2252009,31111,1.566587
2253,2253010,12627,0.635830
2254,2254012,35320,1.778530
2255,2255013,53741,2.706116
2256,2256014,30935,1.557725
2257,2257009,12627,0.635830
2258,2258011,35288,1.776919
2259,2259013,53725,2.705310
2260,2260014,30983,1.560142
2261,2261015,12611,0.635024
2262,2262009,35256,1.775308
2263,2263011,53709,2.704504
2264,2264013,31047,1.563365
2265,2265009,12611,0.635024
2266,2266010,35272,1.776114
2267,2267012,53741,2.706116
2268,2268013,30951,1.558531
2269,2269014,12611,0.635024
2270,2270008,35208,1.772891
2271,2271010,53725,2.705310
2272,2272011,31127,1.567393
2273,2273008,12611,0.635024
2274,2274013,35336,1.779336
2275,2275014,53741,2.706116
2276,2276008,31175,1.569810
2277,2277009,12691,0.639052
2278,2278010,35272,1.776114
2279,2279012,53789,2.708533
2280,2280012,30999,1.560948
2281,2281009,12611,0.635024
2282,2282012,35320,1.778530
2283,2283014,53773,2.707727
2284,2284008,31143,1.568199
2285,2285010,12627,0.635830
2286,2286012,35352,1.780142
2287,2287012,53693,2.703699
2288,2288014,30951,1.558531
2289,2289010,12611,0.635024
2290,2290012,35304,1.777725
2291,2291013,53709,2.704504
2292,2292014,30951,1.558531
2293,2293008,12611,0.635024
2294,2294009,35240,1.774502
2295,2295011,53805,2.709338
2296,2296013,31015,1.561753
2297,2297009,12627,0.635830
2298,2298011,35336,1.779336
2299,2299013,53725,2.705310
2300,2300015,30983,1.560142
2301,2301009,12595,0.634218
2302,2302010,35256,1.775308
2303,2303012,53709,2.704504
2304,2304014,30983,1.560142
2305,2305012,12643,0.636635
2306,2306009,35240,1.774502
2307,2307010,53869,2.712561
2308,2308012,31031,1.562559
2309,2309013,12611,0.635024
2310,2310014,35432,1.784170
2311,2311015,53693,2.703699
2312,2312009,31127,1.567393
2313,2313016,12627,0.635830
2314,2314011,35336,1.779336
2315,2315013,53741,2.706116
2316,2316015,30967,1.559336
2317,2317009,12579,0.633413
2318,2318010,35288,1.776919
2319,2319012,53741,2.706116
2320,2320013,31047,1.563365
2321,2321011,12691,0.639052
2322,2322008,35128,1.768862
2323,2323010,53709,2.704504
2324,2324011,31111,1.566587
2325,2325012,12627,0.635830
2326,2326014,35400,1.782559
2327,2327015,53693,2.703699
2328,2328009,31111,1.566587
2329,2329015,12579,0.633413
2330,2330010,35256,1.775308
2331,2331012,53661,2.702087
2332,2332013,30999,1.560948
2333,2333014,12659,0.637441
2334,2334009,35224,1.773696
2335,2335011,53693,2.703699
2336,2336013,31031,1.562559
2337,2337011,12643,0.636635
2338,2338014,35384,1.781753
2339,2339015,53709,2.704504
2340,2340009,31111,1.566587
2341,2341011,12627,0.635830
2342,2342013,35336,1.779336
2343,2343015,53757,2.706921
2344,2344008,31143,1.568199
2345,2345015,12611,0.635024
2346,2346011,35352,1.780142
2347,2347012,53741,2.706116
2348,2348013,30999,1.560948
2349,2349014,12547,0.631801
2350,2350008,35240,1.774502
2351,2351010,53741,2.706116
2352,2352011,30919,1.556919
2353,2353010,12595,0.634218
2354,2354014,35272,1.776114
2355,2355015,53725,2.705310
2356,2356010,31127,1.567393
2357,2357011,12611,0.635024
2358,2358014,35416,1.783364
2359,2359015,53677,2.702893
2360,2360009,31143,1.568199
2361,2361015,12627,0.635830
2362,2362009,35224,1.773696
2363,2363011,53725,2.705310
2364,2364012,31015,1.561753
2365,2365014,12659,0.637441
2366,2366015,35400,1.782559
2367,2367009,53837,2.710950
2368,2368011,31063,1.564170
2369,2369011,12595,0.634218
2370,2370014,35432,1.784170
2371,2371015,53853,2.711756
2372,2372009,31127,1.567393
2373,2373010,12579,0.633413
2374,2374012,35336,1.779336
2375,2375014,53709,2.704504
2376,2376015,30967,1.559336
2377,2377009,12627,0.635830
2378,2378012,35304,1.777725
2379,2379014,53661,2.702087
2380,2380015,30967,1.559336
2381,2381009,12627,0.635830
2382,2382010,35304,1.777725
2383,2383012,53741,2.706116
2384,2384014,31031,1.562559
2385,2385015,12643,0.636635
2386,2386010,35160,1.770474
2387,2387012,53725,2.705310
2388,2388013,31015,1.561753
2389,2389015,12643,0.636635
2390,2390009,35288,1.776919
2391,2391011,53757,2.706921
2392,2392012,31047,1.563365
2393,2393014,12643,0.636635
2394,2394009,35256,1.775308
2395,2395011,53709,2.704504
2396,2396012,31047,1.563365
2397,2397012,12595,0.634218
2398,2398014,35304,1.777725
2399,2399015,53773,2.707727
2400,2400009,31127,1.567393
2401,2401010,12595,0.634218
2402,2402011,35336,1.779336
2403,2403013,53741,2.706116
2404,2404014,30999,1.560948
2405,2405015,12643,0.636635
2406,2406008,35192,1.772085
2407,2407011,53693,2.703699
2408,2408012,31015,1.561753
2409,2409012,12627,0.635830
2410,2410014,35368,1.780948
2411,2411016,53709,2.704504
2412,2412009,31143,1.568199
2413,2413011,12563,0.632607
2414,2414012,35384,1.781753
2415,2415013,53725,2.705310
2416,2416015,30983,1.560142
2417,2417009,12579,0.633413
2418,2418011,35352,1.780142
2419,2419013,53757,2.706921
2420,2420014,30951,1.558531
2421,2421008,12611,0.635024
2422,2422010,35256,1.775308
2423,2423011,53741,2.706116
2424,2424012,31047,1.563365
2425,2425015,12627,0.635830
2426,2426011,35304,1.777725
2427,2427013,53757,2.706921
2428,2428014,30983,1.560142
2429,2429008,12595,0.634218
2430,2430009,35256,1.775308
2431,2431012,53693,2.703699
2432,2432013,30983,1.560142
2433,2433015,12643,0.636635
2434,2434010,35272,1.776114
2435,2435012,53757,2.706921
2436,2436014,30999,1.560948
2437,2437015,12627,0.635830
2438,2438009,35224,1.773696
2439,2439010,53757,2.706921
2440,2440012,31063,1.564170
2441,2441014,12707,0.639858
2442,2442009,35224,1.773696
2443,2443010,53709,2.704504
2444,2444011,31127,1.567393
2445,2445013,12627,0.635830
2446,2446013,35272,1.776114
2447,2447015,53677,2.702893
2448,2448008,31095,1.565782
2449,2449009,12611,0.635024
2450,2450013,35288,1.776919
2451,2451008,53821,2.710144
2452,2452010,31095,1.565782
2453,2453012,12611,0.635024
2454,2454013,35320,1.778530
2455,2455014,53757,2.706921
2456,2456008,31143,1.568199
2457,2457011,12627,0.635830
2458,2458015,35384,1.781753
2459,2459008,53741,2.706116
2460,2460009,31127,1.567393
2461,2461011,12595,0.634218
2462,2462012,35352,1.780142
2463,2463014,53725,2.705310
2464,2464015,30983,1.560142
2465,2465010,12611,0.635024
2466,2466012,35320,1.778530
2467,2467014,53709,2.704504
2468,2468015,30983,1.560142
2469,2469010,12579,0.633413
2470,2470011,35272,1.776114
2471,2471013,53709,2.704504
2472,2472013,31079,1.564976
2473,2473009,12707,0.639858
2474,2474011,35320,1.778530
2475,2475012,53677,2.702893
2476,2476014,30999,1.560948
2477,2477015,12627,0.635830
2478,2478009,35176,1.771279
2479,2479011,53789,2.708533
2480,2480012,31063,1.564170
2481,2481016,12643,0.636635
2482,2482012,35336,1.779336
2483,2483014,53693,2.703699
2484,2484015,30951,1.558531
2485,2485009,12627,0.635830
2486,2486011,35240,1.774502
2487,2487012,53725,2.705310
2488,2488013,31047,1.563365
2489,2489010,12627,0.635830
2490,2490011,35272,1.776114
2491,2491012,53741,2.706116
2492,2492013,30999,1.560948
2493,2493014,12627,0.635830
2494,2494015,35464,1.785782
2495,2495009,53741,2.706116
2496,2496010,31079,1.564976
2497,2497014,12627,0.635830
2498,2498009,35144,1.769668
2499,2499011,53677,2.702893
2500,2500012,31079,1.564976
2501,2501013,12643,0.636635
2502,2502014,35368,1.780948
2503,2503009,53805,2.709338
2504,2504011,31079,1.564976
2505,2505015,12611,0.635024
2506,2506010,35240,1.774502
2507,2507011,53725,2.705310
2508,2508012,31015,1.561753
2509,2509013,12627,0.635830
2510,2510015,35400,1.782559
2511,2511009,53725,2.705310
2512,2512011,31095,1.565782
2513,2513014,12643,0.636635
2514,2514010,35256,1.775308
2515,2515011,53725,2.705310
2516,2516012,31191,1.570616
2517,2517013,12707,0.639858
2518,2518015,35384,1.781753
2519,2519008,53805,2.709338
2520,2520010,31079,1.564976
2521,2521016,12675,0.638247
2522,2522011,35304,1.777725
2523,2523012,53693,2.703699
2524,2524014,31047,1.563365
2525,2525015,12627,0.635830
2526,2526009,35192,1.772085
2527,2527010,53709,2.704504
2528,2528011,31127,1.567393
2529,2529009,12611,0.635024
2530,2530013,35368,1.780948
2531,2531015,53725,2.705310
2532,2532009,31191,1.570616
2533,2533011,12499,0.629384
2534,2534013,35368,1.780948
2535,2535014,53709,2.704504
2536,2536015,31031,1.562559
2537,2537013,12627,0.635830
2538,2538014,35400,1.782559
2539,2539015,53693,2.703699
2540,2540010,31127,1.567393
2541,2541012,12611,0.635024
2542,2542014,35384,1.781753
2543,2543015,53741,2.706116
2544,2544008,31175,1.569810
2545,2545014,12627,0.635830
2546,2546010,35272,1.776114
2547,2547012,53741,2.706116
2548,2548013,31063,1.564170
2549,2549014,12611,0.635024
2550,2550008,35176,1.771279
2551,2551009,53869,2.712561
2552,2552010,31159,1.569004
2553,2553008,12707,0.639858
2554,2554012,35304,1.777725
2555,2555013,53709,2.704504
2556,2556015,30999,1.560948
2557,2557009,12611,0.635024
2558,2558010,35256,1.775308
2559,2559012,53757,2.706921
2560,2560013,31031,1.562559
2561,2561012,12659,0.637441
2562,2562015,35384,1.781753
2563,2563008,53725,2.705310
2564,2564010,31111,1.566587
2565,2565012,12627,0.635830
2566,2566013,35336,1.779336
2567,2567015,53741,2.706116
2568,2568010,31111,1.566587
2569,2569015,12675,0.638247
2570,2570010,35272,1.776114
2571,2571011,53757,2.706921
2572,2572013,30999,1.560948
2573,2573014,12627,0.635830
2574,2574009,35176,1.771279
2575,2575010,53741,2.706116
2576,2576012,31079,1.564976
2577,2577011,12659,0.637441
2578,2578013,35352,1.780142
2579,2579014,53789,2.708533
2580,2580009,31159,1.569004
2581,2581010,12595,0.634218
2582,2582012,35288,1.776919
2583,2583013,53741,2.706116
2584,2584015,30919,1.556919
2585,2585015,12627,0.635830
2586,2586011,35304,1.777725
2587,2587012,53725,2.705310
2588,2588013,31031,1.562559
2589,2589015,12627,0.635830
2590,2590009,35256,1.775308
2591,2591010,53709,2.704504
2592,2592012,31047,1.563365
2593,2593011,12627,0.635830
2594,2594014,35368,1.780948
2595,2595016,53789,2.708533
2596,2596010,31127,1.567393
2597,2597012,12627,0.635830
2598,2598013,35320,1.778530
2599,2599015,53741,2.706116
2600,2600008,31191,1.570616
2601,2601016,12627,0.635830
2602,2602010,35192,1.772085
2603,2603012,53677,2.702893
2604,2604013,31015,1.561753
2605,2605014,12675,0.638247
2606,2606015,35416,1.783364
2607,2607009,53805,2.709338
2608,2608010,31095,1.565782
2609,2609011,12627,0.635830
2610,2610012,35304,1.777725
2611,2611013,53757,2.706921
2612,2612015,31015,1.561753
2613,2613008,12611,0.635024
2614,2614010,35288,1.776919
2615,2615011,53741,2.706116
2616,2616013,31031,1.562559
2617,2617014,12611,0.635024
2618,2618009,35224,1.773696
2619,2619011,53773,2.707727
2620,2620012,31079,1.564976
2621,2621013,12611,0.635024
2622,2622014,35352,1.780142
2623,2623009,53821,2.710144
2624,2624010,31111,1.566587
2625,2625011,12595,0.634218
2626,2626014,35384,1.781753
2627,2627009,53757,2.706921
2628,2628010,31111,1.566587
2629,2629012,12627,0.635830
2630,2630013,35432,1.784170
2631,2631014,53709,2.704504
2632,2632015,30983,1.560142
2633,2633009,12627,0.635830
2634,2634011,35320,1.778530
2635,2635013,53773,2.707727
2636,2636014,30983,1.560142
2637,2637009,12627,0.635830
2638,2638009,35208,1.772891
2639,2639011,53709,2.704504
2640,2640012,31079,1.564976
2641,2641012,12627,0.635830
2642,2642015,35416,1.783364
2643,2643008,53725,2.705310
2644,2644010,31111,1.566587
2645,2645012,12611,0.635024
2646,2646013,35352,1.780142
2647,2647014,53661,2.702087
2648,2648009,31127,1.567393
2649,2649009,12627,0.635830
2650,2650013,35320,1.778530
2651,2651014,53773,2.707727
2652,2652008,31207,1.571421
2653,2653010,12643,0.636635
2654,2654012,35320,1.778530
2655,2655014,53709,2.704504
2656,2656015,31015,1.561753
2657,2657009,12595,0.634218
2658,2658011,35336,1.779336
2659,2659012,53709,2.704504
2660,2660014,31031,1.562559
2661,2661016,12643,0.636635
2662,2662009,35192,1.772085
2663,2663010,53677,2.702893
2664,2664012,31111,1.566587
2665,2665014,12627,0.635830
2666,2666009,35304,1.777725
2667,2667010,53741,2.706116
2668,2668011,31111,1.566587
2669,2669012,12595,0.634218
2670,2670013,35368,1.780948
2671,2671014,53837,2.710950
2672,2672009,31159,1.569004
2673,2673011,12643,0.636635
2674,2674014,35368,1.780948
2675,2675008,53741,2.706116
2676,2676011,31031,1.562559
2677,2677012,12659,0.637441
2678,2678013,35320,1.778530
2679,2679014,53709,2.704504
2680,2680010,31159,1.569004
2681,2681012,12627,0.635830
2682,2682014,35320,1.778530
2683,2683014,53709,2.704504
2684,2684009,31127,1.567393
2685,2685011,12627,0.635830
2686,2686012,35336,1.779336
2687,2687013,53725,2.705310
2688,2688014,30999,1.560948
2689,2689010,12611,0.635024
2690,2690012,35288,1.776919
2691,2691013,53725,2.705310
2692,2692014,31079,1.564976
2693,2693015,12643,0.636635
2694,2694009,35224,1.773696
2695,2695010,53757,2.706921
2696,2696012,31079,1.564976
2697,2697008,12627,0.635830
2698,2698010,35272,1.776114
2699,2699011,53741,2.706116
2700,2700013,30999,1.560948
2701,2701015,12595,0.634218
2702,2702009,35192,1.772085
2703,2703011,53677,2.702893
2704,2704013,31079,1.564976
2705,2705010,12595,0.634218
2706,2706012,35400,1.782559
2707,2707014,53725,2.705310
2708,2708015,30999,1.560948
2709,2709009,12627,0.635830
2710,2710011,35256,1.775308
2711,2711012,53709,2.704504
2712,2712013,31015,1.561753
2713,2713009,12675,0.638247
2714,2714012,35336,1.779336
2715,2715013,53741,2.706116
2716,2716015,30967,1.559336
2717,2717008,12611,0.635024
2718,2718011,35304,1.777725
2719,2719012,53741,2.706116
2720,2720014,31015,1.561753
2721,2721011,12611,0.635024
2722,2722012,35304,1.777725
2723,2723013,53725,2.705310
2724,2724015,30935,1.557725
2725,2725009,12627,0.635830
2726,2726012,35304,1.777725
2727,2727013,53709,2.704504
2728,2728014,31015,1.561753
2729,2729010,12627,0.635830
2730,2730012,35416,1.783364
2731,2731013,53709,2.704504
2732,2732015,30983,1.560142
2733,2733009,12627,0.635830
2734,2734011,35304,1.777725
2735,2735012,53741,2.706116
2736,2736014,31063,1.564170
2737,2737011,12611,0.635024
2738,2738013,35352,1.780142
2739,2739014,53693,2.703699
2740,2740016,30951,1.558531
2741,2741009,12595,0.634218
2742,2742010,35208,1.772891
2743,2743011,53693,2.703699
2744,2744013,31063,1.564170
2745,2745010,12595,0.634218
2746,2746012,35352,1.780142
2747,2747014,53725,2.705310
2748,2748008,31159,1.569004
2749,2749010,12611,0.635024
2750,2750011,35304,1.777725
2751,2751013,53645,2.701282
2752,2752013,30983,1.560142
2753,2753010,12595,0.634218
2754,2754013,35272,1.776114
2755,2755014,53693,2.703699
2756,2756015,31063,1.564170
2757,2757009,12595,0.634218
2758,2758010,35320,1.778530
2759,2759012,53709,2.704504
2760,2760014,31015,1.561753
2761,2761012,12627,0.635830
2762,2762015,35352,1.780142
2763,2763008,53757,2.706921
2764,2764009,31159,1.569004
2765,2765011,12611,0.635024
2766,2766012,35256,1.775308
2767,2767013,53741,2.706116
2768,2768014,31031,1.562559
2769,2769011,12627,0.635830
2770,2770012,35352,1.780142
2771,2771013,53741,2.706116
2772,2772015,30951,1.558531
2773,2773009,12675,0.638247
2774,2774011,35272,1.776114
2775,2775013,53709,2.704504
2776,2776014,30983,1.560142
2777,2777012,12643,0.636635
2778,2778009,35144,1.769668
2779,2779011,53741,2.706116
2780,2780012,31031,1.562559
2781,2781013,12627,0.635830
2782,2782015,35384,1.781753
2783,2783009,53757,2.706921
2784,2784011,31095,1.565782
2785,2785010,12611,0.635024
2786,2786012,35352,1.780142
2787,2787014,53805,2.709338
2788,2788015,30967,1.559336
2789,2789009,12595,0.634218
2790,2790010,35240,1.774502
2791,2791012,53757,2.706921
2792,2792013,31015,1.561753
2793,2793012,12611,0.635024
2794,2794014,35352,1.780142
2795,2795008,53725,2.705310
2796,2796009,31159,1.569004
2797,2797011,12611,0.635024
2798,2798013,35320,1.778530
2799,2799014,53725,2.705310
2800,2800015,30999,1.560948
2801,2801014,12707,0.639858
2802,2802012,35336,1.779336
2803,2803015,53773,2.707727
2804,2804009,31191,1.570616
2805,2805010,12611,0.635024
2806,2806012,35336,1.779336
2807,2807012,53741,2.706116
2808,2808014,30999,1.560948
2809,2809013,12627,0.635830
2810,2810008,35144,1.769668
2811,2811010,53757,2.706921
2812,2812011,31127,1.567393
2813,2813012,12611,0.635024
2814,2814014,35256,1.775308
2815,2815014,53709,2.704504
2816,2816009,31159,1.569004
2817,2817008,12611,0.635024
2818,2818013,35336,1.779336
2819,2819014,53741,2.706116
2820,2820015,30999,1.560948
2821,2821009,12611,0.635024
2822,2822011,35256,1.775308
2823,2823013,53725,2.705310
2824,2824015,30999,1.560948
2825,2825014,12659,0.637441
2826,2826009,35208,1.772891
2827,2827010,53709,2.704504
2828,2828011,31095,1.565782
2829,2829012,12611,0.635024
2830,2830013,35288,1.776919
2831,2831015,53709,2.704504
2832,2832010,31143,1.568199
2833,2833011,12611,0.635024
2834,2834013,35304,1.777725
2835,2835014,53757,2.706921
2836,2836008,31207,1.571421
2837,2837010,12643,0.636635
2838,2838011,35272,1.776114
2839,2839012,53709,2.704504
2840,2840014,31047,1.563365
2841,2841014,12611,0.635024
2842,2842010,35208,1.772891
2843,2843012,53709,2.704504
2844,2844013,31015,1.561753
2845,2845015,12627,0.635830
2846,2846016,35448,1.784976
2847,2847010,53821,2.710144
2848,2848011,31079,1.564976
2849,2849011,12611,0.635024
2850,2850014,35336,1.779336
2851,2851015,53709,2.704504
2852,2852009,31159,1.569004
2853,2853010,12611,0.635024
2854,2854012,35288,1.776919
2855,2855014,53789,2.708533
2856,2856015,30983,1.560142
2857,2857010,12595,0.634218
2858,2858012,35288,1.776919
2859,2859014,53725,2.705310
2860,2860015,30983,1.560142
2861,2861009,12579,0.633413
2862,2862010,35208,1.772891
2863,2863011,53805,2.709338
2864,2864012,31047,1.563365
2865,2865014,12627,0.635830
2866,2866010,35224,1.773696
2867,2867011,53677,2.702893
2868,2868012,31079,1.564976
2869,2869014,12611,0.635024
2870,2870015,35400,1.782559
2871,2871009,53741,2.706116
2872,2872010,31159,1.569004
2873,2873010,12579,0.633413
2874,2874013,35352,1.780142
2875,2875014,53709,2.704504
2876,2876009,31223,1.572227
2877,2877011,12595,0.634218
2878,2878012,35304,1.777725
2879,2879014,53725,2.705310
2880,2880015,30983,1.560142
2881,2881009,12627,0.635830
2882,2882011,35288,1.776919
2883,2883012,53709,2.704504
2884,2884014,31031,1.562559
2885,2885015,12595,0.634218
2886,2886009,35192,1.772085
2887,2887010,53773,2.707727
2888,2888011,31111,1.566587
2889,2889013,12627,0.635830
2890,2890015,35432,1.784170
2891,2891009,53821,2.710144
2892,2892011,31127,1.567393
2893,2893012,12547,0.631801
2894,2894013,35336,1.779336
2895,2895014,53693,2.703699
2896,2896016,30983,1.560142
2897,2897010,12547,0.631801
2898,2898012,35304,1.777725
2899,2899013,53741,2.706116
2900,2900015,30967,1.559336
2901,2901008,12595,0.634218
2902,2902009,35176,1.771279
2903,2903010,53725,2.705310
2904,2904011,31111,1.566587
2905,2905013,12643,0.636635
2906,2906015,35336,1.779336
2907,2907009,53693,2.703699
2908,2908011,31127,1.567393
2909,2909013,12643,0.636635
2910,2910014,35336,1.779336
2911,2911008,53725,2.705310
2912,2912009,31207,1.571421
2913,2913012,12627,0.635830
2914,2914014,35352,1.780142
2915,2915015,53709,2.704504
2916,2916009,31143,1.568199
2917,2917011,12579,0.633413
2918,2918012,35272,1.776114
2919,2919014,53789,2.708533
2920,2920015,30935,1.557725
2921,2921010,12627,0.635830
2922,2922012,35256,1.775308
2923,2923013,53773,2.707727
2924,2924014,30983,1.560142
2925,2925009,12611,0.635024
2926,2926010,35208,1.772891
2927,2927013,53773,2.707727
2928,2928014,31063,1.564170
2929,2929010,12627,0.635830
2930,2930012,35304,1.777725
2931,2931013,53661,2.702087
2932,2932016,30967,1.559336
2933,2933010,12627,0.635830
2934,2934012,35288,1.776919
2935,2935013,53693,2.703699
2936,2936014,31015,1.561753
2937,2937010,12515,0.630190
2938,2938011,35240,1.774502
2939,2939012,53757,2.706921
2940,2940014,31015,1.561753
2941,2941008,12675,0.638247
2942,2942010,35240,1.774502
2943,2943011,53789,2.708533
2944,2944013,31047,1.563365
2945,2945011,12531,0.630996
2946,2946015,35384,1.781753
2947,2947009,53709,2.704504
2948,2948010,31143,1.568199
2949,2949012,12627,0.635830
2950,2950013,35336,1.779336
2951,2951014,53757,2.706921
2952,2952008,31191,1.570616
2953,2953012,12611,0.635024
2954,2954015,35320,1.778530
2955,2955008,53757,2.706921
2956,2956010,31159,1.569004
2957,2957011,12627,0.635830
2958,2958012,35288,1.776919
2959,2959013,53693,2.703699
2960,2960015,30967,1.559336
2961,2961010,12627,0.635830
2962,2962015,35368,1.780948
2963,2963011,53789,2.708533
2964,2964013,31031,1.562559
2965,2965015,12595,0.634218
2966,2966008,35160,1.770474
2967,2967009,53725,2.705310
2968,2968010,31127,1.567393
2969,2969015,12627,0.635830
2970,2970009,35144,1.769668
2971,2971011,53693,2.703699
2972,2972012,31047,1.563365
2973,2973013,12611,0.635024
2974,2974014,35384,1.781753
2975,2975008,53725,2.705310
2976,2976010,31111,1.566587
2977,2977015,12643,0.636635
2978,2978010,35256,1.775308
2979,2979012,53757,2.706921
2980,2980013,31063,1.564170
2981,2981014,12611,0.635024
2982,2982008,35208,1.772891
2983,2983010,53725,2.705310
2984,2984012,31127,1.567393
2985,2985009,12595,0.634218
2986,2986012,35208,1.772891
2987,2987013,53725,2.705310
2988,2988015,30999,1.560948
2989,2989009,12595,0.634218
2990,2990011,35208,1.772891
2991,2991012,53741,2.706116
2992,2992014,31015,1.561753
2993,2993011,12627,0.635830
2994,2994014,35320,1.778530
2995,2995009,53757,2.706921
2996,2996010,31159,1.569004
2997,2997011,12595,0.634218
2998,2998013,35320,1.778530
2999,2999014,53725,2.705310
3000,3000015,31015,1.561753
3001,3001012,12627,0.635830
3002,3002008,35144,1.769668
3003,3003010,53725,2.705310
3004,3004012,31079,1.564976
3005,3005013,12595,0.634218
3006,3006014,35336,1.779336
3007,3007009,53789,2.708533
3008,3008011,31143,1.568199
3009,3009009,12563,0.632607
3010,3010012,35240,1.774502
3011,3011013,53709,2.704504
3012,3012015,30999,1.560948
3013,3013009,12611,0.635024
3014,3014010,35208,1.772891
3015,3015011,53709,2.704504
3016,3016012,31031,1.562559
3017,3017012,12627,0.635830
3018,3018015,35320,1.778530
3019,3019008,53837,2.710950
3020,3020010,31143,1.568199
3021,3021011,12531,0.630996
3022,3022013,35304,1.777725
3023,3023015,53709,2.704504
3024,3024009,31159,1.569004
3025,3025009,12627,0.635830
3026,3026012,35208,1.772891
3027,3027014,53693,2.703699
3028,3028015,30983,1.560142
3029,3029009,12595,0.634218
3030,3030010,35208,1.772891
3031,3031012,53741,2.706116
3032,3032012,30951,1.558531
3033,3033012,12643,0.636635
3034,3034009,35240,1.774502
3035,3035011,53757,2.706921
3036,3036012,31143,1.568199
3037,3037013,12627,0.635830
3038,3038015,35352,1.780142
3039,3039009,53741,2.706116
3040,3040010,31111,1.566587
3041,3041010,12627,0.635830
3042,3042011,35288,1.776919
3043,3043013,53661,2.702087
3044,3044015,31031,1.562559
3045,3045010,12579,0.633413
3046,3046011,35240,1.774502
3047,3047012,53709,2.704504
3048,3048013,31111,1.566587
3049,3049012,12627,0.635830
3050,3050013,35304,1.777725
3051,3051015,53741,2.706116
3052,3052009,31175,1.569810
3053,3053010,12627,0.635830
3054,3054012,35272,1.776114
3055,3055014,53709,2.704504
3056,3056008,31207,1.571421
3057,3057016,12643,0.636635
3058,3058010,35224,1.773696
3059,3059011,53709,2.704504
3060,3060014,31015,1.561753
3061,3061008,12675,0.638247
3062,3062010,35192,1.772085
3063,3063012,53757,2.706921
3064,3064013,31047,1.563365
3065,3065013,12595,0.634218
3066,3066015,35400,1.782559
3067,3067009,53725,2.705310
3068,3068011,31159,1.569004
3069,3069013,12643,0.636635
3070,3070015,35320,1.778530
3071,3071009,53709,2.704504
3072,3072010,31079,1.564976
3073,3073011,12627,0.635830
3074,3074015,35368,1.780948
3075,3075016,53773,2.707727
3076,3076010,31143,1.568199
3077,3077010,12595,0.634218
3078,3078012,35272,1.776114
3079,3079014,53741,2.706116
3080,3080015,30983,1.560142
3081,3081015,12595,0.634218
3082,3082010,35240,1.774502
3083,3083011,53709,2.704504
3084,3084012,31079,1.564976
3085,3085014,12611,0.635024
3086,3086015,35336,1.779336
3087,3087009,53773,2.707727
3088,3088011,31175,1.569810
3089,3089012,12611,0.635024
3090,3090013,35272,1.776114
3091,3091014,53565,2.697253
3092,3092008,31111,1.566587
3093,3093009,12611,0.635024
3094,3094011,35256,1.775308
3095,3095013,53757,2.706921
3096,3096014,31031,1.562559
3097,3097009,12611,0.635024
3098,3098012,35288,1.776919
3099,3099013,53853,2.711756
3100,3100014,31031,1.562559
3101,3101015,12627,0.635830
3102,3102009,35176,1.771279
3103,3103011,53757,2.706921
3104,3104012,31095,1.565782
3105,3105013,12643,0.636635
3106,3106010,35224,1.773696
3107,3107011,53741,2.706116
3108,3108012,31127,1.567393
3109,3109013,12611,0.635024
3110,3110014,35400,1.782559
3111,3111016,53693,2.703699
3112,3112009,31175,1.569810
3113,3113010,12611,0.635024
3114,3114013,35320,1.778530
3115,3115014,53725,2.705310
3116,3116009,31207,1.571421
3117,3117010,12627,0.635830
3118,3118011,35224,1.773696
3119,3119013,53693,2.703699
3120,3120014,31047,1.563365
3121,3121015,12707,0.639858
3122,3122011,35224,1.773696
3123,3123012,53789,2.708533
3124,3124014,30999,1.560948
3125,3125015,12611,0.635024
3126,3126010,35208,1.772891
3127,3127011,53789,2.708533
3128,3128013,31047,1.563365
3129,3129015,12627,0.635830
3130,3130011,35144,1.769668
3131,3131012,53757,2.706921
3132,3132013,31063,1.564170
3133,3133015,12611,0.635024
3134,3134009,35160,1.770474
3135,3135010,53709,2.704504
3136,3136012,31079,1.564976
3137,3137015,12611,0.635024
3138,3138009,35208,1.772891
3139,3139011,53725,2.705310
3140,3140013,31063,1.564170
3141,3141013,12611,0.635024
3142,3142008,35128,1.768862
3143,3143009,53853,2.711756
3144,3144011,31063,1.564170
3145,3145014,12547,0.631801
3146,3146009,35160,1.770474
3147,3147011,53757,2.706921
3148,3148013,31047,1.563365
3149,3149014,12643,0.636635
3150,3150015,35336,1.779336
3151,3151010,53741,2.706116
3152,3152011,31207,1.571421
3153,3153015,12659,0.637441
3154,3154011,35272,1.776114
3155,3155013,53725,2.705310
3156,3156015,30983,1.560142
3157,3157009,12595,0.634218
3158,3158011,35256,1.775308
3159,3159012,53725,2.705310
3160,3160014,31079,1.564976
3161,3161009,12627,0.635830
3162,3162012,35176,1.771279
3163,3163013,53677,2.702893
3164,3164014,31063,1.564170
3165,3165015,12627,0.635830
3166,3166009,35128,1.768862
3167,3167011,53741,2.706116
3168,3168012,31095,1.565782
3169,3169015,12627,0.635830
3170,3170010,35208,1.772891
3171,3171012,53757,2.706921
3172,3172013,31079,1.564976
3173,3173014,12611,0.635024
3174,3174009,35144,1.769668
3175,3175009,53741,2.706116
3176,3176010,31127,1.567393
3177,3177014,12611,0.635024
3178,3178009,35144,1.769668
3179,3179011,53725,2.705310
3180,3180013,31191,1.570616
3181,3181015,12611,0.635024
3182,3182008,35160,1.770474
3183,3183009,53693,2.703699
3184,3184011,31175,1.569810
3185,3185014,12627,0.635830
3186,3186009,35080,1.766445
3187,3187011,53789,2.708533
3188,3188012,31063,1.564170
3189,3189013,12627,0.635830
3190,3190014,35352,1.780142
3191,3191009,53757,2.706921
3192,3192010,31223,1.572227
3193,3193015,12627,0.635830
3194,3194011,35320,1.778530
3195,3195012,53709,2.704504
3196,3196013,31111,1.566587
3197,3197014,12627,0.635830
3198,3198009,35240,1.774502
3199,3199010,53741,2.706116
3200,3200011,31191,1.570616
3201,3201009,12595,0.634218
3202,3202011,35320,1.778530
3203,3203012,53741,2.706116
3204,3204014,31047,1.563365
3205,3205015,12643,0.636635
3206,3206009,35160,1.770474
3207,3207011,53725,2.705310
3208,3208013,31031,1.562559
3209,3209010,12595,0.634218
3210,3210011,35160,1.770474
3211,3211013,53741,2.706116
3212,3212014,31047,1.563365
3213,3213015,12563,0.632607
3214,3214009,35208,1.772891
3215,3215011,53757,2.706921
3216,3216012,31095,1.565782
3217,3217009,12611,0.635024
3218,3218011,35256,1.775308
3219,3219013,53693,2.703699
3220,3220014,31047,1.563365
3221,3221008,12595,0.634218
3222,3222010,35272,1.776114
3223,3223011,53725,2.705310
3224,3224013,31063,1.564170
3225,3225010,12627,0.635830
3226,3226013,35288,1.776919
3227,3227014,53741,2.706116
3228,3228015,31015,1.561753
3229,3229009,12611,0.635024
3230,3230011,35208,1.772891
3231,3231012,53853,2.711756
3232,3232014,31047,1.563365
3233,3233011,12611,0.635024
3234,3234015,35384,1.781753
3235,3235016,53709,2.704504
3236,3236010,31271,1.574644
3237,3237011,12627,0.635830
3238,3238012,35288,1.776919
3239,3239014,53725,2.705310
3240,3240015,31015,1.561753
3241,3241013,12691,0.639052
3242,3242009,35144,1.769668
3243,3243010,53805,2.709338
3244,3244012,31127,1.567393
3245,3245014,12627,0.635830
3246,3246015,35384,1.781753
3247,3247009,53725,2.705310
3248,3248010,31159,1.569004
3249,3249010,12611,0.635024
3250,3250011,35256,1.775308
3251,3251013,53661,2.702087
3252,3252015,31047,1.563365
3253,3253009,12627,0.635830
3254,3254011,35096,1.767251
3255,3255012,53725,2.705310
3256,3256014,31047,1.563365
3257,3257013,12627,0.635830
3258,3258009,35272,1.776114
3259,3259012,53709,2.704504
3260,3260013,31143,1.568199
3261,3261015,12611,0.635024
3262,3262008,35176,1.771279
3263,3263010,53741,2.706116
3264,3264011,31095,1.565782
3265,3265011,12627,0.635830
3266,3266014,35352,1.780142
3267,3267015,53725,2.705310
3268,3268009,31223,1.572227
3269,3269011,12627,0.635830
3270,3270013,35288,1.776919
3271,3271014,53645,2.701282
3272,3272015,31047,1.563365
3273,3273015,12627,0.635830
3274,3274009,35224,1.773696
3275,3275011,53773,2.707727
3276,3276012,31079,1.564976
3277,3277013,12563,0.632607
3278,3278015,35320,1.778530
3279,3279009,53773,2.707727
3280,3280010,31223,1.572227
3281,3281009,12627,0.635830
3282,3282012,35288,1.776919
3283,3283014,53725,2.705310
3284,3284015,31031,1.562559
3285,3285009,12611,0.635024
3286,3286011,35208,1.772891
3287,3287012,53757,2.706921
3288,3288013,31095,1.565782
3289,3289013,12611,0.635024
3290,3290015,35336,1.779336
3291,3291008,53789,2.708533
3292,3292011,31159,1.569004
3293,3293012,12627,0.635830
3294,3294015,35368,1.780948
3295,3295009,53773,2.707727
3296,3296010,31143,1.568199
3297,3297009,12643,0.636635
3298,3298014,35304,1.777725
3299,3299010,53805,2.709338
3300,3300013,31063,1.564170
3301,3301014,12627,0.635830
3302,3302009,35160,1.770474
3303,3303010,53725,2.705310
3304,3304011,31127,1.567393
3305,3305012,12627,0.635830
3306,3306015,35448,1.784976
3307,3307011,53853,2.711756
3308,3308012,31095,1.565782
3309,3309014,12627,0.635830
3310,3310015,35352,1.780142
3311,3311010,53741,2.706116
3312,3312010,31175,1.569810
3313,3313011,12627,0.635830
3314,3314014,35336,1.779336
3315,3315015,53757,2.706921
3316,3316009,31191,1.570616
3317,3317010,12611,0.635024
3318,3318011,35224,1.773696
3319,3319013,53709,2.704504
3320,3320015,30951,1.558531
3321,3321015,12643,0.636635
3322,3322012,35272,1.776114
3323,3323012,53709,2.704504
3324,3324013,31079,1.564976
3325,3325014,12627,0.635830
3326,3326015,35400,1.782559
3327,3327010,53725,2.705310
3328,3328011,31143,1.568199
3329,3329012,12707,0.639858
3330,3330014,35336,1.779336
3331,3331015,53773,2.707727
3332,3332009,31223,1.572227
3333,3333010,12499,0.629384
3334,3334011,35256,1.775308
3335,3335012,53741,2.706116
3336,3336015,31031,1.562559
3337,3337008,12627,0.635830
3338,3338011,35256,1.775308
3339,3339013,53725,2.705310
3340,3340014,31015,1.561753
3341,3341008,12595,0.634218
3342,3342010,35160,1.770474
3343,3343011,53773,2.707727
3344,3344012,31127,1.567393
3345,3345013,12579,0.633413
3346,3346010,35144,1.769668
3347,3347011,53741,2.706116
3348,3348012,31079,1.564976
3349,3349014,12627,0.635830
3350,3350015,35352,1.780142
3351,3351009,53757,2.706921
3352,3352010,31191,1.570616
3353,3353011,12627,0.635830
3354,3354013,35336,1.779336
3355,3355014,53725,2.705310
3356,3356009,31191,1.570616
3357,3357011,12595,0.634218
3358,3358012,35320,1.778530
3359,3359014,53741,2.706116
3360,3360015,31047,1.563365
3361,3361011,12595,0.634218
3362,3362014,35320,1.778530
3363,3363016,53677,2.702893
3364,3364010,31143,1.568199
3365,3365011,12595,0.634218
3366,3366013,35288,1.776919
3367,3367014,53677,2.702893
3368,3368016,30983,1.560142
3369,3369011,12627,0.635830
3370,3370014,35288,1.776919
3371,3371015,53741,2.706116
3372,3372009,31175,1.569810
3373,3373010,12595,0.634218
3374,3374012,35224,1.773696
3375,3375014,53725,2.705310
3376,3376015,30999,1.560948
3377,3377009,12595,0.634218
3378,3378012,35272,1.776114
3379,3379013,53757,2.706921
3380,3380014,31047,1.563365
3381,3381009,12611,0.635024
3382,3382010,35192,1.772085
3383,3383012,53757,2.706921
3384,3384014,31047,1.563365
3385,3385009,12595,0.634218
3386,3386012,35256,1.775308
3387,3387014,53725,2.705310
3388,3388015,30983,1.560142
3389,3389010,12627,0.635830
3390,3390011,35240,1.774502
3391,3391013,53773,2.707727
3392,3392015,31015,1.561753
3393,3393011,12611,0.635024
3394,3394014,35272,1.776114
3395,3395015,53789,2.708533
3396,3396008,31159,1.569004
3397,3397010,12563,0.632607
3398,3398011,35192,1.772085
3399,3399013,53693,2.703699
3400,3400015,31015,1.561753
3401,3401011,12595,0.634218
3402,3402012,35304,1.777725
3403,3403014,53677,2.702893
3404,3404009,31239,1.573033
3405,3405009,12643,0.636635
3406,3406011,35224,1.773696
3407,3407012,53741,2.706116
3408,3408014,31063,1.564170
3409,3409011,12611,0.635024
3410,3410016,35368,1.780948
3411,3411009,53741,2.706116
3412,3412011,31191,1.570616
3413,3413012,12595,0.634218
3414,3414013,35336,1.779336
3415,3415015,53725,2.705310
3416,3416009,31207,1.571421
3417,3417013,12611,0.635024
3418,3418015,35336,1.779336
3419,3419009,53789,2.708533
3420,3420011,31127,1.567393
3421,3421013,12579,0.633413
3422,3422014,35368,1.780948
3423,3423008,53757,2.706921
3424,3424010,31239,1.573033
3425,3425013,12627,0.635830
3426,3426008,35192,1.772085
3427,3427010,53725,2.705310
3428,3428012,31063,1.564170
3429,3429013,12611,0.635024
3430,3430015,35336,1.779336
3431,3431009,53821,2.710144
3432,3432010,31271,1.574644
3433,3433015,12611,0.635024
3434,3434012,35240,1.774502
3435,3435014,53789,2.708533
3436,3436015,31047,1.563365
3437,3437009,12611,0.635024
3438,3438011,35224,1.773696
3439,3439013,53773,2.707727
3440,3440014,31015,1.561753
3441,3441012,12627,0.635830
3442,3442009,35176,1.771279
3443,3443011,53773,2.707727
3444,3444012,31063,1.564170
3445,3445014,12627,0.635830
3446,3446016,35336,1.779336
3447,3447010,53773,2.707727
3448,3448011,31159,1.569004
3449,3449015,12627,0.635830
3450,3450009,35128,1.768862
3451,3451010,53789,2.708533
3452,3452011,31143,1.568199
3453,3453014,12627,0.635830
3454,3454015,35384,1.781753
3455,3455009,53725,2.705310
3456,3456010,31095,1.565782
3457,3457014,12595,0.634218
3458,3458011,35272,1.776114
3459,3459012,53757,2.706921
3460,3460014,31047,1.563365
3461,3461016,12595,0.634218
3462,3462010,35112,1.768057
3463,3463011,53789,2.708533
3464,3464012,31095,1.565782
3465,3465010,12611,0.635024
3466,3466012,35288,1.776919
3467,3467013,53773,2.707727
3468,3468015,31031,1.562559
3469,3469010,12563,0.632607
3470,3470010,35256,1.775308
3471,3471012,53741,2.706116
3472,3472013,31047,1.563365
3473,3473012,12691,0.639052
3474,3474009,35160,1.770474
3475,3475010,53693,2.703699
3476,3476012,31143,1.568199
3477,3477013,12643,0.636635
3478,3478008,35176,1.771279
3479,3479009,53725,2.705310
3480,3480011,31159,1.569004
3481,3481009,12627,0.635830
3482,3482011,35240,1.774502
3483,3483013,53757,2.706921
3484,3484014,31063,1.564170
3485,3485016,12627,0.635830
3486,3486009,35160,1.770474
3487,3487011,53757,2.706921
3488,3488012,31095,1.565782
3489,3489010,12595,0.634218
3490,3490014,35272,1.776114
3491,3491015,53805,2.709338
3492,3492010,31207,1.571421
3493,3493011,12627,0.635830
3494,3494013,35256,1.775308
3495,3495013,53741,2.706116
3496,3496014,31063,1.564170
3497,3497015,12643,0.636635
3498,3498009,35160,1.770474
3499,3499010,53725,2.705310
3500,3500011,31143,1.568199
3501,3501013,12611,0.635024
3502,3502015,35352,1.780142
3503,3503015,53693,2.703699
3504,3504009,31271,1.574644
3505,3505010,12611,0.635024
3506,3506013,35304,1.777725
3507,3507015,53741,2.706116
3508,3508009,31239,1.573033
3509,3509010,12579,0.633413
3510,3510011,35256,1.775308
3511,3511013,53757,2.706921
3512,3512014,31015,1.561753
3513,3513014,12627,0.635830
3514,3514010,35176,1.771279
3515,3515011,53757,2.706921
3516,3516013,31063,1.564170
3517,3517014,12627,0.635830
3518,3518015,35368,1.780948
3519,3519009,53645,2.701282
3520,3520011,31159,1.569004
3521,3521012,12611,0.635024
3522,3522014,35288,1.776919
3523,3523016,53805,2.709338
3524,3524010,31143,1.568199
3525,3525012,12659,0.637441
3526,3526013,35288,1.776919
3527,3527014,53709,2.704504
3528,3528015,31111,1.566587
3529,3529015,12611,0.635024
3530,3530012,35288,1.776919
3531,3531015,53789,2.708533
3532,3532010,31207,1.571421
3533,3533010,12659,0.637441
3534,3534012,35288,1.776919
3535,3535013,53677,2.702893
3536,3536015,31047,1.563365
3537,3537014,12563,0.632607
3538,3538008,35096,1.767251
3539,3539010,53757,2.706921
3540,3540011,31111,1.566587
3541,3541013,12595,0.634218
3542,3542015,35352,1.780142
3543,3543009,53789,2.708533
3544,3544011,31175,1.569810
3545,3545011,12563,0.632607
3546,3546014,35320,1.778530
3547,3547015,53725,2.705310
3548,3548010,31175,1.569810
3549,3549012,12611,0.635024
3550,3550014,35272,1.776114
3551,3551015,53757,2.706921
3552,3552009,31239,1.573033
3553,3553015,12659,0.637441
3554,3554011,35192,1.772085
3555,3555012,53725,2.705310
3556,3556013,31079,1.564976
3557,3557014,12611,0.635024
3558,3558015,35336,1.779336
3559,3559010,53709,2.704504
3560,3560011,31079,1.564976
3561,3561013,12611,0.635024
3562,3562015,35304,1.777725
3563,3563009,53869,2.712561
3564,3564010,31175,1.569810
3565,3565012,12595,0.634218
3566,3566014,35272,1.776114
3567,3567015,53741,2.706116
3568,3568009,31223,1.572227
3569,3569012,12595,0.634218
3570,3570015,35320,1.778530
3571,3571010,53725,2.705310
3572,3572012,31111,1.566587
3573,3573013,12611,0.635024
3574,3574014,35320,1.778530
3575,3575015,53853,2.711756
3576,3576010,31207,1.571421
3577,3577012,12627,0.635830
3578,3578015,35352,1.780142
3579,3579009,53757,2.706921
3580,3580011,31191,1.570616
3581,3581012,12627,0.635830
3582,3582014,35320,1.778530
3583,3583015,53725,2.705310
3584,3584009,31207,1.571421
3585,3585012,12595,0.634218
3586,3586014,35368,1.780948
3587,3587009,53693,2.703699
3588,3588010,31191,1.570616
3589,3589011,12579,0.633413
3590,3590012,35288,1.776919
3591,3591013,53709,2.704504
3592,3592014,31047,1.563365
3593,3593010,12595,0.634218
3594,3594012,35240,1.774502
3595,3595014,53725,2.705310
3596,3596015,30999,1.560948
3597,3597009,12675,0.638247
3598,3598010,35160,1.770474
3599,3599011,53821,2.710144
3600,3600012,31127,1.567393
3601,3601014,12611,0.635024
3602,3602009,35032,1.764028
3603,3603010,53773,2.707727
3604,3604012,31175,1.569810
3605,3605013,12627,0.635830
3606,3606015,35304,1.777725
3607,3607009,53725,2.705310
3608,3608010,31143,1.568199
3609,3609014,12595,0.634218
3610,3610016,35336,1.779336
3611,3611009,53661,2.702087
3612,3612010,31159,1.569004
3613,3613012,12611,0.635024
3614,3614013,35288,1.776919
3615,3615014,53725,2.705310
3616,3616008,31271,1.574644
3617,3617011,12611,0.635024
3618,3618008,35320,1.778530
3619,3619010,53773,2.707727
3620,3620011,31175,1.569810
3621,3621013,12627,0.635830
3622,3622014,35304,1.777725
3623,3623015,53773,2.707727
3624,3624008,31271,1.574644
3625,3625011,12611,0.635024
3626,3626014,35368,1.780948
3627,3627008,53757,2.706921
3628,3628010,31207,1.571421
3629,3629011,12627,0.635830
3630,3630013,35288,1.776919
3631,3631015,53741,2.706116
3632,3632016,31047,1.563365
3633,3633011,12595,0.634218
3634,3634014,35304,1.777725
3635,3635009,53677,2.702893
3636,3636010,31207,1.571421
3637,3637012,12643,0.636635
3638,3638014,35304,1.777725
3639,3639016,53773,2.707727
3640,3640009,31207,1.571421
3641,3641013,12627,0.635830
3642,3642015,35320,1.778530
3643,3643009,53741,2.706116
3644,3644011,31159,1.569004
3645,3645012,12627,0.635830
3646,3646014,35272,1.776114
3647,3647015,53757,2.706921
3648,3648010,31239,1.573033
3649,3649013,12611,0.635024
3650,3650016,35336,1.779336
3651,3651009,53789,2.708533
3652,3652010,31223,1.572227
3653,3653012,12595,0.634218
3654,3654013,35288,1.776919
3655,3655014,53725,2.705310
3656,3656015,30999,1.560948
3657,3657012,12611,0.635024
3658,3658014,35352,1.780142
3659,3659009,53901,2.714173
3660,3660011,31175,1.569810
3661,3661013,12611,0.635024
3662,3662015,35320,1.778530
3663,3663009,53709,2.704504
3664,3664010,31207,1.571421
3665,3665014,12595,0.634218
3666,3666012,35208,1.772891
3667,3667014,53725,2.705310
3668,3668014,31031,1.562559
3669,3669015,12611,0.635024
3670,3670009,35144,1.769668
3671,3671011,53773,2.707727
3672,3672013,31095,1.565782
3673,3673010,12595,0.634218
3674,3674012,35224,1.773696
3675,3675014,53805,2.709338
3676,3676015,30999,1.560948
3677,3677009,12579,0.633413
3678,3678010,35160,1.770474
3679,3679012,53709,2.704504
3680,3680012,31175,1.569810
3681,3681011,12595,0.634218
3682,3682013,35256,1.775308
3683,3683014,53741,2.706116
3684,3684009,31207,1.571421
3685,3685010,12595,0.634218
3686,3686012,35256,1.775308
3687,3687013,53741,2.706116
3688,3688015,31015,1.561753
3689,3689014,12627,0.635830
3690,3690015,35368,1.780948
3691,3691009,53757,2.706921
3692,3692010,31207,1.571421
3693,3693012,12627,0.635830
3694,3694014,35320,1.778530
3695,3695015,53677,2.702893
3696,3696009,31351,1.578672
3697,3697015,12595,0.634218
3698,3698009,35128,1.768862
3699,3699010,53741,2.706116
3700,3700011,31191,1.570616
3701,3701013,12595,0.634218
3702,3702014,35288,1.776919
3703,3703015,53757,2.706921
3704,3704009,31191,1.570616
3705,3705014,12627,0.635830
3706,3706016,35384,1.781753
3707,3707009,53773,2.707727
3708,3708011,31159,1.569004
3709,3709013,12611,0.635024
3710,3710014,35336,1.779336
3711,3711015,53677,2.702893
3712,3712008,31207,1.571421
3713,3713014,12579,0.633413
3714,3714009,35048,1.764834
3715,3715010,53757,2.706921
3716,3716012,31111,1.566587
3717,3717013,12595,0.634218
3718,3718014,35320,1.778530
3719,3719015,53757,2.706921
3720,3720010,31111,1.566587
3721,3721016,12611,0.635024
3722,3722009,35112,1.768057
3723,3723011,53709,2.704504
3724,3724012,31127,1.567393
3725,3725013,12611,0.635024
3726,3726015,35320,1.778530
3727,3727009,53741,2.706116
3728,3728009,31207,1.571421
3729,3729009,12595,0.634218
3730,3730014,35256,1.775308
3731,3731015,53741,2.706116
3732,3732009,31159,1.569004
3733,3733010,12579,0.633413
3734,3734011,35256,1.775308
3735,3735013,53725,2.705310
3736,3736013,31079,1.564976
3737,3737012,12611,0.635024
3738,3738014,35304,1.777725
3739,3739008,53725,2.705310
3740,3740009,31191,1.570616
3741,3741011,12595,0.634218
3742,3742012,35208,1.772891
3743,3743013,53741,2.706116
3744,3744014,31079,1.564976
3745,3745014,12643,0.636635
3746,3746010,35144,1.769668
3747,3747012,53725,2.705310
3748,3748014,31111,1.566587
3749,3749015,12611,0.635024
3750,3750009,35128,1.768862
3751,3751011,53725,2.705310
3752,3752013,31191,1.570616
3753,3753013,12563,0.632607
3754,3754015,35352,1.780142
3755,3755008,53725,2.705310
3756,3756011,31223,1.572227
3757,3757012,12595,0.634218
3758,3758014,35256,1.775308
3759,3759015,53725,2.705310
3760,3760010,31127,1.567393
3761,3761011,12595,0.634218
3762,3762014,35320,1.778530
3763,3763016,53709,2.704504
3764,3764009,31191,1.570616
3765,3765010,12611,0.635024
3766,3766012,35240,1.774502
3767,3767013,53773,2.707727
3768,3768014,31047,1.563365
3769,3769015,12611,0.635024
3770,3770010,35176,1.771279
3771,3771012,53757,2.706921
3772,3772014,31047,1.563365
3773,3773015,12611,0.635024
3774,3774008,35192,1.772085
3775,3775010,53757,2.706921
3776,3776012,31255,1.573838
3777,3777012,12611,0.635024
3778,3778010,35144,1.769668
3779,3779011,53789,2.708533
3780,3780012,31143,1.568199
3781,3781013,12611,0.635024
3782,3782015,35320,1.778530
3783,3783009,53741,2.706116
3784,3784010,31191,1.570616
3785,3785012,12611,0.635024
3786,3786015,35304,1.777725
3787,3787009,53725,2.705310
3788,3788010,31271,1.574644
3789,3789012,12563,0.632607
3790,3790013,35304,1.777725
3791,3791015,53693,2.703699
3792,3792009,31271,1.574644
3793,3793011,12579,0.633413
3794,3794013,35224,1.773696
3795,3795014,53709,2.704504
3796,3796009,31223,1.572227
3797,3797010,12611,0.635024
3798,3798011,35208,1.772891
3799,3799012,53741,2.706116
3800,3800014,31079,1.564976
3801,3801015,12627,0.635830
3802,3802010,35064,1.765640
3803,3803011,53789,2.708533
3804,3804012,31047,1.563365
3805,3805014,12627,0.635830
3806,3806008,35112,1.768057
3807,3807009,53837,2.710950
3808,3808011,31159,1.569004
3809,3809014,12627,0.635830
3810,3810016,35352,1.780142
3811,3811010,53709,2.704504
3812,3812011,31191,1.570616
3813,3813013,12611,0.635024
3814,3814014,35320,1.778530
3815,3815016,53773,2.707727
3816,3816009,31191,1.570616
3817,3817012,12611,0.635024
3818,3818014,35304,1.777725
3819,3819015,53773,2.707727
3820,3820009,31239,1.573033
3821,3821010,12595,0.634218
3822,3822012,35240,1.774502
3823,3823014,53757,2.706921
3824,3824008,31303,1.576255
3825,3825011,12627,0.635830
3826,3826012,35208,1.772891
3827,3827013,53789,2.708533
3828,3828014,31063,1.564170
3829,3829008,12627,0.635830
3830,3830010,35064,1.765640
3831,3831012,53773,2.707727
3832,3832013,31159,1.569004
3833,3833015,12611,0.635024
3834,3834010,35160,1.770474
3835,3835011,53757,2.706921
3836,3836013,31127,1.567393
3837,3837015,12595,0.634218
3838,3838009,35096,1.767251
3839,3839010,53613,2.699670
3840,3840011,31175,1.569810
3841,3841016,12611,0.635024
3842,3842012,35192,1.772085
3843,3843014,53725,2.705310
3844,3844016,31015,1.561753
3845,3845009,12579,0.633413
3846,3846010,35192,1.772085
3847,3847012,53741,2.706116
3848,3848013,31095,1.565782
3849,3849010,12563,0.632607
3850,3850015,35272,1.776114
3851,3851009,53725,2.705310
3852,3852011,31159,1.569004
3853,3853012,12579,0.633413
3854,3854014,35272,1.776114
3855,3855015,53773,2.707727
3856,3856010,31191,1.570616
3857,3857014,12691,0.639052
3858,3858009,35128,1.768862
3859,3859010,53709,2.704504
3860,3860012,31143,1.568199
3861,3861013,12563,0.632607
3862,3862015,35272,1.776114
3863,3863009,53741,2.706116
3864,3864010,31127,1.567393
3865,3865015,12627,0.635830
3866,3866011,35208,1.772891
3867,3867013,53773,2.707727
3868,3868014,31095,1.565782
3869,3869015,12627,0.635830
3870,3870010,35080,1.766445
3871,3871011,53917,2.714978
3872,3872012,31159,1.569004
3873,3873008,12611,0.635024
3874,3874013,35272,1.776114
3875,3875015,53725,2.705310
3876,3876009,31255,1.573838
3877,3877011,12595,0.634218
3878,3878012,35240,1.774502
3879,3879014,53757,2.706921
3880,3880015,31047,1.563365
3881,3881011,12563,0.632607
3882,3882008,35128,1.768862
3883,3883011,53725,2.705310
3884,3884014,31111,1.566587
3885,3885015,12611,0.635024
3886,3886009,35112,1.768057
3887,3887010,53853,2.711756
3888,3888011,31159,1.569004
3889,3889009,12627,0.635830
3890,3890014,35272,1.776114
3891,3891015,53661,2.702087
3892,3892008,31271,1.574644
3893,3893009,12563,0.632607
3894,3894011,35160,1.770474
3895,3895012,53757,2.706921
3896,3896014,31079,1.564976
3897,3897011,12595,0.634218
3898,3898012,35240,1.774502
3899,3899014,53709,2.704504
3900,3900008,31319,1.577061
3901,3901009,12643,0.636635
3902,3902011,35048,1.764834
3903,3903013,53757,2.706921
3904,3904013,31111,1.566587
3905,3905010,12611,0.635024
3906,3906012,35272,1.776114
3907,3907014,53725,2.705310
3908,3908008,31239,1.573033
3909,3909010,12611,0.635024
3910,3910010,35176,1.771279
3911,3911012,53773,2.707727
3912,3912013,31127,1.567393
3913,3913011,12563,0.632607
3914,3914014,35288,1.776919
3915,3915015,53741,2.706116
3916,3916009,31175,1.569810
3917,3917010,12531,0.630996
3918,3918012,35224,1.773696
3919,3919013,53773,2.707727
3920,3920014,31111,1.566587
3921,3921011,12595,0.634218
3922,3922015,35320,1.778530
3923,3923010,53789,2.708533
3924,3924012,31207,1.571421
3925,3925014,12611,0.635024
3926,3926009,35096,1.767251
3927,3927010,53773,2.707727
3928,3928012,31111,1.566587
3929,3929010,12515,0.630190
3930,3930015,35320,1.778530
3931,3931009,53773,2.707727
3932,3932011,31111,1.566587
3933,3933012,12611,0.635024
3934,3934014,35288,1.776919
3935,3935008,53821,2.710144
3936,3936009,31239,1.573033
3937,3937009,12547,0.631801
3938,3938011,35160,1.770474
3939,3939012,53725,2.705310
3940,3940013,31079,1.564976
3941,3941015,12595,0.634218
3942,3942008,35032,1.764028
3943,3943010,53773,2.707727
3944,3944012,31143,1.568199
3945,3945011,12675,0.638247
3946,3946014,35352,1.780142
3947,3947015,53709,2.704504
3948,3948008,31255,1.573838
3949,3949009,12611,0.635024
3950,3950011,35128,1.768862
3951,3951012,53757,2.706921
3952,3952013,31111,1.566587
3953,3953014,12627,0.635830
3954,3954009,35128,1.768862
3955,3955011,53757,2.706921
3956,3956012,31159,1.569004
3957,3957014,12627,0.635830
3958,3958016,35320,1.778530
3959,3959009,53757,2.706921
3960,3960010,31207,1.571421
3961,3961010,12515,0.630190
3962,3962013,35208,1.772891
3963,3963014,53773,2.707727
3964,3964016,31063,1.564170
3965,3965009,12483,0.628579
3966,3966010,35208,1.772891
3967,3967011,53805,2.709338
3968,3968013,31127,1.567393
3969,3969012,12627,0.635830
3970,3970015,35304,1.777725
3971,3971011,53757,2.706921
3972,3972012,31175,1.569810
3973,3973013,12595,0.634218
3974,3974014,35304,1.777725
3975,3975015,53693,2.703699
3976,3976009,31127,1.567393
3977,3977009,12563,0.632607
3978,3978011,35176,1.771279
3979,3979012,53773,2.707727
3980,3980014,31063,1.564170
3981,3981015,12595,0.634218
3982,3982010,35128,1.768862
3983,3983011,53869,2.712561
3984,3984012,31143,1.568199
3985,3985012,12595,0.634218
3986,3986014,35288,1.776919
3987,3987008,53773,2.707727
3988,3988009,31223,1.572227
3989,3989011,12627,0.635830
3990,3990012,35240,1.774502
3991,3991012,53789,2.708533
3992,3992014,31079,1.564976
3993,3993015,12627,0.635830
3994,3994012,35208,1.772891
3995,3995014,53789,2.708533
3996,3996015,31031,1.562559
3997,3997009,12499,0.629384
3998,3998010,35128,1.768862
3999,3999012,53757,2.706921
4000,4000013,31095,1.565782
4001,4001014,12627,0.635830
4002,4002010,35192,1.772085
4003,4003011,53741,2.706116
4004,4004012,31159,1.569004
4005,4005014,12643,0.636635
4006,4006015,35320,1.778530
4007,4007009,53821,2.710144
4008,4008010,31191,1.570616
4009,4009013,12595,0.634218
4010,4010010,35144,1.769668
4011,4011011,53805,2.709338
4012,4012013,31063,1.564170
4013,4013014,12595,0.634218
4014,4014015,35288,1.776919
4015,4015009,53757,2.706921
4016,4016010,31223,1.572227
4017,4017012,12611,0.635024
4018,4018015,35320,1.778530
4019,4019009,53853,2.711756
4020,4020010,31191,1.570616
4021,4021012,12691,0.639052
4022,4022014,35240,1.774502
4023,4023015,53741,2.706116
4024,4024009,31207,1.571421
4025,4025010,12611,0.635024
4026,4026013,35336,1.779336
4027,4027015,53725,2.705310
4028,4028009,31255,1.573838
4029,4029010,12595,0.634218
4030,4030011,35320,1.778530
4031,4031013,53709,2.704504
4032,4032015,31095,1.565782
4033,4033009,12579,0.633413
4034,4034013,35288,1.776919
4035,4035015,53773,2.707727
4036,4036009,31223,1.572227
4037,4037010,12627,0.635830
4038,4038011,35160,1.770474
4039,4039013,53741,2.706116
4040,4040014,31111,1.566587
4041,4041009,12579,0.633413
4042,4042013,35240,1.774502
4043,4043015,53805,2.709338
4044,4044009,31239,1.573033
4045,4045011,12579,0.633413
4046,4046012,35224,1.773696
4047,4047013,53773,2.707727
4048,4048014,31063,1.564170
4049,4049010,12595,0.634218
4050,4050012,35240,1.774502
4051,4051013,53773,2.707727
4052,4052014,31063,1.564170
4053,4053009,12563,0.632607
4054,4054011,35176,1.771279
4055,4055013,53757,2.706921
4056,4056015,31063,1.564170
4057,4057011,12611,0.635024
4058,4058013,35256,1.775308
4059,4059015,53757,2.706921
4060,4060008,31255,1.573838
4061,4061011,12627,0.635830
4062,4062012,35240,1.774502
4063,4063014,53757,2.706921
4064,4064015,31047,1.563365
4065,4065010,12595,0.634218
4066,4066012,35224,1.773696
4067,4067013,53741,2.706116
4068,4068015,31047,1.563365
4069,4069016,12627,0.635830
4070,4070010,35096,1.767251
4071,4071011,53757,2.706921
4072,4072012,31143,1.568199
4073,4073009,12643,0.636635
4074,4074012,35256,1.775308
4075,4075015,53837,2.710950
4076,4076009,31207,1.571421
4077,4077011,12499,0.629384
4078,4078012,35224,1.773696
4079,4079013,53693,2.703699
4080,4080015,31111,1.566587
4081,4081011,12595,0.634218
4082,4082014,35240,1.774502
4083,4083015,53789,2.708533
4084,4084009,31255,1.573838
4085,4085011,12611,0.635024
4086,4086012,35240,1.774502
4087,4087013,53661,2.702087
4088,4088014,31047,1.563365
4089,4089012,12563,0.632607
4090,4090015,35288,1.776919
4091,4091009,53661,2.702087
4092,4092010,31143,1.568199
4093,4093011,12563,0.632607
4094,4094013,35224,1.773696
4095,4095014,53789,2.708533
4096,4096008,31287,1.575450
4097,4097012,12595,0.634218
4098,4098015,35336,1.779336
4099,4099009,53773,2.707727
4100,4100011,31143,1.568199
4101,4101012,12579,0.633413
4102,4102013,35240,1.774502
4103,4103015,53693,2.703699
4104,4104016,31015,1.561753
4105,4105013,12643,0.636635
4106,4106015,35272,1.776114
4107,4107009,53789,2.708533
4108,4108010,31207,1.571421
4109,4109012,12627,0.635830
4110,4110014,35240,1.774502
4111,4111015,53741,2.706116
4112,4112010,31207,1.571421
4113,4113013,12579,0.633413
4114,4114015,35304,1.777725
4115,4115009,53789,2.708533
4116,4116010,31175,1.569810
4117,4117012,12595,0.634218
4118,4118014,35288,1.776919
4119,4119015,53725,2.705310
4120,4120008,31271,1.574644
4121,4121014,12563,0.632607
4122,4122015,35320,1.778530
4123,4123009,53741,2.706116
4124,4124010,31143,1.568199
4125,4125011,12595,0.634218
4126,4126013,35192,1.772085
4127,4127014,53725,2.705310
4128,4128009,31287,1.575450
4129,4129014,12595,0.634218
4130,4130009,35112,1.768057
4131,4131011,53773,2.707727
4132,4132012,31143,1.568199
4133,4133013,12595,0.634218
4134,4134015,35240,1.774502
4135,4135009,53757,2.706921
4136,4136011,31175,1.569810
4137,4137009,12595,0.634218
4138,4138011,35224,1.773696
4139,4139013,53677,2.702893
4140,4140014,31079,1.564976
4141,4141008,12595,0.634218
4142,4142009,35128,1.768862
4143,4143011,53757,2.706921
4144,4144012,31175,1.569810
4145,4145009,12643,0.636635
4146,4146011,35144,1.769668
4147,4147012,53741,2.706116
4148,4148014,31079,1.564976
4149,4149015,12595,0.634218
4150,4150009,35080,1.766445
4151,4151011,53773,2.707727
4152,4152013,31111,1.566587
4153,4153010,12611,0.635024
4154,4154013,35320,1.778530
4155,4155015,53757,2.706921
4156,4156009,31271,1.574644
4157,4157011,12595,0.634218
4158,4158012,35112,1.768057
4159,4159013,53597,2.698865
4160,4160015,31047,1.563365
4161,4161013,12611,0.635024
4162,4162015,35256,1.775308
4163,4163009,53837,2.710950
4164,4164010,31175,1.569810
4165,4165012,12579,0.633413
4166,4166014,35064,1.765640
4167,4167016,53757,2.706921
4168,4168009,31255,1.573838
4169,4169015,12611,0.635024
4170,4170009,35128,1.768862
4171,4171010,53757,2.706921
4172,4172011,31159,1.569004
4173,4173013,12595,0.634218
4174,4174015,35288,1.776919
4175,4175016,53789,2.708533
4176,4176009,31255,1.573838
4177,4177009,12611,0.635024
4178,4178011,35144,1.769668
4179,4179012,53789,2.708533
4180,4180013,31047,1.563365
4181,4181014,12627,0.635830
4182,4182008,35128,1.768862
4183,4183010,53741,2.706116
4184,4184012,31175,1.569810
4185,4185012,12627,0.635830
4186,4186015,35400,1.782559
4187,4187009,53741,2.706116
4188,4188012,31127,1.567393
4189,4189013,12611,0.635024
4190,4190014,35256,1.775308
4191,4191009,53709,2.704504
4192,4192010,31223,1.572227
4193,4193010,12595,0.634218
4194,4194015,35240,1.774502
4195,4195016,53725,2.705310
4196,4196009,31271,1.574644
4197,4197011,12563,0.632607
4198,4198012,35192,1.772085
4199,4199013,53773,2.707727
4200,4200014,31079,1.564976
4201,4201014,12595,0.634218
4202,4202009,35128,1.768862
4203,4203010,53757,2.706921
4204,4204012,31127,1.567393
4205,4205013,12595,0.634218
4206,4206015,35368,1.780948
4207,4207009,53869,2.712561
4208,4208009,31255,1.573838
4209,4209008,12595,0.634218
4210,4210011,35160,1.770474
4211,4211012,53757,2.706921
4212,4212014,31095,1.565782
4213,4213015,12595,0.634218
4214,4214009,35080,1.766445
4215,4215009,53693,2.703699
4216,4216011,31223,1.572227
4217,4217011,12595,0.634218
4218,4218012,35208,1.772891
4219,4219014,53741,2.706116
4220,4220015,31255,1.573838
4221,4221009,12595,0.634218
4222,4222009,35144,1.769668
4223,4223011,53805,2.709338
4224,4224013,31127,1.567393
4225,4225013,12627,0.635830
4226,4226015,35288,1.776919
4227,4227009,53821,2.710144
4228,4228010,31175,1.569810
4229,4229012,12579,0.633413
4230,4230013,35256,1.775308
4231,4231014,53789,2.708533
4232,4232015,31047,1.563365
4233,4233009,12563,0.632607
4234,4234010,35144,1.769668
4235,4235012,53773,2.707727
4236,4236013,31111,1.566587
4237,4237014,12595,0.634218
4238,4238015,35336,1.779336
4239,4239009,53773,2.707727
4240,4240011,31207,1.571421
4241,4241014,12627,0.635830
4242,4242011,35224,1.773696
4243,4243012,53741,2.706116
4244,4244014,31127,1.567393
4245,4245015,12595,0.634218
4246,4246010,35112,1.768057
4247,4247011,53773,2.707727
4248,4248012,31095,1.565782
4249,4249012,12595,0.634218
4250,4250014,35240,1.774502
4251,4251016,53773,2.707727
4252,4252009,31223,1.572227
4253,4253011,12579,0.633413
4254,4254012,35224,1.773696
4255,4255014,53789,2.708533
4256,4256009,31287,1.575450
4257,4257010,12611,0.635024
4258,4258013,35224,1.773696
4259,4259014,53837,2.710950
4260,4260016,30999,1.560948
4261,4261010,12595,0.634218
4262,4262012,35208,1.772891
4263,4263014,53757,2.706921
4264,4264015,31127,1.567393
4265,4265010,12579,0.633413
4266,4266014,35272,1.776114
4267,4267015,53757,2.706921
4268,4268009,31255,1.573838
4269,4269011,12595,0.634218
4270,4270012,35208,1.772891
4271,4271014,53805,2.709338
4272,4272015,30951,1.558531
4273,4273010,12659,0.637441
4274,4274012,35208,1.772891
4275,4275014,53853,2.711756
4276,4276014,31175,1.569810
4277,4277009,12579,0.633413
4278,4278010,35144,1.769668
4279,4279012,53837,2.710950
4280,4280013,31143,1.568199
4281,4281015,12627,0.635830
4282,4282010,35144,1.769668
4283,4283012,53757,2.706921
4284,4284013,31127,1.567393
4285,4285015,12579,0.633413
4286,4286008,35048,1.764834
4287,4287010,53853,2.711756
4288,4288012,31207,1.571421
4289,4289015,12627,0.635830
4290,4290012,35160,1.770474
4291,4291015,53757,2.706921
4292,4292009,31271,1.574644
4293,4293010,12595,0.634218
4294,4294012,35176,1.771279
4295,4295014,53725,2.705310
4296,4296015,31095,1.565782
4297,4297012,12611,0.635024
4298,4298014,35320,1.778530
4299,4299015,53725,2.705310
4300,4300009,31319,1.577061
4301,4301010,12595,0.634218
4302,4302011,35160,1.770474
4303,4303012,53773,2.707727
4304,4304014,31143,1.568199
4305,4305011,12579,0.633413
4306,4306014,35272,1.776114
4307,4307015,53837,2.710950
4308,4308009,31319,1.577061
4309,4309011,12579,0.633413
4310,4310013,35304,1.777725
4311,4311014,53741,2.706116
4312,4312016,31063,1.564170
4313,4313012,12643,0.636635
4314,4314009,35144,1.769668
4315,4315011,53597,2.698865
4316,4316012,31143,1.568199
4317,4317014,12611,0.635024
4318,4318015,35272,1.776114
4319,4319010,53709,2.704504
4320,4320011,31271,1.574644
4321,4321016,12611,0.635024
4322,4322011,35160,1.770474
4323,4323013,53789,2.708533
4324,4324015,31047,1.563365
4325,4325009,12643,0.636635
4326,4326010,35128,1.768862
4327,4327011,53773,2.707727
4328,4328012,31127,1.567393
4329,4329010,12579,0.633413
4330,4330013,35224,1.773696
4331,4331014,53789,2.708533
4332,4332008,31399,1.581090
4333,4333010,12579,0.633413
4334,4334011,35176,1.771279
4335,4335012,53821,2.710144
4336,4336014,31095,1.565782
4337,4337011,12563,0.632607
4338,4338013,35176,1.771279
4339,4339015,53741,2.706116
4340,4340015,31111,1.566587
4341,4341010,12563,0.632607
4342,4342011,35176,1.771279
4343,4343013,53805,2.709338
4344,4344015,31047,1.563365
4345,4345011,12627,0.635830
4346,4346008,35112,1.768057
4347,4347011,53917,2.714978
4348,4348012,31175,1.569810
4349,4349013,12691,0.639052
4350,4350015,35336,1.779336
4351,4351009,53853,2.711756
4352,4352010,31303,1.576255
4353,4353016,12547,0.631801
4354,4354013,35224,1.773696
4355,4355015,53805,2.709338
4356,4356009,31255,1.573838
4357,4357010,12595,0.634218
4358,4358012,35192,1.772085
4359,4359014,53725,2.705310
4360,4360014,31095,1.565782
4361,4361012,12611,0.635024
4362,4362015,35368,1.780948
4363,4363009,53725,2.705310
4364,4364011,31191,1.570616
4365,4365012,12595,0.634218
4366,4366014,35272,1.776114
4367,4367015,53741,2.706116
4368,4368009,31303,1.576255
4369,4369014,12483,0.628579
4370,4370011,35240,1.774502
4371,4371012,53757,2.706921
4372,4372014,31111,1.566587
4373,4373015,12627,0.635830
4374,4374009,35016,1.763223
4375,4375011,53821,2.710144
4376,4376012,31175,1.569810
4377,4377010,12611,0.635024
4378,4378013,35304,1.777725
4379,4379008,53773,2.707727
4380,4380010,31239,1.573033
4381,4381012,12611,0.635024
4382,4382013,35256,1.775308
4383,4383015,53709,2.704504
4384,4384009,31255,1.573838
4385,4385015,12595,0.634218
4386,4386010,35144,1.769668
4387,4387013,53741,2.706116
4388,4388015,31079,1.564976
4389,4389010,12611,0.635024
4390,4390011,35160,1.770474
4391,4391013,53693,2.703699
4392,4392014,31207,1.571421
4393,4393012,12611,0.635024
4394,4394015,35320,1.778530
4395,4395010,53725,2.705310
4396,4396011,31207,1.571421
4397,4397012,12675,0.638247
4398,4398014,35304,1.777725
4399,4399009,53789,2.708533
4400,4400010,31239,1.573033
4401,4401009,12627,0.635830
4402,4402012,35176,1.771279
4403,4403013,53741,2.706116
4404,4404015,31063,1.564170
4405,4405015,12627,0.635830
4406,4406010,35096,1.767251
4407,4407011,53725,2.705310
4408,4408013,31127,1.567393
4409,4409012,12595,0.634218
4410,4410009,35144,1.769668
4411,4411012,53549,2.696448
4412,4412013,31159,1.569004
4413,4413014,12547,0.631801
4414,4414015,35336,1.779336
4415,4415010,53661,2.702087
4416,4416011,31223,1.572227
4417,4417011,12611,0.635024
4418,4418012,35224,1.773696
4419,4419014,53757,2.706921
4420,4420016,31031,1.562559
4421,4421010,12611,0.635024
4422,4422011,35176,1.771279
4423,4423012,53773,2.707727
4424,4424013,31175,1.569810
4425,4425014,12595,0.634218
4426,4426015,35288,1.776919
4427,4427009,53709,2.704504
4428,4428011,31207,1.571421
4429,4429012,12595,0.634218
4430,4430014,35304,1.777725
4431,4431015,53789,2.708533
4432,4432009,31255,1.573838
4433,4433008,12579,0.633413
4434,4434010,35160,1.770474
4435,4435013,53741,2.706116
4436,4436014,31095,1.565782
4437,4437009,12611,0.635024
4438,4438010,35160,1.770474
4439,4439011,53773,2.707727
4440,4440013,31159,1.569004
4441,4441014,12595,0.634218
4442,4442011,35128,1.768862
4443,4443013,53757,2.706921
4444,4444014,31143,1.568199
4445,4445008,12563,0.632607
4446,4446010,35080,1.766445
4447,4447011,53757,2.706921
4448,4448012,31239,1.573033
4449,4449013,12611,0.635024
4450,4450015,35288,1.776919
4451,4451008,53757,2.706921
4452,4452010,31223,1.572227
4453,4453011,12531,0.630996
4454,4454012,35224,1.773696
4455,4455014,53757,2.706921
4456,4456009,31239,1.573033
4457,4457015,12643,0.636635
4458,4458010,35160,1.770474
4459,4459011,53773,2.707727
4460,4460013,31159,1.569004
4461,4461015,12627,0.635830
4462,4462009,35096,1.767251
4463,4463011,53757,2.706921
4464,4464012,31143,1.568199
4465,4465013,12595,0.634218
4466,4466015,35320,1.778530
4467,4467008,53741,2.706116
4468,4468010,31255,1.573838
4469,4469011,12595,0.634218
4470,4470012,35208,1.772891
4471,4471014,53805,2.709338
4472,4472015,31047,1.563365
4473,4473011,12595,0.634218
4474,4474012,35160,1.770474
4475,4475013,53789,2.708533
4476,4476014,31095,1.565782
4477,4477015,12467,0.627773
4478,4478009,35016,1.763223
4479,4479010,53773,2.707727
4480,4480011,31143,1.568199
4481,4481013,12579,0.633413
4482,4482015,35272,1.776114
4483,4483009,53757,2.706921
4484,4484010,31255,1.573838
4485,4485012,12595,0.634218
4486,4486013,35192,1.772085
4487,4487014,53773,2.707727
4488,4488015,31063,1.564170
4489,4489010,12579,0.633413
4490,4490015,35288,1.776919
4491,4491009,53757,2.706921
4492,4492011,31175,1.569810
4493,4493013,12611,0.635024
4494,4494014,35272,1.776114
4495,4495015,53757,2.706921
4496,4496009,31271,1.574644
4497,4497012,12627,0.635830
4498,4498015,35336,1.779336
4499,4499009,53757,2.706921
4500,4500011,31223,1.572227
4501,4501011,12547,0.631801
4502,4502012,35160,1.770474
4503,4503014,53757,2.706921
4504,4504015,31159,1.569004
4505,4505010,12595,0.634218
4506,4506012,35144,1.769668
4507,4507013,53741,2.706116
4508,4508014,31063,1.564170
4509,4509015,12595,0.634218
4510,4510009,35032,1.764028
4511,4511011,53789,2.708533
4512,4512012,31175,1.569810
4513,4513015,12579,0.633413
4514,4514010,35176,1.771279
4515,4515010,53789,2.708533
4516,4516012,31159,1.569004
4517,4517013,12611,0.635024
4518,4518015,35352,1.780142
4519,4519009,53757,2.706921
4520,4520010,31271,1.574644
4521,4521014,12595,0.634218
4522,4522010,35112,1.768057
4523,4523011,53789,2.708533
4524,4524012,31207,1.571421
4525,4525013,12643,0.636635
4526,4526014,35208,1.772891
4527,4527015,53789,2.708533
4528,4528009,31255,1.573838
4529,4529014,12579,0.633413
4530,4530009,35160,1.770474
4531,4531011,53757,2.706921
4532,4532013,31175,1.569810
4533,4533014,12611,0.635024
4534,4534015,35272,1.776114
4535,4535009,53741,2.706116
4536,4536011,31239,1.573033
4537,4537015,12611,0.635024
4538,4538010,35112,1.768057
4539,4539010,53741,2.706116
4540,4540012,31191,1.570616
4541,4541013,12579,0.633413
4542,4542015,35336,1.779336
4543,4543010,53789,2.708533
4544,4544011,31111,1.566587
4545,4545014,12627,0.635830
4546,4546009,35112,1.768057
4547,4547010,53821,2.710144
4548,4548012,31159,1.569004
4549,4549014,12595,0.634218
4550,4550014,35272,1.776114
4551,4551009,53773,2.707727
4552,4552010,31239,1.573033
4553,4553015,12547,0.631801
4554,4554011,35240,1.774502
4555,4555012,53837,2.710950
4556,4556014,31111,1.566587
4557,4557015,12595,0.634218
4558,4558009,35016,1.763223
4559,4559011,53741,2.706116
4560,4560013,31159,1.569004
4561,4561009,12595,0.634218
4562,4562011,35160,1.770474
4563,4563013,53773,2.707727
4564,4564014,31111,1.566587
4565,4565015,12579,0.633413
4566,4566009,35208,1.772891
4567,4567011,53741,2.706116
4568,4568012,31143,1.568199
4569,4569009,12595,0.634218
4570,4570011,35176,1.771279
4571,4571013,53741,2.706116
4572,4572015,31047,1.563365
4573,4573015,12611,0.635024
4574,4574009,35080,1.766445
4575,4575010,53837,2.710950
4576,4576012,31191,1.570616
4577,4577009,12595,0.634218
4578,4578011,35128,1.768862
4579,4579012,53805,2.709338
4580,4580014,30999,1.560948
4581,4581015,12627,0.635830
4582,4582009,35080,1.766445
4583,4583011,53725,2.705310
4584,4584011,31191,1.570616
4585,4585010,12611,0.635024
4586,4586014,35224,1.773696
4587,4587015,53837,2.710950
4588,4588010,31255,1.573838
4589,4589012,12579,0.633413
4590,4590014,35160,1.770474
4591,4591015,53725,2.705310
4592,4592009,31271,1.574644
4593,4593015,12579,0.633413
4594,4594011,35128,1.768862
4595,4595012,53821,2.710144
4596,4596013,31143,1.568199
4597,4597015,12611,0.635024
4598,4598009,35064,1.765640
4599,4599010,53821,2.710144
4600,4600011,31207,1.571421
4601,4601011,12579,0.633413
4602,4602012,35224,1.773696
4603,4603013,53757,2.706921
4604,4604015,31031,1.562559
4605,4605008,12563,0.632607
4606,4606010,35160,1.770474
4607,4607012,53757,2.706921
4608,4608013,31143,1.568199
4609,4609011,12579,0.633413
4610,4610013,35208,1.772891
4611,4611016,53741,2.706116
4612,4612009,31255,1.573838
4613,4613011,12595,0.634218
4614,4614013,35240,1.774502
4615,4615014,53757,2.706921
4616,4616009,31255,1.573838
4617,4617015,12611,0.635024
4618,4618012,35224,1.773696
4619,4619013,53757,2.706921
4620,4620014,31223,1.572227
4621,4621009,12675,0.638247
4622,4622010,35128,1.768862
4623,4623012,53661,2.702087
4624,4624013,31111,1.566587
4625,4625012,12595,0.634218
4626,4626015,35288,1.776919
4627,4627009,53741,2.706116
4628,4628010,31207,1.571421
4629,4629012,12611,0.635024
4630,4630012,35240,1.774502
4631,4631014,53709,2.704504
4632,4632015,31127,1.567393
4633,4633014,12595,0.634218
4634,4634009,35096,1.767251
4635,4635010,53789,2.708533
4636,4636011,31159,1.569004
4637,4637013,12611,0.635024
4638,4638014,35272,1.776114
4639,4639016,53725,2.705310
4640,4640009,31303,1.576255
4641,4641010,12563,0.632607
4642,4642013,35240,1.774502
4643,4643014,53821,2.710144
4644,4644008,31303,1.576255
4645,4645009,12563,0.632607
4646,4646011,35192,1.772085
4647,4647013,53725,2.705310
4648,4648014,31127,1.567393
4649,4649015,12627,0.635830
4650,4650009,35128,1.768862
4651,4651010,53725,2.705310
4652,4652012,31175,1.569810
4653,4653012,12579,0.633413
4654,4654014,35272,1.776114
4655,4655015,53725,2.705310
4656,4656009,31239,1.573033
4657,4657010,12579,0.633413
4658,4658011,35128,1.768862
4659,4659012,53773,2.707727
4660,4660013,31255,1.573838
4661,4661015,12595,0.634218
4662,4662009,35128,1.768862
4663,4663010,53757,2.706921
4664,4664011,31207,1.571421
4665,4665011,12579,0.633413
4666,4666014,35224,1.773696
4667,4667016,53741,2.706116
4668,4668009,31239,1.573033
4669,4669010,12579,0.633413
4670,4670012,35208,1.772891
4671,4671014,53741,2.706116
4672,4672008,31335,1.577867
4673,4673008,12547,0.631801
4674,4674011,35160,1.770474
4675,4675013,53757,2.706921
4676,4676015,31047,1.563365
4677,4677008,12611,0.635024
4678,4678010,35096,1.767251
4679,4679011,53757,2.706921
4680,4680012,31191,1.570616
4681,4681013,12611,0.635024
4682,4682014,35240,1.774502
4683,4683015,53757,2.706921
4684,4684009,31239,1.573033
4685,4685011,12595,0.634218
4686,4686012,35192,1.772085
4687,4687013,53757,2.706921
4688,4688015,31127,1.567393
4689,4689016,12579,0.633413
4690,4690011,35128,1.768862
4691,4691012,53725,2.705310
4692,4692013,31095,1.565782
4693,4693014,12595,0.634218
4694,4694015,35368,1.780948
4695,4695009,53789,2.708533
4696,4696011,31191,1.570616
4697,4697013,12579,0.633413
4698,4698008,35064,1.765640
4699,4699010,53773,2.707727
4700,4700011,31175,1.569810
4701,4701013,12579,0.633413
4702,4702014,35288,1.776919
4703,4703009,53757,2.706921
4704,4704011,31255,1.573838
4705,4705013,12611,0.635024
4706,4706015,35224,1.773696
4707,4707009,53757,2.706921
4708,4708010,31239,1.573033
4709,4709012,12611,0.635024
4710,4710013,35240,1.774502
4711,4711015,53757,2.706921
4712,4712008,31303,1.576255
4713,4713009,12611,0.635024
4714,4714012,35208,1.772891
4715,4715013,53805,2.709338
4716,4716015,31079,1.564976
4717,4717009,12595,0.634218
4718,4718010,35096,1.767251
4719,4719012,53741,2.706116
4720,4720013,31191,1.570616
4721,4721008,12531,0.630996
4722,4722012,35176,1.771279
4723,4723014,53773,2.707727
4724,4724015,31079,1.564976
4725,4725010,12595,0.634218
4726,4726011,35144,1.769668
4727,4727013,53725,2.705310
4728,4728014,31191,1.570616
4729,4729009,12595,0.634218
4730,4730010,35080,1.766445
4731,4731012,53869,2.712561
4732,4732013,31159,1.569004
4733,4733014,12595,0.634218
4734,4734008,35064,1.765640
4735,4735010,53789,2.708533
4736,4736011,31207,1.571421
4737,4737014,12675,0.638247
4738,4738009,35064,1.765640
4739,4739010,53805,2.709338
4740,4740011,31175,1.569810
4741,4741012,12659,0.637441
4742,4742014,35224,1.773696
4743,4743015,53773,2.707727
4744,4744009,31303,1.576255
4745,4745013,12579,0.633413
4746,4746015,35272,1.776114
4747,4747009,53757,2.706921
4748,4748010,31223,1.572227
4749,4749012,12595,0.634218
4750,4750013,35192,1.772085
4751,4751014,53773,2.707727
4752,4752009,31287,1.575450
4753,4753012,12595,0.634218
4754,4754015,35272,1.776114
4755,4755009,53821,2.710144
4756,4756010,31287,1.575450
4757,4757011,12611,0.635024
4758,4758013,35096,1.767251
4759,4759014,53693,2.703699
4760,4760016,31031,1.562559
4761,4761012,12595,0.634218
4762,4762013,35336,1.779336
4763,4763015,53789,2.708533
4764,4764010,31303,1.576255
4765,4765011,12611,0.635024
4766,4766012,35176,1.771279
4767,4767014,53757,2.706921
4768,4768015,31111,1.566587
4769,4769012,12595,0.634218
4770,4770015,35272,1.776114
4771,4771009,53725,2.705310
4772,4772010,31239,1.573033
4773,4773012,12579,0.633413
4774,4774013,35288,1.776919
4775,4775015,53709,2.704504
4776,4776009,31191,1.570616
4777,4777014,12579,0.633413
4778,4778010,35128,1.768862
4779,4779011,53709,2.704504
4780,4780013,31143,1.568199
4781,4781014,12595,0.634218
4782,4782009,35080,1.766445
4783,4783011,53741,2.706116
4784,4784013,31111,1.566587
4785,4785009,12547,0.631801
4786,4786012,35208,1.772891
4787,4787013,53757,2.706921
4788,4788015,31063,1.564170
4789,4789009,12515,0.630190
4790,4790010,35160,1.770474
4791,4791011,53757,2.706921
4792,4792012,31191,1.570616
4793,4793009,12579,0.633413
4794,4794013,35272,1.776114
4795,4795015,53645,2.701282
4796,4796010,31255,1.573838
4797,4797011,12531,0.630996
4798,4798012,35192,1.772085
4799,4799013,53741,2.706116
4800,4800015,31111,1.566587
4801,4801011,12595,0.634218
4802,4802013,35176,1.771279
4803,4803014,53837,2.710950
4804,4804015,31095,1.565782
4805,4805009,12563,0.632607
4806,4806010,35112,1.768057
4807,4807012,53709,2.704504
4808,4808014,31111,1.566587
4809,4809011,12579,0.633413
4810,4810008,35064,1.765640
4811,4811010,53773,2.707727
4812,4812011,31191,1.570616
4813,4813013,12595,0.634218
4814,4814014,35224,1.773696
4815,4815015,53693,2.703699
4816,4816010,31223,1.572227
4817,4817008,12643,0.636635
4818,4818010,35176,1.771279
4819,4819012,53725,2.705310
4820,4820014,31159,1.569004
4821,4821015,12579,0.633413
4822,4822008,35048,1.764834
4823,4823010,53773,2.707727
4824,4824011,31271,1.574644
4825,4825010,12579,0.633413
4826,4826011,35224,1.773696
4827,4827013,53757,2.706921
4828,4828014,31111,1.566587
4829,4829015,12579,0.633413
4830,4830010,35080,1.766445
4831,4831012,53789,2.708533
4832,4832012,31175,1.569810
4833,4833011,12611,0.635024
4834,4834014,35240,1.774502
4835,4835015,53741,2.706116
4836,4836009,31271,1.574644
4837,4837011,12595,0.634218
4838,4838013,35272,1.776114
4839,4839013,53805,2.709338
4840,4840015,31079,1.564976
4841,4841014,12611,0.635024
4842,4842009,35080,1.766445
4843,4843010,53773,2.707727
4844,4844011,31207,1.571421
4845,4845014,12627,0.635830
4846,4846015,35336,1.779336
4847,4847009,53757,2.706921
4848,4848010,31271,1.574644
4849,4849009,12611,0.635024
4850,4850010,35112,1.768057
4851,4851011,53773,2.707727
4852,4852013,31159,1.569004
4853,4853015,12579,0.633413
4854,4854010,35160,1.770474
4855,4855011,53709,2.704504
4856,4856013,31143,1.568199
4857,4857012,12579,0.633413
4858,4858015,35256,1.775308
4859,4859009,53805,2.709338
4860,4860010,31239,1.573033
4861,4861010,12579,0.633413
4862,4862012,35128,1.768862
4863,4863013,53757,2.706921
4864,4864014,31143,1.568199
4865,4865014,12627,0.635830
4866,4866010,35128,1.768862
4867,4867012,53789,2.708533
4868,4868013,31143,1.568199
4869,4869014,12579,0.633413
4870,4870008,35032,1.764028
4871,4871010,53677,2.702893
4872,4872012,31239,1.573033
4873,4873011,12579,0.633413
4874,4874013,35240,1.774502
4875,4875014,53837,2.710950
4876,4876009,31303,1.576255
4877,4877011,12595,0.634218
4878,4878013,35288,1.776919
4879,4879015,53677,2.702893
4880,4880009,31335,1.577867
4881,4881015,12579,0.633413
4882,4882010,35096,1.767251
4883,4883011,53789,2.708533
4884,4884012,31159,1.569004
4885,4885015,12595,0.634218
4886,4886009,35064,1.765640
4887,4887010,53757,2.706921
4888,4888012,31191,1.570616
4889,4889012,12595,0.634218
4890,4890013,35208,1.772891
4891,4891014,53773,2.707727
4892,4892009,31287,1.575450
4893,4893010,12563,0.632607
4894,4894012,35192,1.772085
4895,4895013,53805,2.709338
4896,4896014,31175,1.569810
4897,4897014,12579,0.633413
4898,4898008,35048,1.764834
4899,4899010,53757,2.706921
4900,4900011,31207,1.571421
4901,4901013,12595,0.634218
4902,4902014,35272,1.776114
4903,4903015,53709,2.704504
4904,4904009,31303,1.576255
4905,4905008,12611,0.635024
4906,4906012,35176,1.771279
4907,4907013,53789,2.708533
4908,4908015,31079,1.564976
4909,4909009,12675,0.638247
4910,4910011,35160,1.770474
4911,4911013,53773,2.707727
4912,4912015,31127,1.567393
4913,4913009,12547,0.631801
4914,4914012,35240,1.774502
4915,4915014,53805,2.709338
4916,4916015,31127,1.567393
4917,4917009,12579,0.633413
4918,4918010,35128,1.768862
4919,4919011,53757,2.706921
4920,4920013,31143,1.568199
4921,4921013,12595,0.634218
4922,4922009,35080,1.766445
4923,4923010,53709,2.704504
4924,4924012,31207,1.571421
4925,4925014,12579,0.633413
4926,4926014,35240,1.774502
4927,4927008,53757,2.706921
4928,4928010,31255,1.573838
4929,4929011,12563,0.632607
4930,4930013,35176,1.771279
4931,4931014,53757,2.706921
4932,4932015,31079,1.564976
4933,4933009,12563,0.632607
4934,4934011,35224,1.773696
4935,4935013,53773,2.707727
4936,4936015,31063,1.564170
4937,4937009,12579,0.633413
4938,4938012,35176,1.771279
4939,4939014,53789,2.708533
4940,4940015,31111,1.566587
4941,4941009,12611,0.635024
4942,4942010,35096,1.767251
4943,4943011,53773,2.707727
4944,4944013,31207,1.571421
4945,4945014,12563,0.632607
4946,4946011,35208,1.772891
4947,4947012,53773,2.707727
4948,4948013,31143,1.568199
4949,4949015,12595,0.634218
4950,4950009,35080,1.766445
4951,4951010,53741,2.706116
4952,4952011,31223,1.572227
4953,4953012,12595,0.634218
4954,4954010,35048,1.764834
4955,4955010,53789,2.708533
4956,4956012,31223,1.572227
4957,4957013,12611,0.635024
4958,4958015,35304,1.777725
4959,4959008,53741,2.706116
4960,4960009,31319,1.577061
4961,4961011,12579,0.633413
4962,4962013,35224,1.773696
4963,4963015,53789,2.708533
4964,4964009,31255,1.573838
4965,4965011,12595,0.634218
4966,4966013,35176,1.771279
4967,4967015,53741,2.706116
4968,4968008,31271,1.574644
4969,4969011,12611,0.635024
4970,4970014,35256,1.775308
4971,4971015,53757,2.706921
4972,4972009,31319,1.577061
4973,4973010,12547,0.631801
4974,4974013,35240,1.774502
4975,4975014,53757,2.706921
4976,4976015,31063,1.564170
4977,4977011,12627,0.635830
4978,4978013,35176,1.771279
4979,4979014,53773,2.707727
4980,4980015,31031,1.562559
4981,4981009,12579,0.633413
4982,4982010,35064,1.765640
4983,4983012,53725,2.705310
4984,4984013,31143,1.568199
4985,4985009,12563,0.632607
4986,4986012,35208,1.772891
4987,4987014,53725,2.705310
4988,4988008,31319,1.577061
4989,4989009,12579,0.633413
4990,4990011,35128,1.768862
4991,4991013,53741,2.706116
4992,4992014,31191,1.570616
4993,4993010,12579,0.633413
4994,4994015,35288,1.776919
4995,4995009,53757,2.706921
4996,4996011,31255,1.573838
4997,4997012,12563,0.632607
4998,4998013,35192,1.772085
4999,4999015,53693,2.703699
5000,5000009,31239,1.573033
5001,5001013,12611,0.635024
5002,5002015,35240,1.774502
5003,5003015,53773,2.707727
5004,5004009,31319,1.577061
5005,5005010,12563,0.632607
5006,5006012,35176,1.771279
5007,5007014,53709,2.704504
5008,5008015,31079,1.564976
5009,5009011,12563,0.632607
5010,5010014,35208,1.772891
5011,5011015,53789,2.708533
5012,5012009,31287,1.575450
5013,5013011,12595,0.634218
5014,5014012,35192,1.772085
5015,5015013,53725,2.705310
5016,5016014,31175,1.569810
5017,5017011,12579,0.633413
5018,5018013,35160,1.770474
5019,5019015,53741,2.706116
5020,5020009,31383,1.580284
5021,5021010,12531,0.630996
5022,5022012,35192,1.772085
5023,5023013,53805,2.709338
5024,5024014,31111,1.566587
5025,5025011,12579,0.633413
5026,5026013,35176,1.771279
5027,5027014,53773,2.707727
5028,5028008,31303,1.576255
5029,5029010,12595,0.634218
5030,5030011,35160,1.770474
5031,5031012,53773,2.707727
5032,5032014,31159,1.569004
5033,5033011,12595,0.634218
5034,5034012,35192,1.772085
5035,5035013,53741,2.706116
5036,5036016,31079,1.564976
5037,5037009,12579,0.633413
5038,5038011,35064,1.765640
5039,5039012,53693,2.703699
5040,5040013,31127,1.567393
5041,5041012,12595,0.634218
5042,5042008,35112,1.768057
5043,5043010,53789,2.708533
5044,5044011,31191,1.570616
5045,5045013,12563,0.632607
5046,5046014,35208,1.772891
5047,5047015,53757,2.706921
5048,5048009,31271,1.574644
5049,5049015,12563,0.632607
5050,5050010,35176,1.771279
5051,5051012,53773,2.707727
5052,5052014,31159,1.569004
5053,5053015,12595,0.634218
5054,5054008,35032,1.764028
5055,5055010,53789,2.708533
5056,5056011,31159,1.569004
5057,5057009,12579,0.633413
5058,5058011,35096,1.767251
5059,5059013,53725,2.705310
5060,5060015,31111,1.566587
5061,5061008,12579,0.633413
5062,5062009,35080,1.766445
5063,5063011,53789,2.708533
5064,5064013,31207,1.571421
5065,5065011,12579,0.633413
5066,5066013,35352,1.780142
5067,5067014,53709,2.704504
5068,5068016,31095,1.565782
5069,5069009,12579,0.633413
5070,5070011,35096,1.767251
5071,5071013,53757,2.706921
5072,5072014,31127,1.567393
5073,5073013,12595,0.634218
5074,5074009,35096,1.767251
5075,5075011,53853,2.711756
5076,5076013,31143,1.568199
5077,5077015,12627,0.635830
5078,5078010,35032,1.764028
5079,5079011,53773,2.707727
5080,5080013,31175,1.569810
5081,5081011,12579,0.633413
5082,5082014,35256,1.775308
5083,5083015,53757,2.706921
5084,5084009,31287,1.575450
5085,5085010,12563,0.632607
5086,5086012,35160,1.770474
5087,5087014,53757,2.706921
5088,5088009,31367,1.579478
5089,5089015,12547,0.631801
5090,5090011,35128,1.768862
5091,5091011,53725,2.705310
5092,5092013,31127,1.567393
5093,5093014,12611,0.635024
5094,5094009,35112,1.768057
5095,5095010,53789,2.708533
5096,5096012,31207,1.571421
5097,5097011,12547,0.631801
5098,5098013,35176,1.771279
5099,5099015,53773,2.707727
5100,5100009,31319,1.577061
5101,5101010,12579,0.633413
5102,5102011,35144,1.769668
5103,5103012,53741,2.706116
5104,5104014,31159,1.569004
5105,5105013,12595,0.634218
5106,5106014,35224,1.773696
5107,5107009,53789,2.708533
5108,5108010,31303,1.576255
5109,5109011,12563,0.632607
5110,5110013,35208,1.772891
5111,5111015,53725,2.705310
5112,5112008,31335,1.577867
5113,5113009,12547,0.631801
5114,5114011,35256,1.775308
5115,5115012,53741,2.706116
5116,5116014,31079,1.564976
5117,5117015,12611,0.635024
5118,5118009,35080,1.766445
5119,5119010,53805,2.709338
5120,5120012,31175,1.569810
5121,5121012,12595,0.634218
5122,5122015,35240,1.774502
5123,5123009,53821,2.710144
5124,5124011,31287,1.575450
5125,5125013,12563,0.632607
5126,5126014,35256,1.775308
5127,5127015,53773,2.707727
5128,5128009,31303,1.576255
5129,5129009,12595,0.634218
5130,5130014,35256,1.775308
5131,5131010,53757,2.706921
5132,5132011,31255,1.573838
5133,5133012,12611,0.635024
5134,5134013,35128,1.768862
5135,5135014,53757,2.706921
5136,5136015,31095,1.565782
5137,5137009,12563,0.632607
5138,5138011,35144,1.769668
5139,5139013,53789,2.708533
5140,5140014,31127,1.567393
5141,5141009,12627,0.635830
5142,5142010,35096,1.767251
5143,5143012,53709,2.704504
5144,5144013,31191,1.570616
5145,5145014,12595,0.634218
5146,5146010,35080,1.766445
5147,5147011,53789,2.708533
5148,5148012,31207,1.571421
5149,5149013,12579,0.633413
5150,5150014,35144,1.769668
5151,5151009,53773,2.707727
5152,5152010,31271,1.574644
5153,5153012,12579,0.633413
5154,5154014,35288,1.776919
5155,5155016,53725,2.705310
5156,5156009,31367,1.579478
5157,5157010,12595,0.634218
5158,5158011,35144,1.769668
5159,5159013,53757,2.706921
5160,5160014,31175,1.569810
5161,5161015,12563,0.632607
5162,5162009,35080,1.766445
5163,5163011,53789,2.708533
5164,5164012,31191,1.570616
5165,5165013,12627,0.635830
5166,5166014,35240,1.774502
5167,5167008,53741,2.706116
5168,5168009,31287,1.575450
5169,5169012,12579,0.633413
5170,5170015,35336,1.779336
5171,5171009,53773,2.707727
5172,5172010,31239,1.573033
5173,5173012,12611,0.635024
5174,5174013,35208,1.772891
5175,5175015,53741,2.706116
5176,5176009,31287,1.575450
5177,5177010,12595,0.634218
5178,5178013,35192,1.772085
5179,5179015,53725,2.705310
5180,5180009,31367,1.579478
5181,5181009,12579,0.633413
5182,5182011,35128,1.768862
5183,5183012,53757,2.706921
5184,5184013,31159,1.569004
5185,5185014,12579,0.633413
5186,5186009,35048,1.764834
5187,5187011,53677,2.702893
5188,5188012,31239,1.573033
5189,5189013,12595,0.634218
5190,5190014,35304,1.777725
5191,5191008,53821,2.710144
5192,5192009,31287,1.575450
5193,5193011,12595,0.634218
5194,5194009,35064,1.765640
5195,5195010,53773,2.707727
5196,5196012,31191,1.570616
5197,5197014,12611,0.635024
5198,5198016,35304,1.777725
5199,5199010,53709,2.704504
5200,5200011,31319,1.577061
5201,5201015,12595,0.634218
5202,5202009,35080,1.766445
5203,5203011,53741,2.706116
5204,5204011,31223,1.572227
5205,5205013,12515,0.630190
5206,5206014,35240,1.774502
5207,5207009,53773,2.707727
5208,5208010,31319,1.577061
5209,5209013,12611,0.635024
5210,5210015,35272,1.776114
5211,5211009,53741,2.706116
5212,5212010,31287,1.575450
5213,5213012,12595,0.634218
5214,5214013,35144,1.769668
5215,5215015,53725,2.705310
5216,5216009,31319,1.577061
5217,5217011,12563,0.632607
5218,5218013,35192,1.772085
5219,5219015,53773,2.707727
5220,5220009,31319,1.577061
5221,5221011,12563,0.632607
5222,5222012,35256,1.775308
5223,5223013,53757,2.706921
5224,5224015,31111,1.566587
5225,5225011,12563,0.632607
5226,5226014,35080,1.766445
5227,5227015,53725,2.705310
5228,5228010,31223,1.572227
5229,5229012,12579,0.633413
5230,5230014,35272,1.776114
5231,5231008,53773,2.707727
5232,5232010,31287,1.575450
5233,5233014,12595,0.634218
5234,5234009,35064,1.765640
5235,5235010,53757,2.706921
5236,5236012,31223,1.572227
5237,5237014,12563,0.632607
5238,5238014,35208,1.772891
5239,5239009,53805,2.709338
5240,5240011,31207,1.571421
5241,5241015,12627,0.635830
5242,5242012,35192,1.772085
5243,5243013,53725,2.705310
5244,5244014,31175,1.569810
5245,5245015,12595,0.634218
5246,5246009,35080,1.766445
5247,5247010,53725,2.705310
5248,5248012,31175,1.569810
5249,5249015,12643,0.636635
5250,5250010,35064,1.765640
5251,5251011,53741,2.706116
5252,5252013,31111,1.566587
5253,5253014,12595,0.634218
5254,5254015,35272,1.776114
5255,5255009,53741,2.706116
5256,5256011,31239,1.573033
5257,5257015,12611,0.635024
5258,5258010,35080,1.766445
5259,5259011,53757,2.706921
5260,5260013,31191,1.570616
5261,5261015,12579,0.633413
5262,5262009,35064,1.765640
5263,5263010,53757,2.706921
5264,5264012,31223,1.572227
5265,5265009,12595,0.634218
5266,5266012,35144,1.769668
5267,5267014,53757,2.706921
5268,5268016,31047,1.563365
5269,5269010,12579,0.633413
5270,5270012,35176,1.771279
5271,5271013,53709,2.704504
5272,5272014,31111,1.566587
5273,5273011,12595,0.634218
5274,5274014,35192,1.772085
5275,5275015,53773,2.707727
5276,5276008,31335,1.577867
5277,5277009,12563,0.632607
5278,5278011,35096,1.767251
5279,5279012,53773,2.707727
5280,5280013,31191,1.570616
5281,5281010,12595,0.634218
5282,5282013,35128,1.768862
5283,5283014,53741,2.706116
5284,5284015,31111,1.566587
5285,5285009,12611,0.635024
5286,5286011,35112,1.768057
5287,5287012,53821,2.710144
5288,5288014,31223,1.572227
5289,5289012,12579,0.633413
5290,5290015,35208,1.772891
5291,5291009,53725,2.705310
5292,5292010,31287,1.575450
5293,5293011,12563,0.632607
5294,5294012,35192,1.772085
5295,5295013,53789,2.708533
5296,5296015,31111,1.566587
5297,5297013,12595,0.634218
5298,5298009,35048,1.764834
5299,5299010,53837,2.710950
5300,5300011,31159,1.569004
5301,5301012,12611,0.635024
5302,5302014,35240,1.774502
5303,5303015,53709,2.704504
5304,5304009,31335,1.577867
5305,5305008,12547,0.631801
5306,5306010,35064,1.765640
5307,5307012,53821,2.710144
5308,5308014,31159,1.569004
5309,5309015,12547,0.631801
5310,5310010,35080,1.766445
5311,5311011,53885,2.713367
5312,5312012,31239,1.573033
5313,5313012,12579,0.633413
5314,5314014,35256,1.775308
5315,5315009,53741,2.706116
5316,5316010,31223,1.572227
5317,5317012,12595,0.634218
5318,5318013,35144,1.769668
5319,5319014,53677,2.702893
5320,5320008,31303,1.576255
5321,5321015,12579,0.633413
5322,5322008,35016,1.763223
5323,5323011,53821,2.710144
5324,5324012,31207,1.571421
5325,5325014,12595,0.634218
5326,5326015,35240,1.774502
5327,5327009,53789,2.708533
5328,5328011,31223,1.572227
5329,5329011,12563,0.632607
5330,5330013,35176,1.771279
5331,5331014,53741,2.706116
5332,5332015,31079,1.564976
5333,5333009,12595,0.634218
5334,5334010,35112,1.768057
5335,5335012,53805,2.709338
5336,5336013,31191,1.570616
5337,5337012,12579,0.633413
5338,5338015,35320,1.778530
5339,5339009,53773,2.707727
5340,5340010,31303,1.576255
5341,5341011,12563,0.632607
5342,5342013,35208,1.772891
5343,5343015,53789,2.708533
5344,5344008,31367,1.579478
5345,5345008,12579,0.633413
5346,5346013,35240,1.774502
5347,5347015,53773,2.707727
5348,5348009,31319,1.577061
5349,5349012,12563,0.632607
5350,5350013,35144,1.769668
5351,5351014,53757,2.706921
5352,5352009,31335,1.577867
5353,5353009,12579,0.633413
5354,5354010,35128,1.768862
5355,5355011,53741,2.706116
5356,5356012,31319,1.577061
5357,5357013,12595,0.634218
5358,5358015,35256,1.775308
5359,5359009,53741,2.706116
5360,5360011,31255,1.573838
5361,5361010,12579,0.633413
5362,5362011,35128,1.768862
5363,5363013,53789,2.708533
5364,5364015,31143,1.568199
5365,5365009,12579,0.633413
5366,5366010,35080,1.766445
5367,5367012,53645,2.701282
5368,5368013,31191,1.570616
5369,5369014,12563,0.632607
5370,5370009,35112,1.768057
5371,5371011,53773,2.707727
5372,5372012,31207,1.571421
5373,5373014,12579,0.633413
5374,5374015,35256,1.775308
5375,5375009,53773,2.707727
5376,5376011,31271,1.574644
5377,5377011,12595,0.634218
5378,5378015,35240,1.774502
5379,5379009,53821,2.710144
5380,5380010,31271,1.574644
5381,5381012,12611,0.635024
5382,5382014,35208,1.772891
5383,5383015,53725,2.705310
5384,5384009,31271,1.574644
5385,5385010,12563,0.632607
5386,5386012,35144,1.769668
5387,5387013,53741,2.706116
5388,5388014,31143,1.568199
5389,5389009,12595,0.634218
5390,5390010,35128,1.768862
5391,5391011,53741,2.706116
5392,5392013,31095,1.565782
5393,5393014,12579,0.633413
5394,5394015,35256,1.775308
5395,5395009,53773,2.707727
5396,5396011,31271,1.574644
5397,5397012,12659,0.637441
5398,5398013,35192,1.772085
5399,5399014,53789,2.708533
5400,5400008,31335,1.577867
5401,5401011,12579,0.633413
5402,5402014,35240,1.774502
5403,5403009,53805,2.709338
5404,5404010,31287,1.575450
5405,5405012,12595,0.634218
5406,5406014,35192,1.772085
5407,5407015,53757,2.706921
5408,5408009,31335,1.577867
5409,5409011,12595,0.634218
5410,5410015,35256,1.775308
5411,5411009,53741,2.706116
5412,5412010,31351,1.578672
5413,5413011,12547,0.631801
5414,5414013,35176,1.771279
5415,5415014,53613,2.699670
5416,5416009,31319,1.577061
5417,5417012,12611,0.635024
5418,5418015,35224,1.773696
5419,5419009,53693,2.703699
5420,5420011,31255,1.573838
5421,5421012,12611,0.635024
5422,5422014,35224,1.773696
5423,5423015,53725,2.705310
5424,5424009,31303,1.576255
5425,5425011,12595,0.634218
5426,5426013,35176,1.771279
5427,5427014,53773,2.707727
5428,5428008,31335,1.577867
5429,5429009,12595,0.634218
5430,5430011,35176,1.771279
5431,5431012,53741,2.706116
5432,5432014,31191,1.570616
5433,5433009,12515,0.630190
5434,5434012,35144,1.769668
5435,5435013,53789,2.708533
5436,5436014,31175,1.569810
5437,5437008,12595,0.634218
5438,5438010,35096,1.767251
5439,5439012,53773,2.707727
5440,5440013,31175,1.569810
5441,5441011,12515,0.630190
5442,5442013,35208,1.772891
5443,5443015,53789,2.708533
5444,5444009,31287,1.575450
5445,5445010,12579,0.633413
5446,5446012,35080,1.766445
5447,5447013,53741,2.706116
5448,5448014,31143,1.568199
5449,5449009,12563,0.632607
5450,5450012,35096,1.767251
5451,5451013,53757,2.706921
5452,5452015,31127,1.567393
5453,5453009,12563,0.632607
5454,5454011,35064,1.765640
5455,5455012,53757,2.706921
5456,5456014,31191,1.570616
5457,5457010,12563,0.632607
5458,5458015,35256,1.775308
5459,5459015,53773,2.707727
5460,5460009,31303,1.576255
5461,5461011,12579,0.633413
5462,5462013,35176,1.771279
5463,5463014,53741,2.706116
5464,5464015,31127,1.567393
5465,5465012,12595,0.634218
5466,5466014,35192,1.772085
5467,5467008,53773,2.707727
5468,5468009,31287,1.575450
5469,5469011,12563,0.632607
5470,5470013,35256,1.775308
5471,5471014,53821,2.710144
5472,5472016,31079,1.564976
5473,5473013,12563,0.632607
5474,5474015,35288,1.776919
5475,5475016,53741,2.706116
5476,5476009,31319,1.577061
5477,5477011,12595,0.634218
5478,5478012,35160,1.770474
5479,5479013,53773,2.707727
5480,5480014,31127,1.567393
5481,5481010,12547,0.631801
5482,5482014,35192,1.772085
5483,5483008,53773,2.707727
5484,5484010,31271,1.574644
5485,5485012,12563,0.632607
5486,5486014,35224,1.773696
5487,5487015,53757,2.706921
5488,5488010,31271,1.574644
5489,5489015,12643,0.636635
5490,5490011,35176,1.771279
5491,5491013,53741,2.706116
5492,5492014,31175,1.569810
5493,5493015,12595,0.634218
5494,5494009,35048,1.764834
5495,5495011,53725,2.705310
5496,5496012,31223,1.572227
5497,5497009,12563,0.632607
5498,5498011,35128,1.768862
5499,5499013,53757,2.706921
5500,5500015,31143,1.568199
5501,5501008,12579,0.633413
5502,5502009,35080,1.766445
5503,5503011,53757,2.706921
5504,5504012,31207,1.571421
5505,5505010,12595,0.634218
5506,5506014,35192,1.772085
5507,5507009,53725,2.705310
5508,5508010,31255,1.573838
5509,5509012,12643,0.636635
5510,5510014,35224,1.773696
5511,5511016,53725,2.705310
5512,5512009,31415,1.581895
5513,5513014,12579,0.633413
5514,5514010,35064,1.765640
5515,5515011,53693,2.703699
5516,5516013,31303,1.576255
5517,5517015,12611,0.635024
5518,5518009,35032,1.764028
5519,5519010,53773,2.707727
5520,5520011,31191,1.570616
5521,5521009,12579,0.633413
5522,5522011,35096,1.767251
5523,5523012,53821,2.710144
5524,5524013,31207,1.571421
5525,5525015,12595,0.634218
5526,5526009,35080,1.766445
5527,5527011,53757,2.706921
5528,5528012,31223,1.572227
5529,5529010,12579,0.633413
5530,5530012,35160,1.770474
5531,5531014,53741,2.706116
5532,5532015,30999,1.560948
5533,5533008,12547,0.631801
5534,5534010,35048,1.764834
5535,5535011,53741,2.706116
5536,5536013,31239,1.573033
5537,5537011,12611,0.635024
5538,5538015,35288,1.776919
5539,5539009,53709,2.704504
5540,5540010,31319,1.577061
5541,5541011,12611,0.635024
5542,5542012,35128,1.768862
5543,5543013,53773,2.707727
5544,5544015,31143,1.568199
5545,5545014,12579,0.633413
5546,5546010,35096,1.767251
5547,5547011,53725,2.705310
5548,5548013,31287,1.575450
5549,5549014,12579,0.633413
5550,5550009,35032,1.764028
5551,5551010,53757,2.706921
5552,5552012,31223,1.572227
5553,5553011,12595,0.634218
5554,5554014,35224,1.773696
5555,5555015,53741,2.706116
5556,5556010,31255,1.573838
5557,5557011,12579,0.633413
5558,5558013,35208,1.772891
5559,5559014,53757,2.706921
5560,5560008,31383,1.580284
5561,5561015,12627,0.635830
5562,5562011,35096,1.767251
5563,5563012,53741,2.706116
5564,5564014,31191,1.570616
5565,5565008,12595,0.634218
5566,5566010,35064,1.765640
5567,5567012,53821,2.710144
5568,5568013,31207,1.571421
5569,5569012,12579,0.633413
5570,5570009,35032,1.764028
5571,5571011,53789,2.708533
5572,5572012,31191,1.570616
5573,5573013,12627,0.635830
5574,5574015,35272,1.776114
5575,5575009,53757,2.706921
5576,5576010,31303,1.576255
5577,5577012,12563,0.632607
5578,5578009,35048,1.764834
5579,5579012,53773,2.707727
5580,5580013,31143,1.568199
5581,5581015,12579,0.633413
5582,5582009,35096,1.767251
5583,5583010,53725,2.705310
5584,5584013,31239,1.573033
5585,5585013,12563,0.632607
5586,5586015,35176,1.771279
5587,5587015,53773,2.707727
5588,5588010,31351,1.578672
5589,5589011,12627,0.635830
5590,5590012,35112,1.768057
5591,5591014,53725,2.705310
5592,5592015,31175,1.569810
5593,5593009,12579,0.633413
5594,5594011,35160,1.770474
5595,5595013,53773,2.707727
5596,5596014,31159,1.569004
5597,5597008,12675,0.638247
5598,5598010,35064,1.765640
5599,5599011,53741,2.706116
5600,5600013,31143,1.568199
5601,5601014,12579,0.633413
5602,5602009,35080,1.766445
5603,5603011,53709,2.704504
5604,5604012,31223,1.572227
5605,5605014,12611,0.635024
5606,5606015,35288,1.776919
5607,5607010,53789,2.708533
5608,5608011,31223,1.572227
5609,5609013,12595,0.634218
5610,5610009,35048,1.764834
5611,5611010,53757,2.706921
5612,5612011,31255,1.573838
5613,5613012,12515,0.630190
5614,5614015,35256,1.775308
5615,5615009,53837,2.710950
5616,5616010,31303,1.576255
5617,5617013,12579,0.633413
5618,5618008,35000,1.762417
5619,5619010,53709,2.704504
5620,5620011,31271,1.574644
5621,5621013,12563,0.632607
5622,5622014,35208,1.772891
5623,5623015,53757,2.706921
5624,5624010,31335,1.577867
5625,5625011,12611,0.635024
5626,5626014,35224,1.773696
5627,5627016,53789,2.708533
5628,5628010,31319,1.577061
5629,5629011,12579,0.633413
5630,5630013,35176,1.771279
5631,5631015,53741,2.706116
5632,5632010,31271,1.574644
5633,5633012,12563,0.632607
5634,5634014,35176,1.771279
5635,5635009,53805,2.709338
5636,5636011,31255,1.573838
5637,5637012,12579,0.633413
5638,5638013,35160,1.770474
5639,5639014,53741,2.706116
5640,5640015,31111,1.566587
5641,5641009,12579,0.633413
5642,5642012,35128,1.768862
5643,5643013,53789,2.708533
5644,5644014,31159,1.569004
5645,5645008,12579,0.633413
5646,5646009,35032,1.764028
5647,5647010,53757,2.706921
5648,5648011,31191,1.570616
5649,5649013,12611,0.635024
5650,5650015,35256,1.775308
5651,5651009,53789,2.708533
5652,5652011,31255,1.573838
5653,5653011,12547,0.631801
5654,5654012,35128,1.768862
5655,5655013,53693,2.703699
5656,5656015,31159,1.569004
5657,5657011,12595,0.634218
5658,5658012,35176,1.771279
5659,5659014,53789,2.708533
5660,5660015,31111,1.566587
5661,5661009,12643,0.636635
5662,5662011,35080,1.766445
5663,5663012,53757,2.706921
5664,5664014,31207,1.571421
5665,5665015,12595,0.634218
5666,5666011,35128,1.768862
5667,5667012,53773,2.707727
5668,5668013,31143,1.568199
5669,5669015,12595,0.634218
5670,5670009,35048,1.764834
5671,5671010,53837,2.710950
5672,5672011,31239,1.573033
5673,5673015,12563,0.632607
5674,5674009,35048,1.764834
5675,5675010,53773,2.707727
5676,5676012,31239,1.573033
5677,5677014,12595,0.634218
5678,5678015,35160,1.770474
5679,5679009,53821,2.710144
5680,5680010,31271,1.574644
5681,5681015,12627,0.635830
5682,5682011,35064,1.765640
5683,5683012,53757,2.706921
5684,5684013,31175,1.569810
5685,5685015,12611,0.635024
5686,5686009,35016,1.763223
5687,5687010,53693,2.703699
5688,5688012,31255,1.573838
5689,5689015,12643,0.636635
5690,5690010,35080,1.766445
5691,5691012,53773,2.707727
5692,5692013,31239,1.573033
5693,5693015,12643,0.636635
5694,5694009,35064,1.765640
5695,5695010,53773,2.707727
5696,5696012,31207,1.571421
5697,5697015,12579,0.633413
5698,5698011,35128,1.768862
5699,5699013,53757,2.706921
5700,5700014,31175,1.569810
5701,5701016,12627,0.635830
5702,5702010,35064,1.765640
5703,5703012,53805,2.709338
5704,5704014,31159,1.569004
5705,5705011,12579,0.633413
5706,5706013,35128,1.768862
5707,5707014,53709,2.704504
5708,5708015,31175,1.569810
5709,5709009,12579,0.633413
5710,5710010,35064,1.765640
5711,5711012,53773,2.707727
5712,5712014,31191,1.570616
5713,5713010,12579,0.633413
5714,5714012,35160,1.770474
5715,5715014,53821,2.710144
5716,5716016,31047,1.563365
5717,5717010,12627,0.635830
5718,5718011,35080,1.766445
5719,5719012,53805,2.709338
5720,5720013,31239,1.573033
5721,5721010,12627,0.635830
5722,5722013,35160,1.770474
5723,5723014,53757,2.706921
5724,5724016,31127,1.567393
5725,5725010,12611,0.635024
5726,5726011,35096,1.767251
5727,5727012,53773,2.707727
5728,5728014,31175,1.569810
5729,5729011,12595,0.634218
5730,5730014,35256,1.775308
5731,5731009,53773,2.707727
5732,5732010,31319,1.577061
5733,5733011,12579,0.633413
5734,5734012,35192,1.772085
5735,5735014,53789,2.708533
5736,5736016,31111,1.566587
5737,5737014,12595,0.634218
5738,5738011,35096,1.767251
5739,5739012,53741,2.706116
5740,5740014,31143,1.568199
5741,5741015,12595,0.634218
5742,5742009,35032,1.764028
5743,5743011,53805,2.709338
5744,5744012,31255,1.573838
5745,5745010,12643,0.636635
5746,5746012,35128,1.768862
5747,5747013,53773,2.707727
5748,5748015,31175,1.569810
5749,5749009,12563,0.632607
5750,5750010,35016,1.763223
5751,5751011,53741,2.706116
5752,5752013,31207,1.571421
5753,5753012,12611,0.635024
5754,5754016,35288,1.776919
5755,5755010,53789,2.708533
5756,5756011,31271,1.574644
5757,5757013,12595,0.634218
5758,5758014,35176,1.771279
5759,5759015,53789,2.708533
5760,5760009,31287,1.575450
5761,5761015,12611,0.635024
5762,5762011,35064,1.765640
5763,5763012,53757,2.706921
5764,5764013,31239,1.573033
5765,5765014,12611,0.635024
5766,5766015,35224,1.773696
5767,5767010,53821,2.710144
5768,5768011,31271,1.574644
5769,5769010,12579,0.633413
5770,5770013,35160,1.770474
5771,5771014,53693,2.703699
5772,5772015,31127,1.567393
5773,5773009,12579,0.633413
5774,5774010,35048,1.764834
5775,5775012,53773,2.707727
5776,5776013,31191,1.570616
5777,5777012,12579,0.633413
5778,5778014,35144,1.769668
5779,5779014,53773,2.707727
5780,5780009,31351,1.578672
5781,5781010,12563,0.632607
5782,5782012,35096,1.767251
5783,5783014,53757,2.706921
5784,5784009,31335,1.577867
5785,5785009,12579,0.633413
5786,5786011,35144,1.769668
5787,5787013,53741,2.706116
5788,5788015,31159,1.569004
5789,5789009,12579,0.633413
5790,5790010,35080,1.766445
5791,5791012,53725,2.705310
5792,5792013,31159,1.569004
5793,5793012,12595,0.634218
5794,5794015,35240,1.774502
5795,5795009,53773,2.707727
5796,5796011,31239,1.573033
5797,5797012,12579,0.633413
5798,5798014,35176,1.771279
5799,5799015,53853,2.711756
5800,5800009,31335,1.577867
5801,5801009,12563,0.632607
5802,5802012,35144,1.769668
5803,5803013,53773,2.707727
5804,5804014,31191,1.570616
5805,5805015,12611,0.635024
5806,5806009,35032,1.764028
5807,5807010,53757,2.706921
5808,5808012,31271,1.574644
5809,5809012,12579,0.633413
5810,5810015,35160,1.770474
5811,5811009,53773,2.707727
5812,5812011,31271,1.574644
5813,5813012,12611,0.635024
5814,5814014,35224,1.773696
5815,5815015,53709,2.704504
5816,5816010,31319,1.577061
5817,5817011,12611,0.635024
5818,5818014,35176,1.771279
5819,5819015,53773,2.707727
5820,5820009,31383,1.580284
5821,5821010,12563,0.632607
5822,5822011,35080,1.766445
5823,5823013,53725,2.705310
5824,5824014,31175,1.569810
5825,5825009,12579,0.633413
5826,5826013,35160,1.770474
5827,5827014,53741,2.706116
5828,5828009,31335,1.577867
5829,5829010,12643,0.636635
5830,5830011,35112,1.768057
5831,5831012,53805,2.709338
5832,5832014,31111,1.566587
5833,5833015,12563,0.632607
5834,5834010,35048,1.764834
5835,5835011,53725,2.705310
5836,5836012,31223,1.572227
5837,5837013,12579,0.633413
5838,5838015,35240,1.774502
5839,5839008,53805,2.709338
5840,5840010,31271,1.574644
5841,5841010,12611,0.635024
5842,5842012,35128,1.768862
5843,5843012,53757,2.706921
5844,5844014,31159,1.569004
5845,5845015,12611,0.635024
5846,5846009,35016,1.763223
5847,5847011,53789,2.708533
5848,5848012,31223,1.572227
5849,5849014,12595,0.634218
5850,5850010,35080,1.766445
5851,5851011,53757,2.706921
5852,5852012,31287,1.575450
5853,5853014,12611,0.635024
5854,5854015,35224,1.773696
5855,5855009,53789,2.708533
5856,5856011,31367,1.579478
5857,5857012,12595,0.634218
5858,5858008,35064,1.765640
5859,5859010,53725,2.705310
5860,5860012,31239,1.573033
5861,5861012,12611,0.635024
5862,5862015,35224,1.773696
5863,5863008,53853,2.711756
5864,5864010,31383,1.580284
5865,5865013,12595,0.634218
5866,5866014,35224,1.773696
5867,5867015,53709,2.704504
5868,5868010,31303,1.576255
5869,5869011,12595,0.634218
5870,5870012,35112,1.768057
5871,5871014,53789,2.708533
5872,5872015,31175,1.569810
5873,5873011,12547,0.631801
5874,5874012,35064,1.765640
5875,5875013,53757,2.706921
5876,5876016,31143,1.568199
5877,5877010,12595,0.634218
5878,5878011,35080,1.766445
5879,5879013,53757,2.706921
5880,5880014,31159,1.569004
5881,5881010,12595,0.634218
5882,5882014,35208,1.772891
5883,5883008,53821,2.710144
5884,5884009,31351,1.578672
5885,5885010,12627,0.635830
5886,5886011,35096,1.767251
5887,5887013,53821,2.710144
5888,5888014,31191,1.570616
5889,5889010,12595,0.634218
5890,5890014,35160,1.770474
5891,5891008,53789,2.708533
5892,5892009,31367,1.579478
5893,5893010,12595,0.634218
5894,5894012,35112,1.768057
5895,5895013,53773,2.707727
5896,5896015,31143,1.568199
5897,5897010,12595,0.634218
5898,5898013,35128,1.768862
5899,5899015,53805,2.709338
5900,5900009,31351,1.578672
5901,5901010,12579,0.633413
5902,5902011,35080,1.766445
5903,5903013,53805,2.709338
5904,5904014,31159,1.569004
5905,5905016,12611,0.635024
5906,5906011,35064,1.765640
5907,5907012,53805,2.709338
5908,5908013,31223,1.572227
5909,5909015,12595,0.634218
5910,5910008,35000,1.762417
5911,5911010,53757,2.706921
5912,5912011,31287,1.575450
5913,5913013,12595,0.634218
5914,5914015,35208,1.772891
5915,5915009,53773,2.707727
5916,5916010,31335,1.577867
5917,5917011,12595,0.634218
5918,5918012,35112,1.768057
5919,5919015,53741,2.706116
5920,5920009,31335,1.577867
5921,5921013,12611,0.635024
5922,5922008,34968,1.760806
5923,5923010,53805,2.709338
5924,5924011,31287,1.575450
5925,5925012,12611,0.635024
5926,5926014,35208,1.772891
5927,5927015,53741,2.706116
5928,5928008,31383,1.580284
5929,5929013,12595,0.634218
5930,5930015,35160,1.770474
5931,5931010,53693,2.703699
5932,5932012,31239,1.573033
5933,5933012,12579,0.633413
5934,5934014,35128,1.768862
5935,5935015,53789,2.708533
5936,5936009,31383,1.580284
5937,5937015,12611,0.635024
5938,5938009,35016,1.763223
5939,5939010,53773,2.707727
5940,5940011,31287,1.575450
5941,5941013,12595,0.634218
5942,5942014,35160,1.770474
5943,5943015,53741,2.706116
5944,5944008,31319,1.577061
5945,5945013,12595,0.634218
5946,5946009,35016,1.763223
5947,5947010,53821,2.710144
5948,5948012,31287,1.575450
5949,5949013,12595,0.634218
5950,5950015,35128,1.768862
5951,5951009,53853,2.711756
5952,5952011,31287,1.575450
5953,5953009,12579,0.633413
5954,5954013,35144,1.769668
5955,5955014,53741,2.706116
5956,5956009,31303,1.576255
5957,5957011,12611,0.635024
5958,5958012,35128,1.768862
5959,5959013,53789,2.708533
5960,5960014,31175,1.569810
5961,5961011,12611,0.635024
5962,5962014,35144,1.769668
5963,5963015,53757,2.706921
5964,5964009,31367,1.579478
5965,5965011,12579,0.633413
5966,5966012,35128,1.768862
5967,5967014,53773,2.707727
5968,5968016,31223,1.572227
5969,5969013,12579,0.633413
5970,5970008,35000,1.762417
5971,5971010,53773,2.707727
5972,5972011,31303,1.576255
5973,5973012,12595,0.634218
5974,5974014,35160,1.770474
5975,5975015,53725,2.705310
5976,5976009,31351,1.578672
5977,5977015,12627,0.635830
5978,5978012,35176,1.771279
5979,5979013,53773,2.707727
5980,5980015,31175,1.569810
5981,5981010,12547,0.631801
5982,5982011,35128,1.768862
5983,5983012,53757,2.706921
5984,5984013,31303,1.576255
5985,5985010,12579,0.633413
5986,5986012,35112,1.768057
5987,5987014,53709,2.704504
5988,5988008,31335,1.577867
5989,5989010,12595,0.634218
5990,5990010,35080,1.766445
5991,5991012,53773,2.707727
5992,5992014,31223,1.572227
5993,5993013,12643,0.636635
5994,5994014,35256,1.775308
5995,5995015,53757,2.706921
5996,5996010,31303,1.576255
5997,5997011,12595,0.634218
5998,5998013,35160,1.770474
5999,5999014,53805,2.709338
6000,6000015,31143,1.568199
6001,6001014,12611,0.635024
6002,6002009,35064,1.765640
6003,6003010,53773,2.707727
6004,6004012,31255,1.573838
6005,6005014,12675,0.638247
6006,6006015,35112,1.768057
6007,6007016,53773,2.707727
6008,6008010,31351,1.578672
6009,6009009,12579,0.633413
6010,6010012,35144,1.769668
6011,6011014,53725,2.705310
6012,6012015,31143,1.568199
6013,6013009,12595,0.634218
6014,6014010,35048,1.764834
6015,6015012,53725,2.705310
6016,6016013,31191,1.570616
6017,6017013,12595,0.634218
6018,6018009,35064,1.765640
6019,6019013,53725,2.705310
6020,6020015,31079,1.564976
6021,6021009,12563,0.632607
6022,6022011,35048,1.764834
6023,6023012,53741,2.706116
6024,6024013,31271,1.574644
6025,6025012,12595,0.634218
6026,6026015,35208,1.772891
6027,6027015,53741,2.706116
6028,6028010,31287,1.575450
6029,6029011,12595,0.634218
6030,6030013,35112,1.768057
6031,6031014,53741,2.706116
6032,6032009,31351,1.578672
6033,6033009,12547,0.631801
6034,6034012,35112,1.768057
6035,6035014,53757,2.706921
6036,6036015,31207,1.571421
6037,6037016,12595,0.634218
6038,6038009,35048,1.764834
6039,6039011,53789,2.708533
6040,6040011,31303,1.576255
6041,6041011,12595,0.634218
6042,6042015,35240,1.774502
6043,6043010,53773,2.707727
6044,6044012,31287,1.575450
6045,6045013,12595,0.634218
6046,6046014,35176,1.771279
6047,6047015,53773,2.707727
6048,6048009,31399,1.581090
6049,6049010,12579,0.633413
6050,6050013,35176,1.771279
6051,6051015,53773,2.707727
6052,6052016,31127,1.567393
6053,6053010,12627,0.635830
6054,6054011,35112,1.768057
6055,6055012,53709,2.704504
6056,6056013,31191,1.570616
6057,6057014,12611,0.635024
6058,6058010,35016,1.763223
6059,6059012,53789,2.708533
6060,6060012,31239,1.573033
6061,6061014,12611,0.635024
6062,6062015,35176,1.771279
6063,6063009,53741,2.706116
6064,6064010,31207,1.571421
6065,6065010,12595,0.634218
6066,6066013,35112,1.768057
6067,6067014,53741,2.706116
6068,6068015,31143,1.568199
6069,6069009,12579,0.633413
6070,6070010,35064,1.765640
6071,6071013,53805,2.709338
6072,6072014,31207,1.571421
6073,6073016,12595,0.634218
6074,6074010,35048,1.764834
6075,6075012,53853,2.711756
6076,6076013,31223,1.572227
6077,6077015,12627,0.635830
6078,6078008,35048,1.764834
6079,6079009,53789,2.708533
6080,6080010,31255,1.573838
6081,6081012,12627,0.635830
6082,6082015,35176,1.771279
6083,6083010,53757,2.706921
6084,6084011,31255,1.573838
6085,6085012,12675,0.638247
6086,6086015,35176,1.771279
6087,6087008,53805,2.709338
6088,6088009,31319,1.577061
6089,6089011,12611,0.635024
6090,6090013,35128,1.768862
6091,6091015,53677,2.702893
6092,6092015,31191,1.570616
6093,6093009,12563,0.632607
6094,6094010,35096,1.767251
6095,6095012,53837,2.710950
6096,6096014,31159,1.569004
6097,6097016,12611,0.635024
6098,6098011,35112,1.768057
6099,6099012,53789,2.708533
6100,6100014,31207,1.571421
6101,6101015,12611,0.635024
6102,6102011,35032,1.764028
6103,6103012,53773,2.707727
6104,6104014,31207,1.571421
6105,6105008,12595,0.634218
6106,6106011,35048,1.764834
6107,6107012,53709,2.704504
6108,6108014,31287,1.575450
6109,6109008,12579,0.633413
6110,6110010,35032,1.764028
6111,6111011,53725,2.705310
6112,6112012,31255,1.573838
6113,6113015,12595,0.634218
6114,6114010,35048,1.764834
6115,6115012,53773,2.707727
6116,6116013,31239,1.573033
6117,6117014,12595,0.634218
6118,6118016,35208,1.772891
6119,6119010,53741,2.706116
6120,6120011,31255,1.573838
6121,6121014,12595,0.634218
6122,6122009,35000,1.762417
6123,6123010,53709,2.704504
6124,6124011,31255,1.573838
6125,6125012,12611,0.635024
6126,6126014,35176,1.771279
6127,6127008,53725,2.705310
6128,6128010,31335,1.577867
6129,6129012,12595,0.634218
6130,6130015,35240,1.774502
6131,6131009,53757,2.706921
6132,6132011,31255,1.573838
6133,6133013,12419,0.625356
6134,6134014,35208,1.772891
6135,6135015,53741,2.706116
6136,6136010,31319,1.577061
6137,6137014,12627,0.635830
6138,6138009,35000,1.762417
6139,6139010,53773,2.707727
6140,6140012,31239,1.573033
6141,6141013,12579,0.633413
6142,6142015,35144,1.769668
6143,6143009,53789,2.708533
6144,6144010,31367,1.579478
6145,6145014,12627,0.635830
6146,6146011,35048,1.764834
6147,6147012,53773,2.707727
6148,6148013,31255,1.573838
6149,6149015,12611,0.635024
6150,6150009,34904,1.757583
6151,6151010,53709,2.704504
6152,6152012,31255,1.573838
6153,6153015,12611,0.635024
6154,6154011,35096,1.767251
6155,6155013,53757,2.706921
6156,6156015,31111,1.566587
6157,6157008,12595,0.634218
6158,6158009,35080,1.766445
6159,6159010,53789,2.708533
6160,6160012,31207,1.571421
6161,6161009,12563,0.632607
6162,6162011,35080,1.766445
6163,6163012,53757,2.706921
6164,6164014,31207,1.571421
6165,6165015,12739,0.641469
6166,6166009,35016,1.763223
6167,6167010,53709,2.704504
6168,6168012,31255,1.573838
6169,6169015,12611,0.635024
6170,6170010,35064,1.765640
6171,6171012,53741,2.706116
6172,6172013,31255,1.573838
6173,6173014,12595,0.634218
6174,6174015,35208,1.772891
6175,6175010,53757,2.706921
6176,6176012,31191,1.570616
6177,6177010,12563,0.632607
6178,6178011,35080,1.766445
6179,6179013,53773,2.707727
6180,6180014,31223,1.572227
6181,6181016,12579,0.633413
6182,6182009,34984,1.761611
6183,6183010,53773,2.707727
6184,6184013,31239,1.573033
6185,6185010,12595,0.634218
6186,6186013,35128,1.768862
6187,6187015,53741,2.706116
6188,6188016,31159,1.569004
6189,6189009,12611,0.635024
6190,6190011,35080,1.766445
6191,6191013,53805,2.709338
6192,6192014,31207,1.571421
6193,6193011,12595,0.634218
6194,6194014,35160,1.770474
6195,6195015,53773,2.707727
6196,6196009,31383,1.580284
6197,6197010,12627,0.635830
6198,6198012,35080,1.766445
6199,6199013,53805,2.709338
6200,6200014,31159,1.569004
6201,6201013,12579,0.633413
6202,6202015,35160,1.770474
6203,6203009,53741,2.706116
6204,6204010,31351,1.578672
6205,6205011,12627,0.635830
6206,6206013,35096,1.767251
6207,6207014,53773,2.707727
6208,6208008,31319,1.577061
6209,6209014,12723,0.640664
6210,6210010,35048,1.764834
6211,6211012,53837,2.710950
6212,6212014,31207,1.571421
6213,6213015,12611,0.635024
6214,6214008,34952,1.760000
6215,6215010,53789,2.708533
6216,6216012,31303,1.576255
6217,6217012,12579,0.633413
6218,6218014,35176,1.771279
6219,6219015,53773,2.707727
6220,6220009,31367,1.579478
6221,6221010,12595,0.634218
6222,6222011,35112,1.768057
6223,6223013,53869,2.712561
6224,6224014,31207,1.571421
6225,6225012,12643,0.636635
6226,6226014,35224,1.773696
6227,6227008,53789,2.708533
6228,6228010,31351,1.578672
6229,6229011,12579,0.633413
6230,6230013,35128,1.768862
6231,6231015,53773,2.707727
6232,6232009,31335,1.577867
6233,6233008,12595,0.634218
6234,6234012,35144,1.769668
6235,6235013,53757,2.706921
6236,6236014,31207,1.571421
6237,6237015,12595,0.634218
6238,6238010,35048,1.764834
6239,6239011,53725,2.705310
6240,6240012,31255,1.573838
6241,6241012,12579,0.633413
6242,6242014,35160,1.770474
6243,6243016,53773,2.707727
6244,6244009,31367,1.579478
6245,6245010,12579,0.633413
6246,6246012,35080,1.766445
6247,6247014,53725,2.705310
6248,6248008,31367,1.579478
6249,6249009,12611,0.635024
6250,6250013,35144,1.769668
6251,6251015,53757,2.706921
6252,6252009,31367,1.579478
6253,6253010,12595,0.634218
6254,6254011,35048,1.764834
6255,6255013,53725,2.705310
6256,6256014,31255,1.573838
6257,6257014,12595,0.634218
6258,6258016,35256,1.775308
6259,6259010,53805,2.709338
6260,6260011,31303,1.576255
6261,6261012,12611,0.635024
6262,6262013,35144,1.769668
6263,6263015,53757,2.706921
6264,6264009,31383,1.580284
6265,6265009,12499,0.629384
6266,6266011,35048,1.764834
6267,6267012,53757,2.706921
6268,6268014,31207,1.571421
6269,6269016,12611,0.635024
6270,6270009,34984,1.761611
6271,6271011,53709,2.704504
6272,6272012,31255,1.573838
6273,6273013,12579,0.633413
6274,6274016,35224,1.773696
6275,6275009,53757,2.706921
6276,6276011,31271,1.574644
6277,6277014,12627,0.635830
6278,6278015,35160,1.770474
6279,6279009,53757,2.706921
6280,6280010,31367,1.579478
6281,6281011,12579,0.633413
6282,6282013,35096,1.767251
6283,6283014,53773,2.707727
6284,6284015,31143,1.568199
6285,6285008,12611,0.635024
6286,6286010,35032,1.764028
6287,6287011,53741,2.706116
6288,6288013,31207,1.571421
6289,6289013,12691,0.639052
6290,6290016,35240,1.774502
6291,6291009,53837,2.710950
6292,6292010,31319,1.577061
6293,6293012,12595,0.634218
6294,6294014,35160,1.770474
6295,6295015,53741,2.706116
6296,6296009,31399,1.581090
6297,6297010,12579,0.633413
6298,6298012,35128,1.768862
6299,6299013,53821,2.710144
6300,6300015,31207,1.571421
6301,6301009,12611,0.635024
6302,6302011,35112,1.768057
6303,6303013,53757,2.706921
6304,6304014,31223,1.572227
6305,6305015,12595,0.634218
6306,6306010,35048,1.764834
6307,6307012,53837,2.710950
6308,6308013,31271,1.574644
6309,6309015,12547,0.631801
6310,6310009,35000,1.762417
6311,6311010,53773,2.707727
6312,6312011,31335,1.577867
6313,6313013,12611,0.635024
6314,6314008,35048,1.764834
6315,6315010,53789,2.708533
6316,6316012,31303,1.576255
6317,6317013,12611,0.635024
6318,6318015,35240,1.774502
6319,6319009,53709,2.704504
6320,6320011,31271,1.574644
6321,6321014,12611,0.635024
6322,6322009,35016,1.763223
6323,6323010,53773,2.707727
6324,6324011,31271,1.574644
6325,6325013,12611,0.635024
6326,6326014,35160,1.770474
6327,6327009,53773,2.707727
6328,6328011,31319,1.577061
6329,6329012,12579,0.633413
6330,6330015,35192,1.772085
6331,6331009,53773,2.707727
6332,6332010,31415,1.581895
6333,6333012,12611,0.635024
6334,6334014,35208,1.772891
6335,6335015,53757,2.706921
6336,6336010,31351,1.578672
6337,6337012,12659,0.637441
6338,6338015,35208,1.772891
6339,6339009,53741,2.706116
6340,6340010,31319,1.577061
6341,6341011,12595,0.634218
6342,6342013,35160,1.770474
6343,6343014,53757,2.706921
6344,6344008,31383,1.580284
6345,6345011,12579,0.633413
6346,6346012,35112,1.768057
6347,6347014,53725,2.705310
6348,6348015,31159,1.569004
6349,6349008,12563,0.632607
6350,6350010,35064,1.765640
6351,6351012,53773,2.707727
6352,6352013,31255,1.573838
6353,6353009,12595,0.634218
6354,6354011,35128,1.768862
6355,6355013,53773,2.707727
6356,6356014,31207,1.571421
6357,6357015,12611,0.635024
6358,6358009,35016,1.763223
6359,6359011,53773,2.707727
6360,6360013,31255,1.573838
6361,6361010,12579,0.633413
6362,6362011,35080,1.766445
6363,6363012,53789,2.708533
6364,6364013,31223,1.572227
6365,6365015,12563,0.632607
6366,6366009,34968,1.760806
6367,6367010,53741,2.706116
6368,6368012,31255,1.573838
6369,6369016,12611,0.635024
6370,6370011,35080,1.766445
6371,6371013,53741,2.706116
6372,6372013,31287,1.575450
6373,6373015,12611,0.635024
6374,6374009,35000,1.762417
6375,6375010,53741,2.706116
6376,6376011,31319,1.577061
6377,6377014,12611,0.635024
6378,6378009,35000,1.762417
6379,6379011,53741,2.706116
6380,6380012,31287,1.575450
6381,6381014,12595,0.634218
6382,6382016,35176,1.771279
6383,6383009,53789,2.708533
6384,6384011,31287,1.575450
6385,6385014,12579,0.633413
6386,6386011,35032,1.764028
6387,6387012,53773,2.707727
6388,6388013,31239,1.573033
6389,6389015,12691,0.639052
6390,6390009,35016,1.763223
6391,6391010,53741,2.706116
6392,6392012,31255,1.573838
6393,6393010,12579,0.633413
6394,6394014,35160,1.770474
6395,6395009,53789,2.708533
6396,6396010,31367,1.579478
6397,6397012,12595,0.634218
6398,6398013,35128,1.768862
6399,6399015,53725,2.705310
6400,6400009,31367,1.579478
6401,6401015,12627,0.635830
6402,6402012,35048,1.764834
6403,6403014,53757,2.706921
6404,6404014,31207,1.571421
6405,6405010,12611,0.635024
6406,6406011,35064,1.765640
6407,6407012,53693,2.703699
6408,6408014,31223,1.572227
6409,6409011,12627,0.635830
6410,6410014,35224,1.773696
6411,6411015,53709,2.704504
6412,6412009,31383,1.580284
6413,6413011,12611,0.635024
6414,6414012,35080,1.766445
6415,6415014,53821,2.710144
6416,6416016,31143,1.568199
6417,6417013,12611,0.635024
6418,6418009,34984,1.761611
6419,6419010,53741,2.706116
6420,6420012,31287,1.575450
6421,6421013,12595,0.634218
6422,6422015,35272,1.776114
6423,6423008,53725,2.705310
6424,6424010,31303,1.576255
6425,6425008,12595,0.634218
6426,6426012,35112,1.768057
6427,6427013,53741,2.706116
6428,6428015,31191,1.570616
6429,6429010,12579,0.633413
6430,6430011,35112,1.768057
6431,6431013,53725,2.705310
6432,6432014,31207,1.571421
6433,6433013,12579,0.633413
6434,6434015,35160,1.770474
6435,6435010,53789,2.708533
6436,6436011,31255,1.573838
6437,6437012,12611,0.635024
6438,6438013,35144,1.769668
6439,6439014,53757,2.706921
6440,6440015,31223,1.572227
6441,6441013,12627,0.635830
6442,6442009,34968,1.760806
6443,6443010,53789,2.708533
6444,6444011,31271,1.574644
6445,6445012,12595,0.634218
6446,6446014,35128,1.768862
6447,6447015,53725,2.705310
6448,6448008,31415,1.581895
6449,6449015,12611,0.635024
6450,6450009,35032,1.764028
6451,6451010,53837,2.710950
6452,6452012,31303,1.576255
6453,6453014,12595,0.634218
6454,6454015,35160,1.770474
6455,6455010,53821,2.710144
6456,6456011,31303,1.576255
6457,6457010,12595,0.634218
6458,6458014,35208,1.772891
6459,6459009,53741,2.706116
6460,6460010,31351,1.578672
6461,6461012,12595,0.634218
6462,6462013,35128,1.768862
6463,6463015,53741,2.706116
6464,6464009,31399,1.581090
6465,6465015,12611,0.635024
6466,6466009,34984,1.761611
6467,6467011,53677,2.702893
6468,6468012,31287,1.575450
6469,6469014,12611,0.635024
6470,6470015,35128,1.768862
6471,6471009,53789,2.708533
6472,6472011,31287,1.575450
6473,6473011,12643,0.636635
6474,6474014,35144,1.769668
6475,6475015,53741,2.706116
6476,6476009,31351,1.578672
6477,6477011,12595,0.634218
6478,6478013,35144,1.769668
6479,6479015,53725,2.705310
6480,6480009,31351,1.578672
6481,6481010,12579,0.633413
6482,6482013,35112,1.768057
6483,6483015,53773,2.707727
6484,6484009,31479,1.585118
6485,6485010,12595,0.634218
6486,6486011,35032,1.764028
6487,6487013,53741,2.706116
6488,6488014,31255,1.573838
6489,6489014,12627,0.635830
6490,6490011,35048,1.764834
6491,6491012,53773,2.707727
6492,6492013,31223,1.572227
6493,6493015,12627,0.635830
6494,6494009,34952,1.760000
6495,6495010,53821,2.710144
6496,6496012,31239,1.573033
6497,6497014,12595,0.634218
6498,6498009,35064,1.765640
6499,6499010,53773,2.707727
6500,6500013,31207,1.571421
6501,6501014,12611,0.635024
6502,6502015,35160,1.770474
6503,6503010,53773,2.707727
6504,6504011,31287,1.575450
6505,6505011,12611,0.635024
6506,6506015,35224,1.773696
6507,6507011,53661,2.702087
6508,6508012,31207,1.571421
6509,6509014,12627,0.635830
6510,6510008,35000,1.762417
6511,6511009,53757,2.706921
6512,6512011,31335,1.577867
6513,6513012,12595,0.634218
6514,6514009,35000,1.762417
6515,6515010,53805,2.709338
6516,6516011,31287,1.575450
6517,6517013,12627,0.635830
6518,6518014,35144,1.769668
6519,6519009,53725,2.705310
6520,6520010,31367,1.579478
6521,6521013,12611,0.635024
6522,6522011,35128,1.768862
6523,6523013,53789,2.708533
6524,6524014,31191,1.570616
6525,6525009,12579,0.633413
6526,6526010,35048,1.764834
6527,6527011,53773,2.707727
6528,6528012,31351,1.578672
6529,6529013,12595,0.634218
6530,6530009,35016,1.763223
6531,6531012,53757,2.706921
6532,6532013,31287,1.575450
6533,6533014,12611,0.635024
6534,6534016,35176,1.771279
6535,6535010,53741,2.706116
6536,6536011,31351,1.578672
6537,6537013,12611,0.635024
6538,6538015,35224,1.773696
6539,6539010,53757,2.706921
6540,6540011,31287,1.575450
6541,6541013,12611,0.635024
6542,6542014,35208,1.772891
6543,6543015,53693,2.703699
6544,6544009,31383,1.580284
6545,6545011,12579,0.633413
6546,6546014,35160,1.770474
6547,6547009,53773,2.707727
6548,6548010,31335,1.577867
6549,6549012,12611,0.635024
6550,6550013,35128,1.768862
6551,6551014,53725,2.705310
6552,6552009,31383,1.580284
6553,6553011,12611,0.635024
6554,6554014,35176,1.771279
6555,6555015,53757,2.706921
6556,6556009,31431,1.582701
6557,6557010,12611,0.635024
6558,6558012,35128,1.768862
6559,6559014,53709,2.704504
6560,6560014,31207,1.571421
6561,6561009,12579,0.633413
6562,6562011,35080,1.766445
6563,6563013,53725,2.705310
6564,6564014,31159,1.569004
6565,6565008,12579,0.633413
6566,6566010,35032,1.764028
6567,6567011,53741,2.706116
6568,6568012,31223,1.572227
6569,6569015,12627,0.635830
6570,6570010,34984,1.761611
6571,6571011,53741,2.706116
6572,6572014,31207,1.571421
6573,6573014,12579,0.633413
6574,6574016,35176,1.771279
6575,6575009,53773,2.707727
6576,6576011,31303,1.576255
6577,6577013,12611,0.635024
6578,6578016,35208,1.772891
6579,6579009,53789,2.708533
6580,6580010,31367,1.579478
6581,6581012,12531,0.630996
6582,6582014,35128,1.768862
6583,6583015,53725,2.705310
6584,6584010,31319,1.577061
6585,6585013,12579,0.633413
6586,6586009,35048,1.764834
6587,6587011,53805,2.709338
6588,6588013,31271,1.574644
6589,6589014,12627,0.635830
6590,6590008,34952,1.760000
6591,6591010,53789,2.708533
6592,6592011,31303,1.576255
6593,6593015,12563,0.632607
6594,6594008,34968,1.760806
6595,6595009,53741,2.706116
6596,6596010,31399,1.581090
6597,6597012,12579,0.633413
6598,6598013,35128,1.768862
6599,6599014,53757,2.706921
6600,6600009,31351,1.578672
6601,6601013,12595,0.634218
6602,6602009,34984,1.761611
6603,6603011,53805,2.709338
6604,6604012,31335,1.577867
6605,6605014,12611,0.635024
6606,6606008,34968,1.760806
6607,6607009,53773,2.707727
6608,6608011,31319,1.577061
6609,6609014,12595,0.634218
6610,6610010,35000,1.762417
6611,6611011,53757,2.706921
6612,6612013,31287,1.575450
6613,6613015,12611,0.635024
6614,6614008,35000,1.762417
6615,6615009,53741,2.706116
6616,6616011,31351,1.578672
6617,6617008,12547,0.631801
6618,6618010,34984,1.761611
6619,6619012,53773,2.707727
6620,6620014,31207,1.571421
6621,6621015,12595,0.634218
6622,6622009,35000,1.762417
6623,6623011,53741,2.706116
6624,6624012,31319,1.577061
6625,6625009,12467,0.627773
6626,6626011,35048,1.764834
6627,6627013,53773,2.707727
6628,6628015,31223,1.572227
6629,6629009,12595,0.634218
6630,6630010,35080,1.766445
6631,6631012,53725,2.705310
6632,6632014,31255,1.573838
6633,6633010,12579,0.633413
6634,6634013,35112,1.768057
6635,6635015,53741,2.706116
6636,6636009,31399,1.581090
6637,6637010,12595,0.634218
6638,6638011,35048,1.764834
6639,6639012,53757,2.706921
6640,6640014,31239,1.573033
6641,6641011,12611,0.635024
6642,6642013,35176,1.771279
6643,6643015,53709,2.704504
6644,6644010,31383,1.580284
6645,6645011,12579,0.633413
6646,6646012,35080,1.766445
6647,6647013,53789,2.708533
6648,6648015,31255,1.573838
6649,6649014,12579,0.633413
6650,6650009,34968,1.760806
6651,6651011,53709,2.704504
6652,6652012,31303,1.576255
6653,6653012,12595,0.634218
6654,6654014,35144,1.769668
6655,6655009,53725,2.705310
6656,6656011,31335,1.577867
6657,6657009,12611,0.635024
6658,6658011,35032,1.764028
6659,6659013,53741,2.706116
6660,6660014,31207,1.571421
6661,6661008,12595,0.634218
6662,6662010,35000,1.762417
6663,6663011,53725,2.705310
6664,6664013,31271,1.574644
6665,6665012,12595,0.634218
6666,6666013,35144,1.769668
6667,6667015,53725,2.705310
6668,6668009,31367,1.579478
6669,6669010,12595,0.634218
6670,6670011,35080,1.766445
6671,6671012,53709,2.704504
6672,6672013,31255,1.573838
6673,6673012,12595,0.634218
6674,6674009,34888,1.756777
6675,6675010,53773,2.707727
6676,6676011,31287,1.575450
6677,6677013,12579,0.633413
6678,6678014,35128,1.768862
6679,6679016,53773,2.707727
6680,6680009,31399,1.581090
6681,6681016,12595,0.634218
6682,6682011,35016,1.763223
6683,6683012,53789,2.708533
6684,6684013,31223,1.572227
6685,6685014,12611,0.635024
6686,6686009,34952,1.760000
6687,6687010,53773,2.707727
6688,6688011,31351,1.578672
6689,6689011,12611,0.635024
6690,6690015,35160,1.770474
6691,6691009,53789,2.708533
6692,6692010,31335,1.577867
6693,6693012,12579,0.633413
6694,6694014,35112,1.768057
6695,6695016,53709,2.704504
6696,6696009,31463,1.584312
6697,6697015,12515,0.630190
6698,6698011,35048,1.764834
6699,6699012,53757,2.706921
6700,6700014,31255,1.573838
6701,6701015,12627,0.635830
6702,6702016,35192,1.772085
6703,6703010,53837,2.710950
6704,6704011,31303,1.576255
6705,6705011,12595,0.634218
6706,6706014,35096,1.767251
6707,6707015,53773,2.707727
6708,6708009,31367,1.579478
6709,6709011,12611,0.635024
6710,6710012,35080,1.766445
6711,6711014,53741,2.706116
6712,6712015,31207,1.571421
6713,6713015,12627,0.635830
6714,6714010,35016,1.763223
6715,6715012,53709,2.704504
6716,6716013,31207,1.571421
6717,6717014,12723,0.640664
6718,6718015,35176,1.771279
6719,6719009,53789,2.708533
6720,6720011,31319,1.577061
6721,6721011,12563,0.632607
6722,6722014,35160,1.770474
6723,6723008,53757,2.706921
6724,6724009,31367,1.579478
6725,6725010,12611,0.635024
6726,6726011,35000,1.762417
6727,6727013,53821,2.710144
6728,6728014,31255,1.573838
6729,6729014,12579,0.633413
6730,6730010,34984,1.761611
6731,6731011,53837,2.710950
6732,6732012,31287,1.575450
6733,6733013,12611,0.635024
6734,6734015,35176,1.771279
6735,6735009,53741,2.706116
6736,6736011,31383,1.580284
6737,6737013,12611,0.635024
6738,6738009,34984,1.761611
6739,6739011,53725,2.705310
6740,6740011,31383,1.580284
6741,6741013,12579,0.633413
6742,6742014,35240,1.774502
6743,6743015,53757,2.706921
6744,6744009,31431,1.582701
6745,6745011,12627,0.635830
6746,6746013,35192,1.772085
6747,6747014,53805,2.709338
6748,6748015,31191,1.570616
6749,6749009,12515,0.630190
6750,6750011,35032,1.764028
6751,6751013,53789,2.708533
6752,6752014,31223,1.572227
6753,6753015,12595,0.634218
6754,6754009,34984,1.761611
6755,6755010,53773,2.707727
6756,6756012,31303,1.576255
6757,6757013,12595,0.634218
6758,6758015,35096,1.767251
6759,6759009,53725,2.705310
6760,6760011,31351,1.578672
6761,6761012,12691,0.639052
6762,6762014,35160,1.770474
6763,6763016,53709,2.704504
6764,6764009,31399,1.581090
6765,6765011,12579,0.633413
6766,6766013,35112,1.768057
6767,6767014,53741,2.706116
6768,6768008,31399,1.581090
6769,6769011,12627,0.635830
6770,6770013,35128,1.768862
6771,6771015,53693,2.703699
6772,6772009,31383,1.580284
6773,6773010,12563,0.632607
6774,6774011,35032,1.764028
6775,6775013,53741,2.706116
6776,6776014,31223,1.572227
6777,6777009,12579,0.633413
6778,6778012,35096,1.767251
6779,6779014,53773,2.707727
6780,6780015,31175,1.569810
6781,6781010,12643,0.636635
6782,6782012,35128,1.768862
6783,6783012,53757,2.706921
6784,6784015,31383,1.580284
6785,6785010,12595,0.634218
6786,6786012,35032,1.764028
6787,6787013,53773,2.707727
6788,6788014,31175,1.569810
6789,6789008,12563,0.632607
6790,6790010,35032,1.764028
6791,6791011,53773,2.707727
6792,6792012,31255,1.573838
6793,6793016,12611,0.635024
6794,6794012,35064,1.765640
6795,6795013,53741,2.706116
6796,6796008,31447,1.583506
6797,6797009,12579,0.633413
6798,6798010,34968,1.760806
6799,6799011,53709,2.704504
6800,6800014,31287,1.575450
6801,6801010,12627,0.635830
6802,6802012,35048,1.764834
6803,6803013,53741,2.706116
6804,6804015,31159,1.569004
6805,6805010,12611,0.635024
6806,6806011,34968,1.760806
6807,6807013,53693,2.703699
6808,6808014,31239,1.573033
6809,6809009,12595,0.634218
6810,6810012,35080,1.766445
6811,6811015,53741,2.706116
6812,6812015,31159,1.569004
6813,6813009,12611,0.635024
6814,6814011,35000,1.762417
6815,6815012,53741,2.706116
6816,6816013,31271,1.574644
6817,6817010,12579,0.633413
6818,6818015,35176,1.771279
6819,6819009,53741,2.706116
6820,6820010,31335,1.577867
6821,6821012,12595,0.634218
6822,6822013,35032,1.764028
6823,6823014,53821,2.710144
6824,6824016,31175,1.569810
6825,6825012,12611,0.635024
6826,6826015,35112,1.768057
6827,6827009,53773,2.707727
6828,6828010,31383,1.580284
6829,6829011,12595,0.634218
6830,6830012,35016,1.763223
6831,6831014,53757,2.706921
6832,6832015,31223,1.572227
6833,6833013,12611,0.635024
6834,6834015,35160,1.770474
6835,6835009,53805,2.709338
6836,6836011,31351,1.578672
6837,6837011,12595,0.634218
6838,6838013,35096,1.767251
6839,6839014,53757,2.706921
6840,6840015,31207,1.571421
6841,6841012,12611,0.635024
6842,6842016,35080,1.766445
6843,6843010,53805,2.709338
6844,6844011,31319,1.577061
6845,6845013,12643,0.636635
6846,6846014,35112,1.768057
6847,6847014,53741,2.706116
6848,6848008,31431,1.582701
6849,6849013,12579,0.633413
6850,6850009,34984,1.761611
6851,6851011,53805,2.709338
6852,6852012,31303,1.576255
6853,6853014,12643,0.636635
6854,6854009,34984,1.761611
6855,6855011,53741,2.706116
6856,6856012,31287,1.575450
6857,6857009,12579,0.633413
6858,6858011,34952,1.760000
6859,6859013,53757,2.706921
6860,6860014,31223,1.572227
6861,6861008,12595,0.634218
6862,6862009,34920,1.758389
6863,6863011,53789,2.708533
6864,6864012,31287,1.575450
6865,6865010,12579,0.633413
6866,6866012,35000,1.762417
6867,6867013,53741,2.706116
6868,6868014,31239,1.573033
6869,6869008,12611,0.635024
6870,6870010,35000,1.762417
6871,6871012,53773,2.707727
6872,6872012,31319,1.577061
6873,6873010,12675,0.638247
6874,6874012,35032,1.764028
6875,6875014,53805,2.709338
6876,6876016,31191,1.570616
6877,6877010,12611,0.635024
6878,6878011,35016,1.763223
6879,6879012,53741,2.706116
6880,6880013,31271,1.574644
6881,6881011,12515,0.630190
6882,6882009,34920,1.758389
6883,6883010,53757,2.706921
6884,6884011,31287,1.575450
6885,6885012,12627,0.635830
6886,6886013,35096,1.767251
6887,6887015,53725,2.705310
6888,6888010,31303,1.576255
6889,6889009,12595,0.634218
6890,6890012,35160,1.770474
6891,6891013,53693,2.703699
6892,6892015,31143,1.568199
6893,6893009,12595,0.634218
6894,6894010,34968,1.760806
6895,6895012,53725,2.705310
6896,6896013,31271,1.574644
6897,6897012,12611,0.635024
6898,6898010,34984,1.761611
6899,6899013,53757,2.706921
6900,6900015,31287,1.575450
6901,6901009,12563,0.632607
6902,6902010,34984,1.761611
6903,6903011,53773,2.707727
6904,6904013,31287,1.575450
6905,6905012,12579,0.633413
6906,6906008,34968,1.760806
6907,6907010,53805,2.709338
6908,6908011,31335,1.577867
6909,6909012,12595,0.634218
6910,6910014,35128,1.768862
6911,6911009,53773,2.707727
6912,6912011,31335,1.577867
6913,6913016,12643,0.636635
6914,6914011,35000,1.762417
6915,6915013,53869,2.712561
6916,6916014,31303,1.576255
6917,6917015,12611,0.635024
6918,6918010,34936,1.759194
6919,6919011,53773,2.707727
6920,6920012,31303,1.576255
6921,6921011,12611,0.635024
6922,6922015,35176,1.771279
6923,6923009,53773,2.707727
6924,6924011,31447,1.583506
6925,6925012,12595,0.634218
6926,6926013,35112,1.768057
6927,6927014,53725,2.705310
6928,6928015,31223,1.572227
6929,6929014,12611,0.635024
6930,6930009,34952,1.760000
6931,6931010,53725,2.705310
6932,6932011,31335,1.577867
6933,6933013,12595,0.634218
6934,6934014,35112,1.768057
6935,6935009,53757,2.706921
6936,6936010,31351,1.578672
6937,6937009,12595,0.634218
6938,6938012,35016,1.763223
6939,6939012,53805,2.709338
6940,6940014,31239,1.573033
6941,6941008,12579,0.633413
6942,6942009,35016,1.763223
6943,6943011,53869,2.712561
6944,6944012,31239,1.573033
6945,6945012,12611,0.635024
6946,6946013,35048,1.764834
6947,6947015,53725,2.705310
6948,6948009,31431,1.582701
6949,6949011,12515,0.630190
6950,6950012,35048,1.764834
6951,6951013,53757,2.706921
6952,6952016,31207,1.571421
6953,6953015,12611,0.635024
6954,6954012,35048,1.764834
6955,6955015,53789,2.708533
6956,6956009,31399,1.581090
6957,6957011,12595,0.634218
6958,6958012,35080,1.766445
6959,6959013,53805,2.709338
6960,6960015,31207,1.571421
6961,6961016,12611,0.635024
6962,6962011,35032,1.764028
6963,6963013,53757,2.706921
6964,6964014,31303,1.576255
6965,6965008,12531,0.630996
6966,6966010,34984,1.761611
6967,6967012,53693,2.703699
6968,6968013,31287,1.575450
6969,6969015,12595,0.634218
6970,6970011,34984,1.761611
6971,6971012,53773,2.707727
6972,6972013,31255,1.573838
6973,6973014,12611,0.635024
6974,6974009,35096,1.767251
6975,6975010,53773,2.707727
6976,6976012,31335,1.577867
6977,6977013,12595,0.634218
6978,6978015,35144,1.769668
6979,6979009,53821,2.710144
6980,6980011,31351,1.578672
6981,6981012,12595,0.634218
6982,6982014,35016,1.763223
6983,6983015,53757,2.706921
6984,6984009,31415,1.581895
6985,6985011,12579,0.633413
6986,6986014,35176,1.771279
6987,6987015,53741,2.706116
6988,6988009,31415,1.581895
6989,6989011,12611,0.635024
6990,6990012,35080,1.766445
6991,6991014,53773,2.707727
6992,6992015,31175,1.569810
6993,6993010,12595,0.634218
6994,6994012,35096,1.767251
6995,6995014,53789,2.708533
6996,6996015,31239,1.573033
6997,6997009,12595,0.634218
6998,6998011,35064,1.765640
6999,6999012,53741,2.706116
7000,7000013,31255,1.573838
7001,7001008,12723,0.640664
7002,7002013,35064,1.765640
7003,7003014,53725,2.705310
7004,7004008,31399,1.581090
7005,7005009,12611,0.635024
7006,7006012,35032,1.764028
7007,7007013,53773,2.707727
7008,7008013,31255,1.573838
7009,7009009,12595,0.634218
7010,7010011,35016,1.763223
7011,7011012,53725,2.705310
7012,7012014,31255,1.573838
7013,7013016,12595,0.634218
7014,7014010,34952,1.760000
7015,7015011,53757,2.706921
7016,7016011,31319,1.577061
7017,7017014,12611,0.635024
7018,7018009,34920,1.758389
7019,7019010,53837,2.710950
7020,7020011,31351,1.578672
7021,7021012,12579,0.633413
7022,7022013,35048,1.764834
7023,7023015,53757,2.706921
7024,7024008,31447,1.583506
7025,7025011,12611,0.635024
7026,7026014,35096,1.767251
7027,7027015,53773,2.707727
7028,7028009,31383,1.580284
7029,7029011,12611,0.635024
7030,7030011,35000,1.762417
7031,7031013,53725,2.705310
7032,7032015,31239,1.573033
7033,7033010,12611,0.635024
7034,7034012,35080,1.766445
7035,7035014,53741,2.706116
7036,7036015,31207,1.571421
7037,7037009,12579,0.633413
7038,7038011,35064,1.765640
7039,7039013,53805,2.709338
7040,7040015,31207,1.571421
7041,7041010,12595,0.634218
7042,7042013,35064,1.765640
7043,7043015,53773,2.707727
7044,7044009,31383,1.580284
7045,7045012,12595,0.634218
7046,7046013,35032,1.764028
7047,7047015,53709,2.704504
7048,7048009,31431,1.582701
7049,7049012,12595,0.634218
7050,7050016,35144,1.769668
7051,7051012,53805,2.709338
7052,7052013,31239,1.573033
7053,7053015,12579,0.633413
7054,7054015,35128,1.768862
7055,7055010,53805,2.709338
7056,7056011,31399,1.581090
7057,7057016,12611,0.635024
7058,7058011,34888,1.756777
7059,7059013,53805,2.709338
7060,7060014,31271,1.574644
7061,7061016,12595,0.634218
7062,7062010,34968,1.760806
7063,7063012,53741,2.706116
7064,7064013,31271,1.574644
7065,7065010,12643,0.636635
7066,7066014,35112,1.768057
7067,7067015,53725,2.705310
7068,7068009,31415,1.581895
7069,7069011,12611,0.635024
7070,7070012,35128,1.768862
7071,7071013,53741,2.706116
7072,7072015,31223,1.572227
7073,7073011,12579,0.633413
7074,7074013,35080,1.766445
7075,7075015,53821,2.710144
7076,7076009,31319,1.577061
7077,7077010,12595,0.634218
7078,7078011,35048,1.764834
7079,7079013,53757,2.706921
7080,7080014,31303,1.576255
7081,7081011,12611,0.635024
7082,7082013,35048,1.764834
7083,7083014,53741,2.706116
7084,7084009,31431,1.582701
7085,7085010,12547,0.631801
7086,7086011,35064,1.765640
7087,7087013,53693,2.703699
7088,7088014,31255,1.573838
7089,7089012,12611,0.635024
7090,7090015,35080,1.766445
7091,7091009,53805,2.709338
7092,7092010,31335,1.577867
7093,7093011,12611,0.635024
7094,7094012,35016,1.763223
7095,7095013,53789,2.708533
7096,7096015,31271,1.574644
7097,7097013,12611,0.635024
7098,7098015,35112,1.768057
7099,7099009,53853,2.711756
7100,7100011,31367,1.579478
7101,7101012,12611,0.635024
7102,7102013,35032,1.764028
7103,7103014,53757,2.706921
7104,7104016,31239,1.573033
7105,7105015,12547,0.631801
7106,7106010,34968,1.760806
7107,7107012,53773,2.707727
7108,7108013,31319,1.577061
7109,7109014,12611,0.635024
7110,7110009,34984,1.761611
7111,7111010,53741,2.706116
7112,7112012,31383,1.580284
7113,7113009,12579,0.633413
7114,7114012,35080,1.766445
7115,7115013,53773,2.707727
7116,7116015,31223,1.572227
7117,7117015,12611,0.635024
7118,7118009,34920,1.758389
7119,7119010,53837,2.710950
7120,7120012,31351,1.578672
7121,7121011,12595,0.634218
7122,7122014,35080,1.766445
7123,7123008,53757,2.706921
7124,7124011,31319,1.577061
7125,7125012,12595,0.634218
7126,7126013,35112,1.768057
7127,7127015,53757,2.706921
7128,7128009,31447,1.583506
7129,7129009,12579,0.633413
7130,7130012,34968,1.760806
7131,7131013,53789,2.708533
7132,7132014,31287,1.575450
7133,7133008,12563,0.632607
7134,7134010,35032,1.764028
7135,7135011,53725,2.705310
7136,7136013,31319,1.577061
7137,7137013,12627,0.635830
7138,7138015,35128,1.768862
7139,7139008,53773,2.707727
7140,7140010,31287,1.575450
7141,7141013,12611,0.635024
7142,7142014,35080,1.766445
7143,7143008,53789,2.708533
7144,7144010,31383,1.580284
7145,7145009,12579,0.633413
7146,7146013,35096,1.767251
7147,7147014,53725,2.705310
7148,7148015,31223,1.572227
7149,7149010,12595,0.634218
7150,7150011,34984,1.761611
7151,7151012,53773,2.707727
7152,7152013,31351,1.578672
7153,7153013,12595,0.634218
7154,7154009,34936,1.759194
7155,7155011,53725,2.705310
7156,7156013,31319,1.577061
7157,7157014,12595,0.634218
7158,7158015,35192,1.772085
7159,7159009,53837,2.710950
7160,7160009,31527,1.587535
7161,7161009,12595,0.634218
7162,7162012,35048,1.764834
7163,7163013,53757,2.706921
7164,7164015,31191,1.570616
7165,7165010,12595,0.634218
7166,7166010,34888,1.756777
7167,7167012,53773,2.707727
7168,7168013,31271,1.574644
7169,7169012,12611,0.635024
7170,7170014,35128,1.768862
7171,7171015,53789,2.708533
7172,7172009,31415,1.581895
7173,7173011,12595,0.634218
7174,7174012,35048,1.764834
7175,7175013,53757,2.706921
7176,7176015,31239,1.573033
7177,7177014,12611,0.635024
7178,7178015,35112,1.768057
7179,7179009,53789,2.708533
7180,7180010,31463,1.584312
7181,7181011,12595,0.634218
7182,7182013,35048,1.764834
7183,7183014,53725,2.705310
7184,7184015,31207,1.571421
7185,7185009,12563,0.632607
7186,7186013,35032,1.764028
7187,7187015,53773,2.707727
7188,7188009,31431,1.582701
7189,7189010,12595,0.634218
7190,7190011,35016,1.763223
7191,7191012,53709,2.704504
7192,7192014,31255,1.573838
7193,7193015,12691,0.639052
7194,7194010,34936,1.759194
7195,7195012,53757,2.706921
7196,7196013,31303,1.576255
7197,7197014,12595,0.634218
7198,7198008,34968,1.760806
7199,7199010,53821,2.710144
7200,7200011,31383,1.580284
7201,7201011,12579,0.633413
7202,7202014,35096,1.767251
7203,7203015,53741,2.706116
7204,7204009,31399,1.581090
7205,7205010,12595,0.634218
7206,7206012,35064,1.765640
7207,7207013,53773,2.707727
7208,7208014,31303,1.576255
7209,7209016,12579,0.633413
7210,7210012,34952,1.760000
7211,7211013,53725,2.705310
7212,7212014,31207,1.571421
7213,7213015,12595,0.634218
7214,7214009,34888,1.756777
7215,7215009,53837,2.710950
7216,7216011,31399,1.581090
7217,7217013,12595,0.634218
7218,7218009,34936,1.759194
7219,7219010,53773,2.707727
7220,7220011,31351,1.578672
7221,7221012,12611,0.635024
7222,7222014,35064,1.765640
7223,7223015,53725,2.705310
7224,7224009,31383,1.580284
7225,7225011,12611,0.635024
7226,7226014,35096,1.767251
7227,7227015,53741,2.706116
7228,7228009,31399,1.581090
7229,7229011,12579,0.633413
7230,7230012,34984,1.761611
7231,7231014,53725,2.705310
7232,7232009,31431,1.582701
7233,7233010,12611,0.635024
7234,7234012,35032,1.764028
7235,7235012,53741,2.706116
7236,7236014,31223,1.572227
7237,7237009,12579,0.633413
7238,7238011,35048,1.764834
7239,7239013,53789,2.708533
7240,7240014,31271,1.574644
7241,7241009,12563,0.632607
7242,7242011,34984,1.761611
7243,7243012,53757,2.706921
7244,7244014,31271,1.574644
7245,7245015,12595,0.634218
7246,7246009,34984,1.761611
7247,7247011,53741,2.706116
7248,7248012,31335,1.577867
7249,7249014,12611,0.635024
7250,7250015,35128,1.768862
7251,7251010,53885,2.713367
7252,7252011,31367,1.579478
7253,7253012,12595,0.634218
7254,7254014,35080,1.766445
7255,7255009,53869,2.712561
7256,7256010,31383,1.580284
7257,7257013,12579,0.633413
7258,7258009,34904,1.757583
7259,7259010,53789,2.708533
7260,7260012,31335,1.577867
7261,7261013,12595,0.634218
7262,7262014,35112,1.768057
7263,7263016,53773,2.707727
7264,7264010,31367,1.579478
7265,7265012,12579,0.633413
7266,7266009,34936,1.759194
7267,7267011,53789,2.708533
7268,7268012,31335,1.577867
7269,7269013,12579,0.633413
7270,7270015,35144,1.769668
7271,7271010,53741,2.706116
7272,7272012,31335,1.577867
7273,7273015,12643,0.636635
7274,7274010,34984,1.761611
7275,7275011,53789,2.708533
7276,7276014,31255,1.573838
7277,7277015,12611,0.635024
7278,7278009,34920,1.758389
7279,7279011,53773,2.707727
7280,7280013,31303,1.576255
7281,7281009,12483,0.628579
7282,7282012,34968,1.760806
7283,7283013,53693,2.703699
7284,7284015,31239,1.573033
7285,7285009,12531,0.630996
7286,7286010,34920,1.758389
7287,7287012,53773,2.707727
7288,7288014,31239,1.573033
7289,7289010,12643,0.636635
7290,7290014,35128,1.768862
7291,7291015,53773,2.707727
7292,7292009,31399,1.581090
7293,7293011,12611,0.635024
7294,7294013,35048,1.764834
7295,7295015,53741,2.706116
7296,7296009,31463,1.584312
7297,7297012,12595,0.634218
7298,7298010,35000,1.762417
7299,7299013,53757,2.706921
7300,7300014,31239,1.573033
7301,7301009,12579,0.633413
7302,7302009,34968,1.760806
7303,7303011,53741,2.706116
7304,7304012,31351,1.578672
7305,7305009,12595,0.634218
7306,7306013,35048,1.764834
7307,7307014,53757,2.706921
7308,7308015,31271,1.574644
7309,7309009,12579,0.633413
7310,7310010,35032,1.764028
7311,7311012,53757,2.706921
7312,7312013,31319,1.577061
7313,7313011,12595,0.634218
7314,7314013,35032,1.764028
7315,7315014,53805,2.709338
7316,7316009,31431,1.582701
7317,7317011,12595,0.634218
7318,7318012,34984,1.761611
7319,7319013,53773,2.707727
7320,7320014,31223,1.572227
7321,7321011,12659,0.637441
7322,7322013,35048,1.764834
7323,7323015,53837,2.710950
7324,7324009,31415,1.581895
7325,7325010,12595,0.634218
7326,7326010,34984,1.761611
7327,7327012,53773,2.707727
7328,7328013,31239,1.573033
7329,7329628,22917,1.153980
7330,7330014,35096,1.767251
7331,7331009,53741,2.706116
7332,7332011,31367,1.579478
7333,7333012,12579,0.633413
7334,7334013,35080,1.766445
7335,7335014,53869,2.712561
7336,7336009,31447,1.583506
7337,7337014,12563,0.632607
7338,7338015,35096,1.767251
7339,7339009,53741,2.706116
7340,7340011,31383,1.580284
7341,7341012,12595,0.634218
7342,7342013,35048,1.764834
7343,7343015,53757,2.706921
7344,7344009,31479,1.585118
7345,7345013,12611,0.635024
7346,7346009,34920,1.758389
7347,7347010,53757,2.706921
7348,7348011,31367,1.579478
7349,7349013,12579,0.633413
7350,7350014,35080,1.766445
7351,7351015,53725,2.705310
7352,7352010,31399,1.581090
7353,7353008,12611,0.635024
7354,7354011,35032,1.764028
7355,7355012,53805,2.709338
7356,7356013,31287,1.575450
7357,7357014,12595,0.634218
7358,7358008,34888,1.756777
7359,7359010,53741,2.706116
7360,7360012,31319,1.577061
7361,7361011,12595,0.634218
7362,7362013,35048,1.764834
7363,7363014,53757,2.706921
7364,7364015,31303,1.576255
7365,7365009,12563,0.632607
7366,7366010,34952,1.760000
7367,7367011,53741,2.706116
7368,7368012,31351,1.578672
7369,7369012,12595,0.634218
7370,7370015,35112,1.768057
7371,7371010,53789,2.708533
7372,7372011,31399,1.581090
7373,7373012,12579,0.633413
7374,7374014,35048,1.764834
7375,7375015,53741,2.706116
7376,7376009,31415,1.581895
7377,7377009,12595,0.634218
7378,7378010,34968,1.760806
7379,7379012,53741,2.706116
7380,7380013,31303,1.576255
7381,7381014,12563,0.632607
7382,7382008,34840,1.754360
7383,7383010,53853,2.711756
7384,7384012,31335,1.577867
7385,7385011,12611,0.635024
7386,7386013,34952,1.760000
7387,7387015,53757,2.706921
7388,7388015,31143,1.568199
7389,7389010,12595,0.634218
7390,7390012,34984,1.761611
7391,7391013,53805,2.709338
7392,7392014,31239,1.573033
7393,7393014,12595,0.634218
7394,7394016,35096,1.767251
7395,7395009,53773,2.707727
7396,7396010,31431,1.582701
7397,7397012,12595,0.634218
7398,7398014,35048,1.764834
7399,7399015,53805,2.709338
7400,7400009,31463,1.584312
7401,7401010,12579,0.633413
7402,7402012,35016,1.763223
7403,7403014,53629,2.700476
7404,7404009,31447,1.583506
7405,7405010,12579,0.633413
7406,7406011,35048,1.764834
7407,7407013,53789,2.708533
7408,7408015,31255,1.573838
7409,7409015,12595,0.634218
7410,7410010,34952,1.760000
7411,7411011,53725,2.705310
7412,7412012,31367,1.579478
7413,7413014,12595,0.634218
7414,7414016,35144,1.769668
7415,7415010,53869,2.712561
7416,7416011,31431,1.582701
7417,7417013,12595,0.634218
7418,7418009,34952,1.760000
7419,7419010,53677,2.702893
7420,7420011,31383,1.580284
7421,7421014,12579,0.633413
7422,7422015,35096,1.767251
7423,7423010,53837,2.710950
7424,7424011,31399,1.581090
7425,7425011,12579,0.633413
7426,7426013,35064,1.765640
7427,7427014,53789,2.708533
7428,7428009,31447,1.583506
7429,7429011,12611,0.635024
7430,7430013,35080,1.766445
7431,7431014,53789,2.708533
7432,7432009,31447,1.583506
7433,7433011,12595,0.634218
7434,7434013,35096,1.767251
7435,7435014,53709,2.704504
7436,7436008,31431,1.582701
7437,7437010,12611,0.635024
7438,7438012,34904,1.757583
7439,7439013,53741,2.706116
7440,7440014,31303,1.576255
7441,7441015,12611,0.635024
7442,7442010,35000,1.762417
7443,7443012,53789,2.708533
7444,7444013,31303,1.576255
7445,7445014,12595,0.634218
7446,7446015,35128,1.768862
7447,7447009,53709,2.704504
7448,7448011,31383,1.580284
7449,7449012,12595,0.634218
7450,7450015,35192,1.772085
7451,7451009,53725,2.705310
7452,7452010,31463,1.584312
7453,7453011,12595,0.634218
7454,7454012,34984,1.761611
7455,7455013,53757,2.706921
7456,7456015,31271,1.574644
7457,7457009,12579,0.633413
7458,7458012,34984,1.761611
7459,7459013,53773,2.707727
7460,7460014,31223,1.572227
7461,7461009,12595,0.634218
7462,7462010,34936,1.759194
7463,7463011,53741,2.706116
7464,7464012,31383,1.580284
7465,7465014,12595,0.634218
7466,7466010,34968,1.760806
7467,7467011,53789,2.708533
7468,7468013,31367,1.579478
7469,7469015,12595,0.634218
7470,7470009,34904,1.757583
7471,7471010,53757,2.706921
7472,7472011,31303,1.576255
7473,7473014,12595,0.634218
7474,7474009,34968,1.760806
7475,7475011,53693,2.703699
7476,7476012,31319,1.577061
7477,7477013,12627,0.635830
7478,7478014,35080,1.766445
7479,7479016,53757,2.706921
7480,7480010,31415,1.581895
7481,7481013,12675,0.638247
7482,7482009,34904,1.757583
7483,7483010,53821,2.710144
7484,7484012,31367,1.579478
7485,7485013,12595,0.634218
7486,7486015,35112,1.768057
7487,7487015,53741,2.706116
7488,7488009,31399,1.581090
7489,7489012,12579,0.633413
7490,7490014,35112,1.768057
7491,7491016,53741,2.706116
7492,7492010,31399,1.581090
7493,7493011,12595,0.634218
7494,7494013,35048,1.764834
7495,7495014,53773,2.707727
7496,7496008,31543,1.588340
7497,7497012,12579,0.633413
7498,7498014,35096,1.767251
7499,7499009,53613,2.699670
7500,7500010,31447,1.583506
7501,7501012,12611,0.635024
7502,7502014,35176,1.771279
7503,7503015,53725,2.705310
7504,7504009,31559,1.589146
7505,7505013,12595,0.634218
7506,7506016,35144,1.769668
7507,7507010,53709,2.704504
7508,7508011,31399,1.581090
7509,7509012,12595,0.634218
7510,7510013,35032,1.764028
7511,7511014,53757,2.706921
7512,7512008,31495,1.585924
7513,7513013,12595,0.634218
7514,7514016,35128,1.768862
7515,7515010,53741,2.706116
7516,7516012,31431,1.582701
7517,7517013,12627,0.635830
7518,7518015,35080,1.766445
7519,7519009,53789,2.708533
7520,7520011,31399,1.581090
7521,7521015,12611,0.635024
7522,7522010,34936,1.759194
7523,7523012,53757,2.706921
7524,7524013,31319,1.577061
7525,7525014,12595,0.634218
7526,7526016,35128,1.768862
7527,7527010,53773,2.707727
7528,7528011,31383,1.580284
7529,7529009,12675,0.638247
7530,7530014,35080,1.766445
7531,7531014,53757,2.706921
7532,7532016,31255,1.573838
7533,7533010,12563,0.632607
7534,7534011,34936,1.759194
7535,7535013,53773,2.707727
7536,7536014,31287,1.575450
7537,7537012,12547,0.631801
7538,7538014,35080,1.766445
7539,7539008,53741,2.706116
7540,7540011,31447,1.583506
7541,7541012,12595,0.634218
7542,7542014,35016,1.763223
7543,7543015,53773,2.707727
7544,7544016,31239,1.573033
7545,7545014,12595,0.634218
7546,7546010,34952,1.760000
7547,7547010,53773,2.707727
7548,7548012,31351,1.578672
7549,7549013,12579,0.633413
7550,7550015,35080,1.766445
7551,7551009,53757,2.706921
7552,7552010,31383,1.580284
7553,7553016,12627,0.635830
7554,7554012,35064,1.765640
7555,7555014,53757,2.706921
7556,7556016,31191,1.570616
7557,7557009,12579,0.633413
7558,7558011,34968,1.760806
7559,7559012,53757,2.706921
7560,7560014,31271,1.574644
7561,7561012,12595,0.634218
7562,7562014,35064,1.765640
7563,7563015,53741,2.706116
7564,7564009,31463,1.584312
7565,7565011,12579,0.633413
7566,7566012,35048,1.764834
7567,7567012,53725,2.705310
7568,7568014,31287,1.575450
7569,7569011,12595,0.634218
7570,7570012,34968,1.760806
7571,7571014,53741,2.706116
7572,7572015,31255,1.573838
7573,7573008,12563,0.632607
7574,7574010,34952,1.760000
7575,7575011,53789,2.708533
7576,7576013,31367,1.579478
7577,7577013,12691,0.639052
7578,7578014,35064,1.765640
7579,7579015,53741,2.706116
7580,7580008,31479,1.585118
7581,7581009,12563,0.632607
7582,7582011,35016,1.763223
7583,7583013,53741,2.706116
7584,7584014,31319,1.577061
7585,7585012,12675,0.638247
7586,7586015,35112,1.768057
7587,7587009,53805,2.709338
7588,7588010,31415,1.581895
7589,7589012,12579,0.633413
7590,7590013,35032,1.764028
7591,7591014,53821,2.710144
7592,7592008,31511,1.586729
7593,7593015,12627,0.635830
7594,7594010,34920,1.758389
7595,7595012,53757,2.706921
7596,7596013,31367,1.579478
7597,7597014,12595,0.634218
7598,7598009,34952,1.760000
7599,7599011,53741,2.706116
7600,7600012,31479,1.585118
7601,7601011,12579,0.633413
7602,7602013,35112,1.768057
7603,7603015,53725,2.705310
7604,7604009,31463,1.584312
7605,7605010,12611,0.635024
7606,7606011,34984,1.761611
7607,7607012,53773,2.707727
7608,7608013,31319,1.577061
7609,7609014,12611,0.635024
7610,7610008,34872,1.755972
7611,7611010,53789,2.708533
7612,7612012,31399,1.581090
7613,7613013,12611,0.635024
7614,7614015,35080,1.766445
7615,7615016,53677,2.702893
7616,7616009,31495,1.585924
7617,7617010,12707,0.639858
7618,7618012,35000,1.762417
7619,7619013,53805,2.709338
7620,7620014,31319,1.577061
7621,7621009,12563,0.632607
7622,7622011,34952,1.760000
7623,7623012,53709,2.704504
7624,7624013,31207,1.571421
7625,7625012,12595,0.634218
7626,7626015,35144,1.769668
7627,7627009,53725,2.705310
7628,7628011,31415,1.581895
7629,7629012,12595,0.634218
7630,7630013,35000,1.762417
7631,7631014,53709,2.704504
7632,7632008,31495,1.585924
7633,7633014,12611,0.635024
7634,7634009,34856,1.755166
7635,7635011,53757,2.706921
7636,7636012,31399,1.581090
7637,7637012,12579,0.633413
7638,7638015,35096,1.767251
7639,7639008,53741,2.706116
7640,7640010,31383,1.580284
7641,7641011,12579,0.633413
7642,7642013,34984,1.761611
7643,7643015,53709,2.704504
7644,7644008,31495,1.585924
7645,7645010,12579,0.633413
7646,7646011,35016,1.763223
7647,7647012,53725,2.705310
7648,7648014,31287,1.575450
7649,7649014,12611,0.635024
7650,7650009,34888,1.756777
7651,7651011,53725,2.705310
7652,7652013,31415,1.581895
7653,7653014,12563,0.632607
7654,7654015,35048,1.764834
7655,7655008,53773,2.707727
7656,7656010,31431,1.582701
7657,7657010,12483,0.628579
7658,7658014,35048,1.764834
7659,7659015,53725,2.705310
7660,7660016,31303,1.576255
7661,7661010,12579,0.633413
7662,7662011,35032,1.764028
7663,7663013,53725,2.705310
7664,7664015,31255,1.573838
7665,7665010,12595,0.634218
7666,7666015,35128,1.768862
7667,7667009,53789,2.708533
7668,7668010,31383,1.580284
7669,7669012,12563,0.632607
7670,7670013,35016,1.763223
7671,7671014,53757,2.706921
7672,7672015,31223,1.572227
7673,7673010,12563,0.632607
7674,7674013,34920,1.758389
7675,7675014,53693,2.703699
7676,7676009,31479,1.585118
7677,7677010,12579,0.633413
7678,7678012,35000,1.762417
7679,7679014,53773,2.707727
7680,7680008,31463,1.584312
7681,7681009,12579,0.633413
7682,7682011,34984,1.761611
7683,7683013,53805,2.709338
7684,7684015,31287,1.575450
7685,7685009,12531,0.630996
7686,7686010,35112,1.768057
7687,7687012,53741,2.706116
7688,7688013,31367,1.579478
7689,7689015,12643,0.636635
7690,7690011,35000,1.762417
7691,7691012,53789,2.708533
7692,7692014,31351,1.578672
7693,7693015,12595,0.634218
7694,7694008,34872,1.755972
7695,7695010,53757,2.706921
7696,7696011,31415,1.581895
7697,7697013,12595,0.634218
7698,7698009,34984,1.761611
7699,7699011,53773,2.707727
7700,7700012,31351,1.578672
7701,7701013,12659,0.637441
7702,7702014,35016,1.763223
7703,7703008,53789,2.708533
7704,7704009,31431,1.582701
7705,7705011,12579,0.633413
7706,7706013,35048,1.764834
7707,7707014,53725,2.705310
7708,7708015,31271,1.574644
7709,7709010,12611,0.635024
7710,7710010,34904,1.757583
7711,7711012,53789,2.708533
7712,7712013,31367,1.579478
7713,7713009,12531,0.630996
7714,7714011,34904,1.757583
7715,7715013,53757,2.706921
7716,7716014,31287,1.575450
7717,7717009,12579,0.633413
7718,7718011,34936,1.759194
7719,7719012,53709,2.704504
7720,7720014,31239,1.573033
7721,7721015,12595,0.634218
7722,7722009,34920,1.758389
7723,7723012,53677,2.702893
7724,7724013,31431,1.582701
7725,7725014,12595,0.634218
7726,7726015,35144,1.769668
7727,7727008,53757,2.706921
7728,7728010,31431,1.582701
7729,7729013,12499,0.629384
7730,7730015,35112,1.768057
7731,7731009,53805,2.709338
7732,7732010,31431,1.582701
7733,7733012,12627,0.635830
7734,7734013,35048,1.764834
7735,7735014,53741,2.706116
7736,7736008,31479,1.585118
7737,7737014,12579,0.633413
7738,7738009,34968,1.760806
7739,7739011,53757,2.706921
7740,7740013,31335,1.577867
7741,7741014,12483,0.628579
7742,7742008,34904,1.757583
7743,7743009,53805,2.709338
7744,7744011,31383,1.580284
7745,7745009,12579,0.633413
7746,7746011,34936,1.759194
7747,7747012,53757,2.706921
7748,7748014,31303,1.576255
7749,7749015,12595,0.634218
7750,7750009,34856,1.755166
7751,7751010,53789,2.708533
7752,7752011,31431,1.582701
7753,7753015,12611,0.635024
7754,7754011,35032,1.764028
7755,7755012,53709,2.704504
7756,7756014,31319,1.577061
7757,7757008,12579,0.633413
7758,7758009,34904,1.757583
7759,7759011,53741,2.706116
7760,7760012,31367,1.579478
7761,7761010,12627,0.635830
7762,7762012,35032,1.764028
7763,7763013,53725,2.705310
7764,7764015,31271,1.574644
7765,7765009,12579,0.633413
7766,7766010,34872,1.755972
7767,7767012,53661,2.702087
7768,7768012,31415,1.581895
7769,7769010,12611,0.635024
7770,7770012,35016,1.763223
7771,7771013,53709,2.704504
7772,7772015,31287,1.575450
7773,7773009,12611,0.635024
7774,7774012,34920,1.758389
7775,7775013,53773,2.707727
7776,7776014,31287,1.575450
7777,7777012,12579,0.633413
7778,7778014,35032,1.764028
7779,7779009,53725,2.705310
7780,7780011,31447,1.583506
7781,7781012,12595,0.634218
7782,7782013,35000,1.762417
7783,7783015,53805,2.709338
7784,7784009,31463,1.584312
7785,7785014,12611,0.635024
7786,7786010,34952,1.760000
7787,7787012,53741,2.706116
7788,7788013,31335,1.577867
7789,7789014,12611,0.635024
7790,7790009,34936,1.759194
7791,7791009,53757,2.706921
7792,7792011,31383,1.580284
7793,7793009,12627,0.635830
7794,7794012,35048,1.764834
7795,7795014,53741,2.706116
7796,7796016,31239,1.573033
7797,7797009,12595,0.634218
7798,7798011,34856,1.755166
7799,7799012,53661,2.702087
7800,7800014,31335,1.577867
7801,7801012,12563,0.632607
7802,7802014,35064,1.765640
7803,7803015,53773,2.707727
7804,7804009,31543,1.588340
7805,7805011,12595,0.634218
7806,7806011,34936,1.759194
7807,7807013,53773,2.707727
7808,7808015,31255,1.573838
7809,7809013,12691,0.639052
7810,7810015,35000,1.762417
7811,7811009,53693,2.703699
7812,7812011,31367,1.579478
7813,7813012,12611,0.635024
7814,7814014,35032,1.764028
7815,7815015,53757,2.706921
7816,7816009,31495,1.585924
7817,7817015,12531,0.630996
7818,7818010,34968,1.760806
7819,7819012,53741,2.706116
7820,7820014,31303,1.576255
7821,7821016,12611,0.635024
7822,7822009,34840,1.754360
7823,7823011,53805,2.709338
7824,7824012,31383,1.580284
7825,7825012,12643,0.636635
7826,7826015,35096,1.767251
7827,7827010,53709,2.704504
7828,7828012,31447,1.583506
7829,7829013,12611,0.635024
7830,7830015,35096,1.767251
7831,7831009,53773,2.707727
7832,7832010,31431,1.582701
7833,7833010,12579,0.633413
7834,7834014,34968,1.760806
7835,7835016,53757,2.706921
7836,7836010,31415,1.581895
7837,7837011,12595,0.634218
7838,7838013,35016,1.763223
7839,7839014,53725,2.705310
7840,7840009,31463,1.584312
7841,7841015,12579,0.633413
7842,7842011,34968,1.760806
7843,7843013,53869,2.712561
7844,7844015,31239,1.573033
7845,7845009,12579,0.633413
7846,7846010,34920,1.758389
7847,7847012,53789,2.708533
7848,7848014,31319,1.577061
7849,7849013,12563,0.632607
7850,7850010,34888,1.756777
7851,7851011,53741,2.706116
7852,7852013,31335,1.577867
7853,7853014,12595,0.634218
7854,7854015,35080,1.766445
7855,7855009,53709,2.704504
7856,7856010,31495,1.585924
7857,7857009,12595,0.634218
7858,7858011,34952,1.760000
7859,7859013,53821,2.710144
7860,7860014,31367,1.579478
7861,7861009,12515,0.630190
7862,7862010,35016,1.763223
7863,7863012,53789,2.708533
7864,7864013,31367,1.579478
7865,7865013,12595,0.634218
7866,7866015,35160,1.770474
7867,7867009,53773,2.707727
7868,7868010,31463,1.584312
7869,7869011,12483,0.628579
7870,7870013,35000,1.762417
7871,7871014,53757,2.706921
7872,7872008,31463,1.584312
7873,7873016,12611,0.635024
7874,7874010,34952,1.760000
7875,7875012,53789,2.708533
7876,7876013,31351,1.578672
7877,7877014,12611,0.635024
7878,7878009,34840,1.754360
7879,7879010,53853,2.711756
7880,7880011,31415,1.581895
7881,7881012,12579,0.633413
7882,7882014,35016,1.763223
7883,7883009,53789,2.708533
7884,7884010,31399,1.581090
7885,7885011,12675,0.638247
7886,7886013,35096,1.767251
7887,7887015,53821,2.710144
7888,7888008,31495,1.585924
7889,7889009,12643,0.636635
7890,7890011,34936,1.759194
7891,7891012,53741,2.706116
7892,7892013,31303,1.576255
7893,7893015,12627,0.635830
7894,7894009,34920,1.758389
7895,7895011,53773,2.707727
7896,7896012,31399,1.581090
7897,7897012,12611,0.635024
7898,7898014,35032,1.764028
7899,7899008,53757,2.706921
7900,7900010,31447,1.583506
7901,7901011,12579,0.633413
7902,7902012,35048,1.764834
7903,7903014,53741,2.706116
7904,7904015,31303,1.576255
7905,7905009,12595,0.634218
7906,7906011,34984,1.761611
7907,7907012,53757,2.706921
7908,7908014,31351,1.578672
7909,7909015,12595,0.634218
7910,7910009,34856,1.755166
7911,7911011,53773,2.707727
7912,7912013,31367,1.579478
7913,7913015,12627,0.635830
7914,7914010,34888,1.756777
7915,7915012,53757,2.706921
7916,7916013,31367,1.579478
7917,7917014,12611,0.635024
7918,7918009,34920,1.758389
7919,7919010,53757,2.706921
7920,7920011,31415,1.581895
7921,7921014,12611,0.635024
7922,7922012,34984,1.761611
7923,7923015,53789,2.708533
7924,7924010,31431,1.582701
7925,7925010,12563,0.632607
7926,7926013,35016,1.763223
7927,7927015,53773,2.707727
7928,7928009,31479,1.585118
7929,7929011,12579,0.633413
7930,7930013,35048,1.764834
7931,7931015,53773,2.707727
7932,7932008,31479,1.585118
7933,7933010,12595,0.634218
7934,7934012,34904,1.757583
7935,7935013,53805,2.709338
7936,7936015,31287,1.575450
7937,7937011,12595,0.634218
7938,7938014,35064,1.765640
7939,7939009,53725,2.705310
7940,7940010,31431,1.582701
7941,7941012,12595,0.634218
7942,7942013,34952,1.760000
7943,7943014,53741,2.706116
7944,7944009,31479,1.585118
7945,7945011,12611,0.635024
7946,7946014,35064,1.765640
7947,7947015,53773,2.707727
7948,7948009,31479,1.585118
7949,7949011,12579,0.633413
7950,7950013,35016,1.763223
7951,7951014,53789,2.708533
7952,7952015,31271,1.574644
7953,7953011,12595,0.634218
7954,7954013,35112,1.768057
7955,7955015,53741,2.706116
7956,7956009,31495,1.585924
7957,7957011,12579,0.633413
7958,7958012,35080,1.766445
7959,7959013,53741,2.706116
7960,7960015,31207,1.571421
7961,7961011,12579,0.633413
7962,7962012,34920,1.758389
7963,7963014,53725,2.705310
7964,7964015,31303,1.576255
7965,7965009,12595,0.634218
7966,7966010,34920,1.758389
7967,7967012,53709,2.704504
7968,7968013,31287,1.575450
7969,7969010,12611,0.635024
7970,7970013,34936,1.759194
7971,7971014,53773,2.707727
7972,7972016,31239,1.573033
7973,7973010,12595,0.634218
7974,7974011,34872,1.755972
7975,7975012,53741,2.706116
7976,7976014,31335,1.577867
7977,7977009,12611,0.635024
7978,7978013,35064,1.765640
7979,7979014,53789,2.708533
7980,7980015,31287,1.575450
7981,7981009,12579,0.633413
7982,7982010,34968,1.760806
7983,7983013,53757,2.706921
7984,7984014,31319,1.577061
7985,7985011,12563,0.632607
7986,7986015,35096,1.767251
7987,7987009,53757,2.706921
7988,7988010,31479,1.585118
7989,7989011,12627,0.635830
7990,7990012,35096,1.767251
7991,7991013,53757,2.706921
7992,7992015,31303,1.576255
7993,7993013,12579,0.633413
7994,7994016,35112,1.768057
7995,7995010,53693,2.703699
7996,7996011,31447,1.583506
7997,7997013,12595,0.634218
7998,7998014,35048,1.764834
7999,7999016,53853,2.711756
8000,8000009,31463,1.584312
8001,8001014,12595,0.634218
8002,8002010,34776,1.751138
8003,8003012,53853,2.711756
8004,8004013,31367,1.579478
8005,8005015,12595,0.634218
8006,8006009,34856,1.755166
8007,8007011,53757,2.706921
8008,8008012,31447,1.583506
8009,8009009,12755,0.642275
8010,8010013,35000,1.762417
8011,8011015,53773,2.707727
8012,8012009,31559,1.589146
8013,8013010,12595,0.634218
8014,8014012,35032,1.764028
8015,8015013,53773,2.707727
8016,8016015,31303,1.576255
8017,8017013,12579,0.633413
8018,8018015,35112,1.768057
8019,8019008,53773,2.707727
8020,8020009,31527,1.587535
8021,8021011,12563,0.632607
8022,8022012,35000,1.762417
8023,8023013,53725,2.705310
8024,8024015,31319,1.577061
8025,8025013,12563,0.632607
8026,8026009,34936,1.759194
8027,8027011,53677,2.702893
8028,8028012,31335,1.577867
8029,8029014,12611,0.635024
8030,8030016,35080,1.766445
8031,8031009,53805,2.709338
8032,8032010,31431,1.582701
8033,8033009,12531,0.630996
8034,8034012,34920,1.758389
8035,8035014,53725,2.705310
8036,8036015,31255,1.573838
8037,8037009,12595,0.634218
8038,8038011,34952,1.760000
8039,8039012,53773,2.707727
8040,8040014,31367,1.579478
8041,8041012,12595,0.634218
8042,8042015,35128,1.768862
8043,8043008,53821,2.710144
8044,8044010,31431,1.582701
8045,8045012,12595,0.634218
8046,8046013,35000,1.762417
8047,8047014,53773,2.707727
8048,8048009,31527,1.587535
8049,8049015,12611,0.635024
8050,8050010,34920,1.758389
8051,8051012,53821,2.710144
8052,8052013,31335,1.577867
8053,8053014,12611,0.635024
8054,8054009,34888,1.756777
8055,8055010,53709,2.704504
8056,8056012,31351,1.578672
8057,8057011,12611,0.635024
8058,8058013,35096,1.767251
8059,8059015,53853,2.711756
8060,8060009,31447,1.583506
8061,8061011,12547,0.631801
8062,8062012,34952,1.760000
8063,8063014,53773,2.707727
8064,8064016,31271,1.574644
8065,8065009,12579,0.633413
8066,8066010,34920,1.758389
8067,8067012,53821,2.710144
8068,8068014,31303,1.576255
8069,8069009,12547,0.631801
8070,8070010,34920,1.758389
8071,8071012,53725,2.705310
8072,8072013,31399,1.581090
8073,8073013,12563,0.632607
8074,8074014,35016,1.763223
8075,8075015,53741,2.706116
8076,8076010,31495,1.585924
8077,8077010,12627,0.635830
8078,8078012,34936,1.759194
8079,8079013,53805,2.709338
8080,8080014,31303,1.576255
8081,8081014,12483,0.628579
8082,8082009,34856,1.755166
8083,8083011,53741,2.706116
8084,8084013,31383,1.580284
8085,8085014,12579,0.633413
8086,8086015,35112,1.768057
8087,8087010,53693,2.703699
8088,8088011,31447,1.583506
8089,8089011,12627,0.635830
8090,8090014,35016,1.763223
8091,8091015,53725,2.705310
8092,8092009,31495,1.585924
8093,8093010,12659,0.637441
8094,8094012,35032,1.764028
8095,8095014,53917,2.714978
8096,8096015,31287,1.575450
8097,8097016,12579,0.633413
8098,8098012,34984,1.761611
8099,8099013,53725,2.705310
8100,8100014,31319,1.577061
8101,8101015,12563,0.632607
8102,8102008,34856,1.755166
8103,8103010,53917,2.714978
8104,8104012,31351,1.578672
8105,8105013,12563,0.632607
8106,8106014,35032,1.764028
8107,8107015,53773,2.707727
8108,8108010,31431,1.582701
8109,8109012,12611,0.635024
8110,8110013,34968,1.760806
8111,8111015,53773,2.707727
8112,8112009,31495,1.585924
8113,8113010,12611,0.635024
8114,8114013,35000,1.762417
8115,8115015,53789,2.708533
8116,8116010,31463,1.584312
8117,8117011,12579,0.633413
8118,8118013,35032,1.764028
8119,8119015,53741,2.706116
8120,8120009,31479,1.585118
8121,8121009,12499,0.629384
8122,8122014,35016,1.763223
8123,8123011,53725,2.705310
8124,8124013,31431,1.582701
8125,8125015,12611,0.635024
8126,8126010,34888,1.756777
8127,8127012,53725,2.705310
8128,8128013,31399,1.581090
8129,8129015,12595,0.634218
8130,8130011,34952,1.760000
8131,8131012,53805,2.709338
8132,8132014,31351,1.578672
8133,8133008,12643,0.636635
8134,8134009,34920,1.758389
8135,8135011,53757,2.706921
8136,8136012,31415,1.581895
8137,8137014,12579,0.633413
8138,8138009,34856,1.755166
8139,8139011,53789,2.708533
8140,8140012,31351,1.578672
8141,8141013,12643,0.636635
8142,8142015,35048,1.764834
8143,8143009,53901,2.714173
8144,8144010,31559,1.589146
8145,8145013,12579,0.633413
8146,8146009,34824,1.753555
8147,8147011,53773,2.707727
8148,8148012,31399,1.581090
8149,8149013,12579,0.633413
8150,8150015,35144,1.769668
8151,8151008,53725,2.705310
8152,8152010,31431,1.582701
8153,8153012,12643,0.636635
8154,8154014,35048,1.764834
8155,8155015,53709,2.704504
8156,8156009,31479,1.585118
8157,8157010,12547,0.631801
8158,8158012,34968,1.760806
8159,8159014,53837,2.710950
8160,8160015,31303,1.576255
8161,8161009,12515,0.630190
8162,8162012,35016,1.763223
8163,8163013,53757,2.706921
8164,8164015,31255,1.573838
8165,8165009,12611,0.635024
8166,8166011,34888,1.756777
8167,8167012,53741,2.706116
8168,8168014,31335,1.577867
8169,8169010,12611,0.635024
8170,8170013,35016,1.763223
8171,8171015,53725,2.705310
8172,8172009,31447,1.583506
8173,8173011,12563,0.632607
8174,8174013,34936,1.759194
8175,8175014,53757,2.706921
8176,8176015,31287,1.575450
8177,8177012,12595,0.634218
8178,8178015,35096,1.767251
8179,8179009,53773,2.707727
8180,8180010,31479,1.585118
8181,8181012,12499,0.629384
8182,8182014,35064,1.765640
8183,8183015,53773,2.707727
8184,8184009,31447,1.583506
8185,8185013,12611,0.635024
8186,8186009,34888,1.756777
8187,8187010,53821,2.710144
8188,8188012,31367,1.579478
8189,8189013,12563,0.632607
8190,8190014,35032,1.764028
8191,8191015,53789,2.708533
8192,8192010,31527,1.587535
8193,8193013,12595,0.634218
8194,8194016,35080,1.766445
8195,8195010,53725,2.705310
8196,8196011,31399,1.581090
8197,8197012,12595,0.634218
8198,8198015,35032,1.764028
8199,8199015,53725,2.705310
8200,8200010,31479,1.585118
8201,8201012,12515,0.630190
8202,8202014,35000,1.762417
8203,8203015,53741,2.706116
8204,8204009,31511,1.586729
8205,8205010,12579,0.633413
8206,8206012,34952,1.760000
8207,8207013,53645,2.701282
8208,8208014,31335,1.577867
8209,8209011,12595,0.634218
8210,8210014,35016,1.763223
8211,8211015,53757,2.706921
8212,8212009,31495,1.585924
8213,8213010,12547,0.631801
8214,8214012,34920,1.758389
8215,8215013,53837,2.710950
8216,8216015,31335,1.577867
8217,8217013,12563,0.632607
8218,8218014,35000,1.762417
8219,8219015,53741,2.706116
8220,8220016,31271,1.574644
8221,8221010,12579,0.633413
8222,8222012,34936,1.759194
8223,8223014,53741,2.706116
8224,8224009,31463,1.584312
8225,8225013,12563,0.632607
8226,8226010,34920,1.758389
8227,8227011,53805,2.709338
8228,8228012,31335,1.577867
8229,8229014,12595,0.634218
8230,8230015,35112,1.768057
8231,8231009,53773,2.707727
8232,8232011,31463,1.584312
8233,8233009,12563,0.632607
8234,8234011,34968,1.760806
8235,8235014,53757,2.706921
8236,8236015,31287,1.575450
8237,8237009,12531,0.630996
8238,8238011,34904,1.757583
8239,8239012,53757,2.706921
8240,8240014,31351,1.578672
8241,8241012,12547,0.631801
8242,8242015,35096,1.767251
8243,8243009,53821,2.710144
8244,8244010,31463,1.584312
8245,8245011,12611,0.635024
8246,8246012,34936,1.759194
8247,8247013,53693,2.703699
8248,8248015,31319,1.577061
8249,8249013,12595,0.634218
8250,8250015,35080,1.766445
8251,8251009,53821,2.710144
8252,8252010,31431,1.582701
8253,8253012,12515,0.630190
8254,8254014,35016,1.763223
8255,8255008,53741,2.706116
8256,8256010,31463,1.584312
8257,8257008,12547,0.631801
8258,8258011,34920,1.758389
8259,8259012,53693,2.703699
8260,8260015,31319,1.577061
8261,8261008,12547,0.631801
8262,8262009,34872,1.755972
8263,8263011,53789,2.708533
8264,8264012,31415,1.581895
8265,8265012,12531,0.630996
8266,8266015,34984,1.761611
8267,8267009,53789,2.708533
8268,8268010,31559,1.589146
8269,8269012,12611,0.635024
8270,8270014,35048,1.764834
8271,8271015,53725,2.705310
8272,8272010,31415,1.581895
8273,8273015,12579,0.633413
8274,8274010,34856,1.755166
8275,8275011,53741,2.706116
8276,8276013,31335,1.577867
8277,8277014,12643,0.636635
8278,8278016,35048,1.764834
8279,8279010,53837,2.710950
8280,8280011,31479,1.585118
8281,8281011,12579,0.633413
8282,8282013,35080,1.766445
8283,8283015,53757,2.706921
8284,8284009,31431,1.582701
8285,8285010,12563,0.632607
8286,8286011,34984,1.761611
8287,8287012,53757,2.706921
8288,8288013,31303,1.576255
8289,8289012,12467,0.627773
8290,8290013,35000,1.762417
8291,8291014,53677,2.702893
8292,8292016,31287,1.575450
8293,8293009,12579,0.633413
8294,8294011,34984,1.761611
8295,8295013,53757,2.706921
8296,8296014,31319,1.577061
8297,8297014,12595,0.634218
8298,8298009,34888,1.756777
8299,8299010,53773,2.707727
8300,8300012,31463,1.584312
8301,8301013,12611,0.635024
8302,8302014,35064,1.765640
8303,8303008,53789,2.708533
8304,8304009,31543,1.588340
8305,8305009,12595,0.634218
8306,8306014,35032,1.764028
8307,8307015,53789,2.708533
8308,8308009,31447,1.583506
8309,8309011,12547,0.631801
8310,8310012,34968,1.760806
8311,8311013,53789,2.708533
8312,8312015,31335,1.577867
8313,8313016,12595,0.634218
8314,8314012,34968,1.760806
8315,8315013,53709,2.704504
8316,8316015,31287,1.575450
8317,8317009,12531,0.630996
8318,8318011,34968,1.760806
8319,8319012,53821,2.710144
8320,8320013,31367,1.579478
8321,8321013,12595,0.634218
8322,8322016,35048,1.764834
8323,8323009,53757,2.706921
8324,8324011,31399,1.581090
8325,8325012,12499,0.629384
8326,8326013,34984,1.761611
8327,8327015,53821,2.710144
8328,8328016,31287,1.575450
8329,8329015,12579,0.633413
8330,8330010,34888,1.756777
8331,8331011,53773,2.707727
8332,8332013,31431,1.582701
8333,8333013,12579,0.633413
8334,8334008,34776,1.751138
8335,8335009,53853,2.711756
8336,8336010,31431,1.582701
8337,8337012,12483,0.628579
8338,8338014,35048,1.764834
8339,8339015,53741,2.706116
8340,8340009,31495,1.585924
8341,8341012,12579,0.633413
8342,8342013,34968,1.760806
8343,8343015,53757,2.706921
8344,8344009,31527,1.587535
8345,8345011,12547,0.631801
8346,8346014,35080,1.766445
8347,8347009,53773,2.707727
8348,8348011,31479,1.585118
8349,8349012,12579,0.633413
8350,8350014,35016,1.763223
8351,8351015,53757,2.706921
8352,8352008,31543,1.588340
8353,8353012,12787,0.643886
8354,8354013,35048,1.764834
8355,8355015,53789,2.708533
8356,8356009,31479,1.585118
8357,8357010,12595,0.634218
8358,8358012,34952,1.760000
8359,8359014,53741,2.706116
8360,8360008,31511,1.586729
8361,8361010,12643,0.636635
8362,8362014,35048,1.764834
8363,8363014,53709,2.704504
8364,8364008,31543,1.588340
8365,8365010,12579,0.633413
8366,8366011,34936,1.759194
8367,8367012,53645,2.701282
8368,8368013,31319,1.577061
8369,8369009,12579,0.633413
8370,8370010,34888,1.756777
8371,8371011,53773,2.707727
8372,8372014,31271,1.574644
8373,8373015,12595,0.634218
8374,8374009,34888,1.756777
8375,8375011,53821,2.710144
8376,8376012,31415,1.581895
8377,8377014,12611,0.635024
8378,8378009,34840,1.754360
8379,8379010,53789,2.708533
8380,8380011,31447,1.583506
8381,8381013,12563,0.632607
8382,8382014,34984,1.761611
8383,8383015,53741,2.706116
8384,8384010,31495,1.585924
8385,8385012,12547,0.631801
8386,8386015,35064,1.765640
8387,8387009,53773,2.707727
8388,8388010,31463,1.584312
8389,8389011,12579,0.633413
8390,8390013,34968,1.760806
8391,8391014,53757,2.706921
8392,8392015,31335,1.577867
8393,8393011,12579,0.633413
8394,8394013,34952,1.760000
8395,8395015,53741,2.706116
8396,8396009,31543,1.588340
8397,8397010,12531,0.630996
8398,8398012,34968,1.760806
8399,8399014,53725,2.705310
8400,8400015,31319,1.577061
8401,8401010,12595,0.634218
8402,8402014,35000,1.762417
8403,8403015,53741,2.706116
8404,8404009,31543,1.588340
8405,8405011,12563,0.632607
8406,8406012,34968,1.760806
8407,8407014,53773,2.707727
8408,8408008,31431,1.582701
8409,8409011,12595,0.634218
8410,8410014,34984,1.761611
8411,8411014,53805,2.709338
8412,8412008,31543,1.588340
8413,8413010,12595,0.634218
8414,8414011,34936,1.759194
8415,8415012,53773,2.707727
8416,8416014,31383,1.580284
8417,8417009,12579,0.633413
8418,8418011,34920,1.758389
8419,8419013,53805,2.709338
8420,8420013,31319,1.577061
8421,8421015,12563,0.632607
8422,8422016,35064,1.765640
8423,8423009,53725,2.705310
8424,8424010,31415,1.581895
8425,8425014,12579,0.633413
8426,8426010,34984,1.761611
8427,8427012,53773,2.707727
8428,8428015,31351,1.578672
8429,8429009,12579,0.633413
8430,8430011,34920,1.758389
8431,8431012,53725,2.705310
8432,8432013,31335,1.577867
8433,8433009,12579,0.633413
8434,8434012,35016,1.763223
8435,8435013,53757,2.706921
8436,8436014,31303,1.576255
8437,8437008,12563,0.632607
8438,8438010,34824,1.753555
8439,8439012,53805,2.709338
8440,8440014,31367,1.579478
8441,8441011,12547,0.631801
8442,8442013,34888,1.756777
8443,8443014,53773,2.707727
8444,8444015,31287,1.575450
8445,8445009,12595,0.634218
8446,8446010,34888,1.756777
8447,8447011,53757,2.706921
8448,8448013,31367,1.579478
8449,8449009,12579,0.633413
8450,8450012,34904,1.757583
8451,8451013,53725,2.705310
8452,8452014,31271,1.574644
8453,8453009,12547,0.631801
8454,8454010,34872,1.755972
8455,8455012,53773,2.707727
8456,8456013,31351,1.578672
8457,8457011,12595,0.634218
8458,8458014,35016,1.763223
8459,8459009,53757,2.706921
8460,8460010,31447,1.583506
8461,8461011,12547,0.631801
8462,8462012,34968,1.760806
8463,8463014,53725,2.705310
8464,8464015,31399,1.581090
8465,8465013,12627,0.635830
8466,8466014,35000,1.762417
8467,8467015,53757,2.706921
8468,8468009,31559,1.589146
8469,8469010,12531,0.630996
8470,8470012,34936,1.759194
8471,8471014,53757,2.706921
8472,8472015,31287,1.575450
8473,8473013,12579,0.633413
8474,8474008,34840,1.754360
8475,8475009,53741,2.706116
8476,8476011,31463,1.584312
8477,8477013,12579,0.633413
8478,8478014,35000,1.762417
8479,8479016,53741,2.706116
8480,8480010,31479,1.585118
8481,8481008,12563,0.632607
8482,8482011,34904,1.757583
8483,8483012,53805,2.709338
8484,8484013,31367,1.579478
8485,8485014,12595,0.634218
8486,8486015,35048,1.764834
8487,8487010,53741,2.706116
8488,8488011,31415,1.581895
8489,8489009,12595,0.634218
8490,8490012,34968,1.760806
8491,8491013,53821,2.710144
8492,8492015,31303,1.576255
8493,8493009,12579,0.633413
8494,8494009,34840,1.754360
8495,8495010,53789,2.708533
8496,8496012,31399,1.581090
8497,8497010,12627,0.635830
8498,8498014,35032,1.764028
8499,8499009,53773,2.707727
8500,8500010,31511,1.586729
8501,8501011,12611,0.635024
8502,8502012,35000,1.762417
8503,8503014,53773,2.707727
8504,8504015,31367,1.579478
8505,8505013,12563,0.632607
8506,8506009,34888,1.756777
8507,8507010,53693,2.703699
8508,8508012,31415,1.581895
8509,8509013,12563,0.632607
8510,8510014,34952,1.760000
8511,8511015,53757,2.706921
8512,8512009,31575,1.589952
8513,8513015,12611,0.635024
8514,8514010,34888,1.756777
8515,8515012,53677,2.702893
8516,8516014,31351,1.578672
8517,8517015,12579,0.633413
8518,8518009,34920,1.758389
8519,8519010,53757,2.706921
8520,8520012,31447,1.583506
8521,8521011,12531,0.630996
8522,8522013,34968,1.760806
8523,8523014,53773,2.707727
8524,8524015,31239,1.573033
8525,8525010,12579,0.633413
8526,8526011,34920,1.758389
8527,8527012,53805,2.709338
8528,8528014,31415,1.581895
8529,8529013,12579,0.633413
8530,8530015,35064,1.765640
8531,8531009,53789,2.708533
8532,8532011,31431,1.582701
8533,8533012,12627,0.635830
8534,8534013,35016,1.763223
8535,8535015,53773,2.707727
8536,8536009,31495,1.585924
8537,8537009,12579,0.633413
8538,8538011,34872,1.755972
8539,8539013,53853,2.711756
8540,8540015,31303,1.576255
8541,8541015,12579,0.633413
8542,8542009,34824,1.753555
8543,8543011,53789,2.708533
8544,8544013,31479,1.585118
8545,8545013,12595,0.634218
8546,8546014,34968,1.760806
8547,8547015,53709,2.704504
8548,8548009,31511,1.586729
8549,8549010,12563,0.632607
8550,8550012,34904,1.757583
8551,8551013,53789,2.708533
8552,8552014,31399,1.581090
8553,8553015,12579,0.633413
8554,8554011,34840,1.754360
8555,8555012,53741,2.706116
8556,8556013,31591,1.590758
8557,8557014,12531,0.630996
8558,8558009,34872,1.755972
8559,8559010,53773,2.707727
8560,8560011,31431,1.582701
8561,8561012,12563,0.632607
8562,8562009,34776,1.751138
8563,8563010,53869,2.712561
8564,8564012,31415,1.581895
8565,8565013,12595,0.634218
8566,8566014,34984,1.761611
8567,8567015,53773,2.707727
8568,8568009,31511,1.586729
8569,8569011,12563,0.632607
8570,8570013,35000,1.762417
8571,8571015,53725,2.705310
8572,8572009,31511,1.586729
8573,8573011,12563,0.632607
8574,8574012,34984,1.761611
8575,8575013,53709,2.704504
8576,8576015,31335,1.577867
8577,8577008,12595,0.634218
8578,8578011,34792,1.751943
8579,8579012,53773,2.707727
8580,8580013,31431,1.582701
8581,8581015,12579,0.633413
8582,8582009,34824,1.753555
8583,8583009,53789,2.708533
8584,8584011,31447,1.583506
8585,8585012,12563,0.632607
8586,8586015,35080,1.766445
8587,8587009,53837,2.710950
8588,8588011,31399,1.581090
8589,8589012,12579,0.633413
8590,8590013,35016,1.763223
8591,8591014,53789,2.708533
8592,8592016,31303,1.576255
8593,8593009,12579,0.633413
8594,8594011,34888,1.756777
8595,8595012,53853,2.711756
8596,8596014,31351,1.578672
8597,8597008,12563,0.632607
8598,8598010,34888,1.756777
8599,8599011,53805,2.709338
8600,8600012,31431,1.582701
8601,8601013,12563,0.632607
8602,8602009,34888,1.756777
8603,8603010,53725,2.705310
8604,8604012,31431,1.582701
8605,8605013,12547,0.631801
8606,8606015,35048,1.764834
8607,8607008,53725,2.705310
8608,8608009,31511,1.586729
8609,8609013,12563,0.632607
8610,8610015,35048,1.764834
8611,8611010,53853,2.711756
8612,8612011,31399,1.581090
8613,8613013,12595,0.634218
8614,8614014,35064,1.765640
8615,8615015,53805,2.709338
8616,8616009,31511,1.586729
8617,8617011,12579,0.633413
8618,8618013,34920,1.758389
8619,8619014,53741,2.706116
8620,8620015,31255,1.573838
8621,8621009,12595,0.634218
8622,8622010,34840,1.754360
8623,8623011,53821,2.710144
8624,8624012,31511,1.586729
8625,8625015,12579,0.633413
8626,8626009,34856,1.755166
8627,8627010,53757,2.706921
8628,8628012,31463,1.584312
8629,8629014,12643,0.636635
8630,8630015,35032,1.764028
8631,8631009,53853,2.711756
8632,8632011,31495,1.585924
8633,8633015,12595,0.634218
8634,8634009,34824,1.753555
8635,8635011,53789,2.708533
8636,8636013,31383,1.580284
8637,8637014,12579,0.633413
8638,8638009,34808,1.752749
8639,8639010,53725,2.705310
8640,8640011,31527,1.587535
8641,8641016,12595,0.634218
8642,8642010,34888,1.756777
8643,8643011,53789,2.708533
8644,8644012,31479,1.585118
8645,8645013,12563,0.632607
8646,8646015,35064,1.765640
8647,8647008,53757,2.706921
8648,8648010,31543,1.588340
8649,8649013,12595,0.634218
8650,8650014,35032,1.764028
8651,8651015,53821,2.710144
8652,8652009,31511,1.586729
8653,8653010,12467,0.627773
8654,8654012,34984,1.761611
8655,8655015,53741,2.706116
8656,8656008,31559,1.589146
8657,8657014,12595,0.634218
8658,8658011,34904,1.757583
8659,8659011,53789,2.708533
8660,8660012,31383,1.580284
8661,8661013,12627,0.635830
8662,8662015,35064,1.765640
8663,8663009,53837,2.710950
8664,8664011,31463,1.584312
8665,8665014,12579,0.633413
8666,8666015,35032,1.764028
8667,8667010,53805,2.709338
8668,8668011,31463,1.584312
8669,8669013,12563,0.632607
8670,8670015,35032,1.764028
8671,8671009,53773,2.707727
8672,8672010,31543,1.588340
8673,8673014,12659,0.637441
8674,8674015,34984,1.761611
8675,8675010,53805,2.709338
8676,8676011,31463,1.584312
8677,8677012,12547,0.631801
8678,8678014,35032,1.764028
8679,8679015,53709,2.704504
8680,8680009,31495,1.585924
8681,8681015,12595,0.634218
8682,8682012,34968,1.760806
8683,8683015,53757,2.706921
8684,8684016,31271,1.574644
8685,8685010,12547,0.631801
8686,8686012,34920,1.758389
8687,8687013,53821,2.710144
8688,8688014,31319,1.577061
8689,8689011,12595,0.634218
8690,8690014,34952,1.760000
8691,8691009,53805,2.709338
8692,8692010,31463,1.584312
8693,8693012,12595,0.634218
8694,8694013,34968,1.760806
8695,8695014,53773,2.707727
8696,8696015,31271,1.574644
8697,8697015,12595,0.634218
8698,8698009,34824,1.753555
8699,8699011,53805,2.709338
8700,8700012,31431,1.582701
8701,8701013,12611,0.635024
8702,8702015,34904,1.757583
8703,8703009,53805,2.709338
8704,8704010,31495,1.585924
8705,8705015,12531,0.630996
8706,8706010,34824,1.753555
8707,8707011,53773,2.707727
8708,8708012,31415,1.581895
8709,8709014,12563,0.632607
8710,8710015,35032,1.764028
8711,8711009,53789,2.708533
8712,8712011,31479,1.585118
8713,8713010,12579,0.633413
8714,8714012,34888,1.756777
8715,8715014,53805,2.709338
8716,8716015,31335,1.577867
8717,8717009,12579,0.633413
8718,8718010,34872,1.755972
8719,8719011,53709,2.704504
8720,8720012,31415,1.581895
8721,8721011,12547,0.631801
8722,8722015,35096,1.767251
8723,8723008,53789,2.708533
8724,8724010,31511,1.586729
8725,8725011,12579,0.633413
8726,8726013,35016,1.763223
8727,8727014,53805,2.709338
8728,8728015,31415,1.581895
8729,8729014,12595,0.634218
8730,8730010,34856,1.755166
8731,8731012,53741,2.706116
8732,8732013,31431,1.582701
8733,8733015,12563,0.632607
8734,8734010,34856,1.755166
8735,8735012,53789,2.708533
8736,8736013,31383,1.580284
8737,8737013,12547,0.631801
8738,8738009,34872,1.755972
8739,8739011,53773,2.707727
8740,8740013,31399,1.581090
8741,8741014,12579,0.633413
8742,8742016,35048,1.764834
8743,8743010,53789,2.708533
8744,8744011,31495,1.585924
8745,8745011,12579,0.633413
8746,8746014,35032,1.764028
8747,8747015,53837,2.710950
8748,8748009,31527,1.587535
8749,8749011,12563,0.632607
8750,8750012,34904,1.757583
8751,8751013,53789,2.708533
8752,8752014,31303,1.576255
8753,8753013,12595,0.634218
8754,8754015,35016,1.763223
8755,8755009,53805,2.709338
8756,8756010,31463,1.584312
8757,8757011,12595,0.634218
8758,8758013,34984,1.761611
8759,8759015,53805,2.709338
8760,8760008,31591,1.590758
8761,8761009,12579,0.633413
8762,8762011,34904,1.757583
8763,8763012,53725,2.705310
8764,8764014,31383,1.580284
8765,8765015,12595,0.634218
8766,8766009,34856,1.755166
8767,8767011,53885,2.713367
8768,8768012,31415,1.581895
8769,8769013,12627,0.635830
8770,8770008,34792,1.751943
8771,8771009,53821,2.710144
8772,8772010,31463,1.584312
8773,8773011,12563,0.632607
8774,8774013,34968,1.760806
8775,8775014,53693,2.703699
8776,8776015,31351,1.578672
8777,8777015,12611,0.635024
8778,8778009,34840,1.754360
8779,8779012,53789,2.708533
8780,8780013,31415,1.581895
8781,8781014,12515,0.630190
8782,8782015,35048,1.764834
8783,8783010,53773,2.707727
8784,8784011,31479,1.585118
8785,8785012,12547,0.631801
8786,8786008,34872,1.755972
8787,8787010,53773,2.707727
8788,8788012,31463,1.584312
8789,8789013,12563,0.632607
8790,8790014,35016,1.763223
8791,8791015,53709,2.704504
8792,8792010,31495,1.585924
8793,8793012,12515,0.630190
8794,8794015,35048,1.764834
8795,8795008,53933,2.715784
8796,8796009,31479,1.585118
8797,8797011,12563,0.632607
8798,8798013,34968,1.760806
8799,8799015,53837,2.710950
8800,8800008,31543,1.588340
8801,8801015,12595,0.634218
8802,8802009,34888,1.756777
8803,8803011,53757,2.706921
8804,8804012,31463,1.584312
8805,8805014,12595,0.634218
8806,8806015,35032,1.764028
8807,8807009,53757,2.706921
8808,8808011,31495,1.585924
8809,8809013,12547,0.631801
8810,8810009,34856,1.755166
8811,8811010,53789,2.708533
8812,8812011,31431,1.582701
8813,8813013,12579,0.633413
8814,8814014,35032,1.764028
8815,8815015,53677,2.702893
8816,8816009,31527,1.587535
8817,8817010,12563,0.632607
8818,8818012,34888,1.756777
8819,8819013,53773,2.707727
8820,8820015,31287,1.575450
8821,8821008,12563,0.632607
8822,8822010,34856,1.755166
8823,8823013,53757,2.706921
8824,8824014,31399,1.581090
8825,8825015,12579,0.633413
8826,8826012,34920,1.758389
8827,8827014,53709,2.704504
8828,8828015,31383,1.580284
8829,8829009,12547,0.631801
8830,8830011,34888,1.756777
8831,8831013,53821,2.710144
8832,8832014,31319,1.577061
8833,8833010,12547,0.631801
8834,8834012,34840,1.754360
8835,8835014,53741,2.706116
8836,8836016,31415,1.581895
8837,8837009,12563,0.632607
8838,8838011,34904,1.757583
8839,8839012,53773,2.707727
8840,8840013,31335,1.577867
8841,8841015,12595,0.634218
8842,8842011,34904,1.757583
8843,8843012,53709,2.704504
8844,8844013,31415,1.581895
8845,8845015,12627,0.635830
8846,8846009,34792,1.751943
8847,8847010,53741,2.706116
8848,8848011,31511,1.586729
8849,8849013,12563,0.632607
8850,8850010,34872,1.755972
8851,8851012,53821,2.710144
8852,8852013,31447,1.583506
8853,8853015,12611,0.635024
8854,8854009,34824,1.753555
8855,8855010,53837,2.710950
8856,8856012,31479,1.585118
8857,8857015,12563,0.632607
8858,8858010,34872,1.755972
8859,8859011,53757,2.706921
8860,8860013,31415,1.581895
8861,8861014,12563,0.632607
8862,8862008,34856,1.755166
8863,8863010,53805,2.709338
8864,8864012,31463,1.584312
8865,8865015,12611,0.635024
8866,8866011,34904,1.757583
8867,8867013,53821,2.710144
8868,8868014,31335,1.577867
8869,8869016,12595,0.634218
8870,8870010,34984,1.761611
8871,8871011,53757,2.706921
8872,8872013,31415,1.581895
8873,8873010,12579,0.633413
8874,8874013,34968,1.760806
8875,8875015,53789,2.708533
8876,8876015,31351,1.578672
8877,8877009,12563,0.632607
8878,8878011,34872,1.755972
8879,8879013,53805,2.709338
8880,8880015,31351,1.578672
8881,8881012,12579,0.633413
8882,8882015,35080,1.766445
8883,8883009,53773,2.707727
8884,8884011,31511,1.586729
8885,8885013,12579,0.633413
8886,8886014,35016,1.763223
8887,8887008,53773,2.707727
8888,8888010,31511,1.586729
8889,8889014,12627,0.635830
8890,8890010,34824,1.753555
8891,8891011,53885,2.713367
8892,8892012,31495,1.585924
8893,8893013,12579,0.633413
8894,8894015,35064,1.765640
8895,8895009,53821,2.710144
8896,8896009,31479,1.585118
8897,8897014,12595,0.634218
8898,8898009,34840,1.754360
8899,8899010,53789,2.708533
8900,8900012,31431,1.582701
8901,8901013,12563,0.632607
8902,8902014,35000,1.762417
8903,8903015,53773,2.707727
8904,8904009,31575,1.589952
8905,8905014,12563,0.632607
8906,8906015,35064,1.765640
8907,8907010,53773,2.707727
8908,8908011,31431,1.582701
8909,8909012,12595,0.634218
8910,8910013,34920,1.758389
8911,8911014,53741,2.706116
8912,8912015,31335,1.577867
8913,8913012,12579,0.633413
8914,8914014,35032,1.764028
8915,8915015,53773,2.707727
8916,8916009,31527,1.587535
8917,8917011,12579,0.633413
8918,8918012,34968,1.760806
8919,8919014,53789,2.708533
8920,8920016,31303,1.576255
8921,8921013,12595,0.634218
8922,8922008,34776,1.751138
8923,8923009,53821,2.710144
8924,8924011,31495,1.585924
8925,8925013,12579,0.633413
8926,8926014,34984,1.761611
8927,8927015,53901,2.714173
8928,8928009,31479,1.585118
8929,8929015,12611,0.635024
8930,8930010,34840,1.754360
8931,8931011,53709,2.704504
8932,8932012,31495,1.585924
8933,8933013,12531,0.630996
8934,8934015,34888,1.756777
8935,8935009,53789,2.708533
8936,8936010,31543,1.588340
8937,8937015,12531,0.630996
8938,8938009,34840,1.754360
8939,8939010,53789,2.708533
8940,8940012,31431,1.582701
8941,8941013,12499,0.629384
8942,8942014,35032,1.764028
8943,8943016,53837,2.710950
8944,8944009,31495,1.585924
8945,8945015,12515,0.630190
8946,8946011,34904,1.757583
8947,8947014,53789,2.708533
8948,8948015,31303,1.576255
8949,8949009,12579,0.633413
8950,8950010,34888,1.756777
8951,8951012,53789,2.708533
8952,8952013,31367,1.579478
8953,8953012,12579,0.633413
8954,8954015,35032,1.764028
8955,8955009,53837,2.710950
8956,8956010,31527,1.587535
8957,8957011,12595,0.634218
8958,8958012,34968,1.760806
8959,8959014,53741,2.706116
8960,8960015,31335,1.577867
8961,8961014,12579,0.633413
8962,8962015,35032,1.764028
8963,8963009,53805,2.709338
8964,8964011,31447,1.583506
8965,8965012,12579,0.633413
8966,8966013,34856,1.755166
8967,8967015,53693,2.703699
8968,8968009,31543,1.588340
8969,8969015,12579,0.633413
8970,8970012,34888,1.756777
8971,8971013,53725,2.705310
8972,8972015,31367,1.579478
8973,8973008,12579,0.633413
8974,8974010,34872,1.755972
8975,8975011,53773,2.707727
8976,8976013,31335,1.577867
8977,8977014,12499,0.629384
8978,8978009,34856,1.755166
8979,8979010,53741,2.706116
8980,8980012,31463,1.584312
8981,8981013,12643,0.636635
8982,8982014,35032,1.764028
8983,8983009,53757,2.706921
8984,8984011,31479,1.585118
8985,8985010,12595,0.634218
8986,8986013,34904,1.757583
8987,8987015,53725,2.705310
8988,8988016,31335,1.577867
8989,8989010,12547,0.631801
8990,8990011,34888,1.756777
8991,8991013,53837,2.710950
8992,8992014,31351,1.578672
8993,8993013,12579,0.633413
8994,8994010,34872,1.755972
8995,8995012,53837,2.710950
8996,8996013,31383,1.580284
8997,8997015,12563,0.632607
8998,8998010,34792,1.751943
8999,8999011,53885,2.713367
9000,9000012,31479,1.585118
9001,9001012,12595,0.634218
9002,9002014,34968,1.760806
9003,9003009,53725,2.705310
9004,9004011,31479,1.585118
9005,9005012,12563,0.632607
9006,9006014,34984,1.761611
9007,9007015,53741,2.706116
9008,9008009,31559,1.589146
9009,9009010,12579,0.633413
9010,9010013,34904,1.757583
9011,9011015,53853,2.711756
9012,9012015,31335,1.577867
9013,9013009,12547,0.631801
9014,9014010,34872,1.755972
9015,9015012,53773,2.707727
9016,9016013,31431,1.582701
9017,9017013,12563,0.632607
9018,9018015,35048,1.764834
9019,9019009,53789,2.708533
9020,9020011,31511,1.586729
9021,9021012,12531,0.630996
9022,9022013,34920,1.758389
9023,9023014,53757,2.706921
9024,9024009,31559,1.589146
9025,9025008,12547,0.631801
9026,9026012,34888,1.756777
9027,9027014,53773,2.707727
9028,9028015,31399,1.581090
9029,9029009,12563,0.632607
9030,9030011,34856,1.755166
9031,9031012,53789,2.708533
9032,9032013,31447,1.583506
9033,9033014,12563,0.632607
9034,9034008,34776,1.751138
9035,9035011,53741,2.706116
9036,9036012,31463,1.584312
9037,9037013,12579,0.633413
9038,9038014,34968,1.760806
9039,9039015,53741,2.706116
9040,9040009,31511,1.586729
9041,9041011,12563,0.632607
9042,9042014,34952,1.760000
9043,9043015,53757,2.706921
9044,9044010,31511,1.586729
9045,9045011,12611,0.635024
9046,9046013,34936,1.759194
9047,9047015,53773,2.707727
9048,9048009,31527,1.587535
9049,9049011,12595,0.634218
9050,9050015,35048,1.764834
9051,9051010,53821,2.710144
9052,9052011,31431,1.582701
9053,9053012,12531,0.630996
9054,9054014,34968,1.760806
9055,9055016,53773,2.707727
9056,9056010,31511,1.586729
9057,9057012,12579,0.633413
9058,9058015,34984,1.761611
9059,9059008,53805,2.709338
9060,9060010,31511,1.586729
9061,9061012,12579,0.633413
9062,9062014,34920,1.758389
9063,9063015,53869,2.712561
9064,9064009,31511,1.586729
9065,9065011,12563,0.632607
9066,9066014,34968,1.760806
9067,9067014,53773,2.707727
9068,9068016,31319,1.577061
9069,9069009,12595,0.634218
9070,9070010,34856,1.755166
9071,9071011,53773,2.707727
9072,9072012,31479,1.585118
9073,9073015,12595,0.634218
9074,9074011,34872,1.755972
9075,9075011,53789,2.708533
9076,9076013,31383,1.580284
9077,9077014,12515,0.630190
9078,9078015,34984,1.761611
9079,9079009,53837,2.710950
9080,9080010,31559,1.589146
9081,9081013,12579,0.633413
9082,9082010,34824,1.753555
9083,9083011,53821,2.710144
9084,9084012,31367,1.579478
9085,9085015,12675,0.638247
9086,9086008,34792,1.751943
9087,9087010,53757,2.706921
9088,9088011,31495,1.585924
9089,9089014,12579,0.633413
9090,9090015,35016,1.763223
9091,9091009,53837,2.710950
9092,9092011,31463,1.584312
9093,9093012,12483,0.628579
9094,9094014,35016,1.763223
9095,9095015,53837,2.710950
9096,9096009,31511,1.586729
9097,9097011,12579,0.633413
9098,9098013,34952,1.760000
9099,9099016,53661,2.702087
9100,9100009,31559,1.589146
9101,9101010,12579,0.633413
9102,9102012,34904,1.757583
9103,9103014,53789,2.708533
9104,9104008,31591,1.590758
9105,9105012,12547,0.631801
9106,9106014,35032,1.764028
9107,9107009,53789,2.708533
9108,9108010,31559,1.589146
9109,9109011,12579,0.633413
9110,9110013,35000,1.762417
9111,9111014,53773,2.707727
9112,9112015,31383,1.580284
9113,9113011,12563,0.632607
9114,9114013,34936,1.759194
9115,9115014,53741,2.706116
9116,9116008,31575,1.589952
9117,9117009,12531,0.630996
9118,9118011,34904,1.757583
9119,9119013,53741,2.706116
9120,9120015,31335,1.577867
9121,9121011,12563,0.632607
9122,9122013,35016,1.763223
9123,9123015,53789,2.708533
9124,9124008,31543,1.588340
9125,9125010,12547,0.631801
9126,9126011,34872,1.755972
9127,9127012,53741,2.706116
9128,9128014,31415,1.581895
9129,9129012,12595,0.634218
9130,9130015,35048,1.764834
9131,9131009,53773,2.707727
9132,9132011,31479,1.585118
9133,9133013,12563,0.632607
9134,9134015,35048,1.764834
9135,9135009,53725,2.705310
9136,9136011,31495,1.585924
9137,9137015,12563,0.632607
9138,9138010,34824,1.753555
9139,9139011,53885,2.713367
9140,9140012,31415,1.581895
9141,9141014,12547,0.631801
9142,9142015,34984,1.761611
9143,9143008,53789,2.708533
9144,9144010,31479,1.585118
9145,9145013,12595,0.634218
9146,9146015,35000,1.762417
9147,9147009,53773,2.707727
9148,9148011,31463,1.584312
9149,9149012,12579,0.633413
9150,9150013,34968,1.760806
9151,9151014,53757,2.706921
9152,9152009,31559,1.589146
9153,9153014,12579,0.633413
9154,9154009,34808,1.752749
9155,9155009,53773,2.707727
9156,9156011,31431,1.582701
9157,9157012,12611,0.635024
9158,9158013,34984,1.761611
9159,9159014,53805,2.709338
9160,9160009,31543,1.588340
9161,9161014,12579,0.633413
9162,9162010,34888,1.756777
9163,9163012,53837,2.710950
9164,9164013,31415,1.581895
9165,9165015,12579,0.633413
9166,9166009,34760,1.750332
9167,9167010,53773,2.707727
9168,9168011,31367,1.579478
9169,9169009,12595,0.634218
9170,9170013,34872,1.755972
9171,9171015,53837,2.710950
9172,9172009,31591,1.590758
9173,9173009,12563,0.632607
9174,9174011,34824,1.753555
9175,9175012,53805,2.709338
9176,9176013,31367,1.579478
9177,9177011,12515,0.630190
9178,9178014,35032,1.764028
9179,9179016,53741,2.706116
9180,9180010,31495,1.585924
9181,9181011,12563,0.632607
9182,9182014,34984,1.761611
9183,9183015,53773,2.707727
9184,9184009,31591,1.590758
9185,9185015,12563,0.632607
9186,9186011,34888,1.756777
9187,9187012,53661,2.702087
9188,9188013,31447,1.583506
9189,9189014,12579,0.633413
9190,9190015,35016,1.763223
9191,9191009,53741,2.706116
9192,9192011,31495,1.585924
9193,9193010,12579,0.633413
9194,9194014,34968,1.760806
9195,9195009,53757,2.706921
9196,9196011,31463,1.584312
9197,9197012,12547,0.631801
9198,9198014,34984,1.761611
9199,9199009,53821,2.710144
9200,9200009,31511,1.586729
9201,9201010,12595,0.634218
9202,9202012,34904,1.757583
9203,9203013,53741,2.706116
9204,9204014,31367,1.579478
9205,9205015,12515,0.630190
9206,9206009,34840,1.754360
9207,9207011,53805,2.709338
9208,9208012,31463,1.584312
9209,9209011,12547,0.631801
9210,9210015,35064,1.765640
9211,9211009,53853,2.711756
9212,9212010,31511,1.586729
9213,9213012,12627,0.635830
9214,9214014,35000,1.762417
9215,9215015,53757,2.706921
9216,9216010,31511,1.586729
9217,9217009,12547,0.631801
9218,9218012,34888,1.756777
9219,9219014,53805,2.709338
9220,9220015,31351,1.578672
9221,9221009,12563,0.632607
9222,9222011,34872,1.755972
9223,9223012,53821,2.710144
9224,9224013,31399,1.581090
9225,9225013,12579,0.633413
9226,9226015,35144,1.769668
9227,9227009,53773,2.707727
9228,9228011,31527,1.587535
9229,9229012,12595,0.634218
9230,9230013,34968,1.760806
9231,9231015,53821,2.710144
9232,9232009,31527,1.587535
9233,9233009,12547,0.631801
9234,9234012,34920,1.758389
9235,9235014,53773,2.707727
9236,9236008,31431,1.582701
9237,9237009,12547,0.631801
9238,9238011,34840,1.754360
9239,9239012,53789,2.708533
9240,9240014,31383,1.580284
9241,9241015,12547,0.631801
9242,9242010,34824,1.753555
9243,9243011,53741,2.706116
9244,9244013,31415,1.581895
9245,9245015,12643,0.636635
9246,9246009,34808,1.752749
9247,9247011,53725,2.705310
9248,9248013,31447,1.583506
9249,9249013,12563,0.632607
9250,9250015,34968,1.760806
9251,9251009,53773,2.707727
9252,9252011,31559,1.589146
9253,9253012,12547,0.631801
9254,9254013,35016,1.763223
9255,9255014,53773,2.707727
9256,9256015,31335,1.577867
9257,9257009,12547,0.631801
9258,9258012,34888,1.756777
9259,9259013,53805,2.709338
9260,9260014,31367,1.579478
9261,9261008,12563,0.632607
9262,9262009,34856,1.755166
9263,9263010,53805,2.709338
9264,9264013,31447,1.583506
9265,9265013,12563,0.632607
9266,9266015,35032,1.764028
9267,9267009,53805,2.709338
9268,9268010,31511,1.586729
9269,9269011,12563,0.632607
9270,9270012,34904,1.757583
9271,9271014,53821,2.710144
9272,9272015,31415,1.581895
9273,9273009,12547,0.631801
9274,9274010,34824,1.753555
9275,9275012,53805,2.709338
9276,9276014,31415,1.581895
9277,9277015,12563,0.632607
9278,9278010,34824,1.753555
9279,9279011,53741,2.706116
9280,9280012,31463,1.584312
9281,9281014,12579,0.633413
9282,9282009,34904,1.757583
9283,9283011,53741,2.706116
9284,9284012,31495,1.585924
9285,9285014,12579,0.633413
9286,9286015,34936,1.759194
9287,9287008,53821,2.710144
9288,9288010,31527,1.587535
9289,9289012,12563,0.632607
9290,9290015,35000,1.762417
9291,9291009,53789,2.708533
9292,9292010,31527,1.587535
9293,9293011,12515,0.630190
9294,9294013,34968,1.760806
9295,9295014,53741,2.706116
9296,9296015,31255,1.573838
9297,9297010,12563,0.632607
9298,9298013,34920,1.758389
9299,9299014,53789,2.708533
9300,9300015,31383,1.580284
9301,9301009,12579,0.633413
9302,9302010,34888,1.756777
9303,9303012,53757,2.706921
9304,9304014,31431,1.582701
9305,9305009,12563,0.632607
9306,9306012,34888,1.756777
9307,9307015,53821,2.710144
9308,9308008,31559,1.589146
9309,9309010,12547,0.631801
9310,9310011,34856,1.755166
9311,9311012,53757,2.706921
9312,9312013,31383,1.580284
9313,9313010,12579,0.633413
9314,9314013,34904,1.757583
9315,9315015,53773,2.707727
9316,9316009,31527,1.587535
9317,9317011,12531,0.630996
9318,9318012,34888,1.756777
9319,9319013,53741,2.706116
9320,9320015,31415,1.581895
9321,9321010,12467,0.627773
9322,9322012,34856,1.755166
9323,9323014,53725,2.705310
9324,9324015,31399,1.581090
9325,9325009,12579,0.633413
9326,9326010,34760,1.750332
9327,9327010,53821,2.710144
9328,9328012,31479,1.585118
9329,9329009,12547,0.631801
9330,9330010,34840,1.754360
9331,9331012,53789,2.708533
9332,9332014,31383,1.580284
9333,9333008,12547,0.631801
9334,9334009,34856,1.755166
9335,9335011,53773,2.707727
9336,9336012,31463,1.584312
9337,9337015,12531,0.630996
9338,9338010,34888,1.756777
9339,9339011,53757,2.706921
9340,9340013,31463,1.584312
9341,9341014,12563,0.632607
9342,9342009,34792,1.751943
9343,9343011,53693,2.703699
9344,9344012,31447,1.583506
9345,9345016,12515,0.630190
9346,9346010,34840,1.754360
9347,9347010,53693,2.703699
9348,9348012,31495,1.585924
9349,9349013,12563,0.632607
9350,9350015,34984,1.761611
9351,9351016,53757,2.706921
9352,9352010,31559,1.589146
9353,9353014,12563,0.632607
9354,9354010,34808,1.752749
9355,9355011,53805,2.709338
9356,9356014,31399,1.581090
9357,9357015,12547,0.631801
9358,9358009,34792,1.751943
9359,9359011,53773,2.707727
9360,9360012,31447,1.583506
9361,9361011,12579,0.633413
9362,9362012,34936,1.759194
9363,9363014,53773,2.707727
9364,9364008,31575,1.589952
9365,9365010,12547,0.631801
9366,9366012,34920,1.758389
9367,9367013,53725,2.705310
9368,9368015,31367,1.579478
9369,9369012,12563,0.632607
9370,9370016,35048,1.764834
9371,9371010,53805,2.709338
9372,9372011,31511,1.586729
9373,9373012,12579,0.633413
9374,9374013,34968,1.760806
9375,9375015,53757,2.706921
9376,9376009,31559,1.589146
9377,9377014,12579,0.633413
9378,9378010,34872,1.755972
9379,9379012,53741,2.706116
9380,9380013,31415,1.581895
9381,9381014,12579,0.633413
9382,9382015,35032,1.764028
9383,9383009,53821,2.710144
9384,9384011,31511,1.586729
9385,9385009,12531,0.630996
9386,9386013,34952,1.760000
9387,9387014,53709,2.704504
9388,9388008,31607,1.591563
9389,9389010,12531,0.630996
9390,9390011,34856,1.755166
9391,9391013,53725,2.705310
9392,9392014,31431,1.582701
9393,9393012,12547,0.631801
9394,9394008,34760,1.750332
9395,9395010,53741,2.706116
9396,9396011,31543,1.588340
9397,9397012,12547,0.631801
9398,9398014,34984,1.761611
9399,9399008,53805,2.709338
9400,9400010,31543,1.588340
9401,9401015,12563,0.632607
9402,9402010,34824,1.753555
9403,9403010,53869,2.712561
9404,9404013,31431,1.582701
9405,9405014,12579,0.633413
9406,9406015,34984,1.761611
9407,9407009,53709,2.704504
9408,9408010,31543,1.588340
9409,9409016,12595,0.634218
9410,9410013,34968,1.760806
9411,9411014,53821,2.710144
9412,9412009,31543,1.588340
9413,9413010,12579,0.633413
9414,9414012,34904,1.757583
9415,9415013,53773,2.707727
9416,9416014,31383,1.580284
9417,9417013,12579,0.633413
9418,9418014,35000,1.762417
9419,9419015,53805,2.709338
9420,9420009,31543,1.588340
9421,9421011,12579,0.633413
9422,9422012,34920,1.758389
9423,9423015,53773,2.707727
9424,9424009,31575,1.589952
9425,9425015,12563,0.632607
9426,9426011,34888,1.756777
9427,9427012,53789,2.708533
9428,9428014,31431,1.582701
9429,9429008,12563,0.632607
9430,9430009,34824,1.753555
9431,9431011,53757,2.706921
9432,9432013,31415,1.581895
9433,9433012,12579,0.633413
9434,9434013,34920,1.758389
9435,9435015,53757,2.706921
9436,9436009,31607,1.591563
9437,9437010,12595,0.634218
9438,9438011,34856,1.755166
9439,9439013,53821,2.710144
9440,9440015,31319,1.577061
9441,9441015,12579,0.633413
9442,9442010,34792,1.751943
9443,9443011,53773,2.707727
9444,9444012,31479,1.585118
9445,9445014,12579,0.633413
9446,9446015,35000,1.762417
9447,9447008,53757,2.706921
9448,9448009,31575,1.589952
9449,9449009,12563,0.632607
9450,9450011,34904,1.757583
9451,9451013,53773,2.707727
9452,9452014,31511,1.586729
9453,9453015,12563,0.632607
9454,9454009,34776,1.751138
9455,9455011,53709,2.704504
9456,9456013,31463,1.584312
9457,9457012,12659,0.637441
9458,9458015,34984,1.761611
9459,9459009,53821,2.710144
9460,9460010,31559,1.589146
9461,9461012,12595,0.634218
9462,9462013,34952,1.760000
9463,9463015,53821,2.710144
9464,9464009,31543,1.588340
9465,9465011,12547,0.631801
9466,9466009,34808,1.752749
9467,9467011,53821,2.710144
9468,9468012,31479,1.585118
9469,9469013,12579,0.633413
9470,9470015,34904,1.757583
9471,9471009,53741,2.706116
9472,9472010,31511,1.586729
9473,9473011,12547,0.631801
9474,9474014,35048,1.764834
9475,9475015,53805,2.709338
9476,9476010,31495,1.585924
9477,9477011,12547,0.631801
9478,9478012,35000,1.762417
9479,9479014,53773,2.707727
9480,9480015,31367,1.579478
9481,9481009,12547,0.631801
9482,9482010,34888,1.756777
9483,9483012,53757,2.706921
9484,9484013,31447,1.583506
9485,9485014,12547,0.631801
9486,9486015,35048,1.764834
9487,9487009,53773,2.707727
9488,9488010,31527,1.587535
9489,9489012,12547,0.631801
9490,9490015,35000,1.762417
9491,9491010,53773,2.707727
9492,9492011,31511,1.586729
9493,9493012,12595,0.634218
9494,9494014,35016,1.763223
9495,9495009,53741,2.706116
9496,9496010,31575,1.589952
9497,9497011,12563,0.632607
9498,9498014,34936,1.759194
9499,9499015,53741,2.706116
9500,9500009,31543,1.588340
9501,9501010,12563,0.632607
9502,9502012,34888,1.756777
9503,9503013,53805,2.709338
9504,9504015,31383,1.580284
9505,9505009,12547,0.631801
9506,9506013,34952,1.760000
9507,9507014,53741,2.706116
9508,9508015,31383,1.580284
9509,9509009,12563,0.632607
9510,9510011,34872,1.755972
9511,9511013,53821,2.710144
9512,9512013,31431,1.582701
9513,9513015,12579,0.633413
9514,9514012,34872,1.755972
9515,9515013,53837,2.710950
9516,9516014,31367,1.579478
9517,9517009,12563,0.632607
9518,9518010,34824,1.753555
9519,9519012,53773,2.707727
9520,9520013,31495,1.585924
9521,9521009,12579,0.633413
9522,9522012,34936,1.759194
9523,9523013,53789,2.708533
9524,9524014,31415,1.581895
9525,9525016,12563,0.632607
9526,9526009,34824,1.753555
9527,9527011,53789,2.708533
9528,9528012,31479,1.585118
9529,9529014,12595,0.634218
9530,9530010,34792,1.751943
9531,9531012,53789,2.708533
9532,9532013,31447,1.583506
9533,9533014,12579,0.633413
9534,9534009,34776,1.751138
9535,9535010,53773,2.707727
9536,9536012,31495,1.585924
9537,9537015,12579,0.633413
9538,9538010,34840,1.754360
9539,9539011,53789,2.708533
9540,9540012,31463,1.584312
9541,9541014,12595,0.634218
9542,9542015,35000,1.762417
9543,9543009,53837,2.710950
9544,9544010,31527,1.587535
9545,9545013,12579,0.633413
9546,9546009,34856,1.755166
9547,9547012,53853,2.711756
9548,9548013,31447,1.583506
9549,9549015,12579,0.633413
9550,9550009,34824,1.753555
9551,9551012,53741,2.706116
9552,9552013,31463,1.584312
9553,9553015,12531,0.630996
9554,9554010,34824,1.753555
9555,9555012,53789,2.708533
9556,9556014,31415,1.581895
9557,9557015,12563,0.632607
9558,9558011,34872,1.755972
9559,9559013,53757,2.706921
9560,9560014,31399,1.581090
9561,9561011,12595,0.634218
9562,9562013,34904,1.757583
9563,9563016,53757,2.706921
9564,9564009,31559,1.589146
9565,9565011,12563,0.632607
9566,9566012,34888,1.756777
9567,9567013,53741,2.706116
9568,9568014,31383,1.580284
9569,9569011,12579,0.633413
9570,9570013,34936,1.759194
9571,9571015,53725,2.705310
9572,9572010,31479,1.585118
9573,9573011,12579,0.633413
9574,9574012,34920,1.758389
9575,9575014,53789,2.708533
9576,9576015,31303,1.576255
9577,9577011,12579,0.633413
9578,9578014,34904,1.757583
9579,9579015,53741,2.706116
9580,9580010,31527,1.587535
9581,9581011,12595,0.634218
9582,9582013,34920,1.758389
9583,9583015,53773,2.707727
9584,9584009,31575,1.589952
9585,9585013,12579,0.633413
9586,9586009,34856,1.755166
9587,9587011,53773,2.707727
9588,9588012,31511,1.586729
9589,9589013,12547,0.631801
9590,9590014,34968,1.760806
9591,9591015,53757,2.706921
9592,9592009,31559,1.589146
9593,9593013,12499,0.629384
9594,9594009,34808,1.752749
9595,9595010,53821,2.710144
9596,9596012,31495,1.585924
9597,9597013,12563,0.632607
9598,9598015,35016,1.763223
9599,9599009,53741,2.706116
9600,9600010,31575,1.589952
9601,9601014,12563,0.632607
9602,9602010,34792,1.751943
9603,9603012,53757,2.706921
9604,9604014,31399,1.581090
9605,9605008,12531,0.630996
9606,9606009,34760,1.750332
9607,9607011,53821,2.710144
9608,9608011,31463,1.584312
9609,9609010,12563,0.632607
9610,9610014,34968,1.760806
9611,9611009,53821,2.710144
9612,9612010,31527,1.587535
9613,9613011,12611,0.635024
9614,9614013,34904,1.757583
9615,9615014,53773,2.707727
9616,9616016,31351,1.578672
9617,9617013,12547,0.631801
9618,9618010,34840,1.754360
9619,9619012,53757,2.706921
9620,9620014,31415,1.581895
9621,9621015,12611,0.635024
9622,9622010,34856,1.755166
9623,9623011,53773,2.707727
9624,9624012,31447,1.583506
9625,9625011,12595,0.634218
9626,9626014,34968,1.760806
9627,9627008,53789,2.708533
9628,9628010,31543,1.588340
9629,9629012,12419,0.625356
9630,9630013,34920,1.758389
9631,9631014,53773,2.707727
9632,9632015,31351,1.578672
9633,9633014,12611,0.635024
9634,9634009,34744,1.749526
9635,9635010,53773,2.707727
9636,9636012,31463,1.584312
9637,9637013,12579,0.633413
9638,9638014,35000,1.762417
9639,9639009,53805,2.709338
9640,9640009,31575,1.589952
9641,9641009,12547,0.631801
9642,9642013,34952,1.760000
9643,9643014,53837,2.710950
9644,9644009,31575,1.589952
9645,9645010,12547,0.631801
9646,9646011,34888,1.756777
9647,9647013,53821,2.710144
9648,9648014,31399,1.581090
9649,9649013,12563,0.632607
9650,9650009,34824,1.753555
9651,9651010,53805,2.709338
9652,9652011,31559,1.589146
9653,9653012,12579,0.633413
9654,9654013,34936,1.759194
9655,9655014,53773,2.707727
9656,9656009,31559,1.589146
9657,9657009,12563,0.632607
9658,9658011,34840,1.754360
9659,9659013,53789,2.708533
9660,9660015,31447,1.583506
9661,9661009,12515,0.630190
9662,9662010,34824,1.753555
9663,9663012,53837,2.710950
9664,9664013,31415,1.581895
9665,9665013,12563,0.632607
9666,9666015,35000,1.762417
9667,9667010,53789,2.708533
9668,9668011,31527,1.587535
9669,9669013,12563,0.632607
9670,9670014,34904,1.757583
9671,9671015,53741,2.706116
9672,9672009,31543,1.588340
9673,9673016,12595,0.634218
9674,9674012,34904,1.757583
9675,9675013,53773,2.707727
9676,9676015,31383,1.580284
9677,9677009,12579,0.633413
9678,9678010,34872,1.755972
9679,9679011,53837,2.710950
9680,9680013,31431,1.582701
9681,9681013,12531,0.630996
9682,9682015,34984,1.761611
9683,9683009,53773,2.707727
9684,9684011,31607,1.591563
9685,9685012,12531,0.630996
9686,9686014,34952,1.760000
9687,9687015,53805,2.709338
9688,9688009,31591,1.590758
9689,9689009,12547,0.631801
9690,9690012,34888,1.756777
9691,9691013,53757,2.706921
9692,9692013,31463,1.584312
9693,9693015,12579,0.633413
9694,9694008,34760,1.750332
9695,9695009,53757,2.706921
9696,9696011,31495,1.585924
9697,9697012,12563,0.632607
9698,9698010,34824,1.753555
9699,9699012,53789,2.708533
9700,9700013,31447,1.583506
9701,9701014,12579,0.633413
9702,9702009,34824,1.753555
9703,9703010,53821,2.710144
9704,9704010,31415,1.581895
9705,9705010,12579,0.633413
9706,9706013,34888,1.756777
9707,9707014,53837,2.710950
9708,9708016,31335,1.577867
9709,9709009,12579,0.633413
9710,9710012,34856,1.755166
9711,9711013,53773,2.707727
9712,9712014,31399,1.581090
9713,9713015,12595,0.634218
9714,9714010,34872,1.755972
9715,9715011,53853,2.711756
9716,9716012,31463,1.584312
9717,9717013,12563,0.632607
9718,9718015,35000,1.762417
9719,9719010,53773,2.707727
9720,9720012,31463,1.584312
9721,9721013,12563,0.632607
9722,9722016,35032,1.764028
9723,9723010,53805,2.709338
9724,9724012,31495,1.585924
9725,9725012,12563,0.632607
9726,9726013,34936,1.759194
9727,9727015,53789,2.708533
9728,9728009,31543,1.588340
9729,9729011,12451,0.626967
9730,9730014,34920,1.758389
9731,9731015,53805,2.709338
9732,9732009,31559,1.589146
9733,9733011,12579,0.633413
9734,9734012,34888,1.756777
9735,9735014,53757,2.706921
9736,9736016,31271,1.574644
9737,9737011,12563,0.632607
9738,9738014,34952,1.760000
9739,9739008,53789,2.708533
9740,9740010,31575,1.589952
9741,9741011,12563,0.632607
9742,9742012,34856,1.755166
9743,9743013,53805,2.709338
9744,9744015,31383,1.580284
9745,9745011,12563,0.632607
9746,9746013,34904,1.757583
9747,9747015,53789,2.708533
9748,9748015,31431,1.582701
9749,9749010,12579,0.633413
9750,9750011,34824,1.753555
9751,9751012,53773,2.707727
9752,9752013,31495,1.585924
9753,9753015,12627,0.635830
9754,9754010,34792,1.751943
9755,9755011,53725,2.705310
9756,9756014,31447,1.583506
9757,9757014,12579,0.633413
9758,9758009,34760,1.750332
9759,9759011,53821,2.710144
9760,9760012,31479,1.585118
9761,9761014,12579,0.633413
9762,9762009,34792,1.751943
9763,9763010,53757,2.706921
9764,9764011,31543,1.588340
9765,9765012,12547,0.631801
9766,9766014,34968,1.760806
9767,9767015,53789,2.708533
9768,9768009,31527,1.587535
9769,9769012,12563,0.632607
9770,9770014,34968,1.760806
9771,9771009,53773,2.707727
9772,9772010,31575,1.589952
9773,9773011,12563,0.632607
9774,9774013,34952,1.760000
9775,9775015,53837,2.710950
9776,9776009,31591,1.590758
9777,9777011,12563,0.632607
9778,9778015,34984,1.761611
9779,9779009,53837,2.710950
9780,9780010,31543,1.588340
9781,9781011,12563,0.632607
9782,9782013,34904,1.757583
9783,9783014,53853,2.711756
9784,9784015,31399,1.581090
9785,9785011,12563,0.632607
9786,9786014,34952,1.760000
9787,9787015,53837,2.710950
9788,9788008,31575,1.589952
9789,9789010,12547,0.631801
9790,9790011,34856,1.755166
9791,9791012,53789,2.708533
9792,9792013,31431,1.582701
9793,9793010,12563,0.632607
9794,9794013,34872,1.755972
9795,9795014,53805,2.709338
9796,9796008,31575,1.589952
9797,9797010,12563,0.632607
9798,9798012,34888,1.756777
9799,9799013,53773,2.707727
9800,9800014,31415,1.581895
9801,9801011,12531,0.630996
9802,9802014,34920,1.758389
9803,9803015,53741,2.706116
9804,9804009,31623,1.592369
9805,9805011,12563,0.632607
9806,9806012,34872,1.755972
9807,9807013,53773,2.707727
9808,9808014,31367,1.579478
9809,9809012,12563,0.632607
9810,9810015,35016,1.763223
9811,9811009,53789,2.708533
9812,9812010,31527,1.587535
9813,9813012,12611,0.635024
9814,9814013,34920,1.758389
9815,9815015,53805,2.709338
9816,9816015,31351,1.578672
9817,9817012,12579,0.633413
9818,9818014,34936,1.759194
9819,9819015,53789,2.708533
9820,9820009,31543,1.588340
9821,9821010,12563,0.632607
9822,9822011,34872,1.755972
9823,9823012,53741,2.706116
9824,9824014,31463,1.584312
9825,9825012,12563,0.632607
9826,9826009,34792,1.751943
9827,9827010,53757,2.706921
9828,9828012,31527,1.587535
9829,9829014,12547,0.631801
9830,9830015,35000,1.762417
9831,9831009,53741,2.706116
9832,9832010,31559,1.589146
9833,9833015,12563,0.632607
9834,9834009,34840,1.754360
9835,9835011,53741,2.706116
9836,9836013,31495,1.585924
9837,9837014,12579,0.633413
9838,9838016,34984,1.761611
9839,9839009,53821,2.710144
9840,9840010,31511,1.586729
9841,9841009,12563,0.632607
9842,9842011,34872,1.755972
9843,9843013,53773,2.707727
9844,9844014,31399,1.581090
9845,9845009,12579,0.633413
9846,9846010,34824,1.753555
9847,9847012,53757,2.706921
9848,9848013,31431,1.582701
9849,9849011,12547,0.631801
9850,9850012,34856,1.755166
9851,9851013,53757,2.706921
9852,9852014,31399,1.581090
9853,9853015,12563,0.632607
9854,9854009,34744,1.749526
9855,9855010,53773,2.707727
9856,9856011,31495,1.585924
9857,9857010,12531,0.630996
9858,9858014,34984,1.761611
9859,9859015,53757,2.706921
9860,9860009,31575,1.589952
9861,9861011,12579,0.633413
9862,9862013,34888,1.756777
9863,9863014,53789,2.708533
9864,9864016,31367,1.579478
9865,9865015,12563,0.632607
9866,9866010,34824,1.753555
9867,9867011,53789,2.708533
9868,9868013,31431,1.582701
9869,9869015,12547,0.631801
9870,9870009,34712,1.747915
9871,9871010,53773,2.707727
9872,9872011,31575,1.589952
9873,9873009,12563,0.632607
9874,9874010,34808,1.752749
9875,9875012,53805,2.709338
9876,9876013,31447,1.583506
9877,9877015,12579,0.633413
9878,9878009,34824,1.753555
9879,9879011,53773,2.707727
9880,9880012,31511,1.586729
9881,9881011,12579,0.633413
9882,9882014,34888,1.756777
9883,9883015,53805,2.709338
9884,9884009,31639,1.593175
9885,9885010,12595,0.634218
9886,9886012,34920,1.758389
9887,9887013,53773,2.707727
9888,9888014,31447,1.583506
9889,9889013,12547,0.631801
9890,9890009,34792,1.751943
9891,9891010,53757,2.706921
9892,9892011,31543,1.588340
9893,9893013,12547,0.631801
9894,9894014,35016,1.763223
9895,9895015,53757,2.706921
9896,9896010,31575,1.589952
9897,9897009,12563,0.632607
9898,9898011,34824,1.753555
9899,9899012,53805,2.709338
9900,9900013,31431,1.582701
9901,9901016,12563,0.632607
9902,9902010,34840,1.754360
9903,9903011,53789,2.708533
9904,9904012,31543,1.588340
9905,9905011,12579,0.633413
9906,9906013,34904,1.757583
9907,9907014,53773,2.707727
9908,9908016,31399,1.581090
9909,9909011,12563,0.632607
9910,9910013,34920,1.758389
9911,9911015,53773,2.707727
9912,9912009,31591,1.590758
9913,9913008,12547,0.631801
9914,9914010,34856,1.755166
9915,9915013,53773,2.707727
9916,9916014,31415,1.581895
9917,9917014,12563,0.632607
9918,9918009,34792,1.751943
9919,9919010,53837,2.710950
9920,9920011,31559,1.589146
9921,9921011,12627,0.635830
9922,9922013,34872,1.755972
9923,9923015,53773,2.707727
9924,9924016,31367,1.579478
9925,9925009,12595,0.634218
9926,9926010,34824,1.753555
9927,9927012,53773,2.707727
9928,9928014,31511,1.586729
9929,9929014,12547,0.631801
9930,9930010,34792,1.751943
9931,9931011,53757,2.706921
9932,9932012,31431,1.582701
9933,9933014,12563,0.632607
9934,9934015,34968,1.760806
9935,9935008,53821,2.710144
9936,9936010,31543,1.588340
9937,9937011,12547,0.631801
9938,9938016,35112,1.768057
9939,9939009,53821,2.710144
9940,9940011,31495,1.585924
9941,9941013,12563,0.632607
9942,9942015,34952,1.760000
9943,9943009,53821,2.710144
9944,9944010,31495,1.585924
9945,9945011,12611,0.635024
9946,9946013,34904,1.757583
9947,9947014,53789,2.708533
9948,9948008,31639,1.593175
9949,9949011,12563,0.632607
9950,9950012,34920,1.758389
9951,9951013,53773,2.707727
9952,9952014,31479,1.585118
9953,9953015,12483,0.628579
9954,9954009,34776,1.751138
9955,9955010,53789,2.708533
9956,9956012,31511,1.586729
9957,9957013,12579,0.633413
9958,9958015,35016,1.763223
9959,9959010,53709,2.704504
9960,9960012,31527,1.587535
9961,9961014,12579,0.633413
9962,9962011,34808,1.752749
9963,9963014,53821,2.710144
9964,9964008,31623,1.592369
9965,9965008,12563,0.632607
9966,9966010,34776,1.751138
9967,9967012,53837,2.710950
9968,9968013,31511,1.586729
9969,9969015,12611,0.635024
9970,9970010,34792,1.751943
9971,9971011,53757,2.706921
9972,9972013,31479,1.585118
9973,9973014,12579,0.633413
9974,9974008,34728,1.748720
9975,9975010,53757,2.706921
9976,9976011,31463,1.584312
9977,9977014,12563,0.632607
9978,9978009,34824,1.753555
9979,9979011,53821,2.710144
9980,9980013,31431,1.582701
9981,9981014,12579,0.633413
9982,9982009,34776,1.751138
9983,9983011,53773,2.707727
9984,9984013,31463,1.584312
9985,9985013,12579,0.633413
9986,9986015,35000,1.762417
9987,9987009,53741,2.706116
9988,9988010,31511,1.586729
9989,9989012,12563,0.632607
9990,9990013,34952,1.760000
9991,9991015,53773,2.707727
9992,9992009,31575,1.589952
9993,9993012,12579,0.633413
9994,9994008,34760,1.750332
9995,9995010,53789,2.708533
9996,9996011,31495,1.585924
9997,9997013,12563,0.632607
9998,9998014,34952,1.760000
9999,9999015,53789,2.708533
