Sample,Time_us,Raw_u16,Voltage_V
0,208,32968,1.660096
1,1017,42858,2.158105
2,2015,51852,2.610996
3,3011,53581,2.698059
4,4008,47691,2.401470
5,5012,36232,1.824454
6,6008,23557,1.186207
7,7012,14659,0.738151
8,8009,12851,0.647109
9,9014,18836,0.948482
10,10014,30247,1.523081
11,11011,42858,2.158105
12,12015,51644,2.600522
13,13011,53581,2.698059
14,14015,47643,2.399052
15,15011,36184,1.822037
16,16008,23637,1.190236
17,17015,14419,0.726065
18,18013,12803,0.644692
19,19010,18724,0.942843
20,20014,30247,1.523081
21,21010,42810,2.155688
22,22014,51692,2.602939
23,23010,53565,2.697253
24,24014,47579,2.395830
25,25014,36072,1.816397
26,26011,23525,1.184596
27,27008,14659,0.738151
28,28012,12835,0.646303
29,29008,18756,0.944454
30,30012,30295,1.525498
31,31009,42794,2.154882
32,32013,51708,2.603744
33,33014,53677,2.702893
34,34012,47643,2.399052
35,35009,36200,1.822843
36,36013,23509,1.183790
37,37009,14659,0.738151
38,38013,13011,0.655166
39,39010,18772,0.945260
40,40014,30247,1.523081
41,41014,42890,2.159716
42,42012,51756,2.606162
43,43008,53549,2.696448
44,44012,47691,2.401470
45,45008,36184,1.822037
46,46012,23573,1.187013
47,47009,14563,0.733317
48,48013,12899,0.649526
49,49014,18964,0.954928
50,50013,30263,1.523886
51,51009,42762,2.153271
52,52013,51788,2.607773
53,53010,53629,2.700476
54,54014,47611,2.397441
55,55010,36232,1.824454
56,56014,23509,1.183790
57,57008,14659,0.738151
58,58013,12755,0.642275
59,59010,18756,0.944454
60,60013,30119,1.516635
61,61010,42842,2.157299
62,62014,51804,2.608578
63,63010,53533,2.695642
64,64014,47595,2.396635
65,65008,36184,1.822037
66,66015,23413,1.178956
67,67012,14691,0.739762
68,68008,12835,0.646303
69,69012,18804,0.946871
70,70009,30183,1.519858
71,71013,42874,2.158910
72,72009,51724,2.604550
73,73012,53517,2.694836
74,74010,47643,2.399052
75,75014,36168,1.821231
76,76011,23605,1.188624
77,77015,14643,0.737345
78,78011,12819,0.645498
79,79015,18740,0.943648
80,80011,30247,1.523081
81,81014,42874,2.158910
82,82012,51756,2.606162
83,83008,53597,2.698865
84,84012,47675,2.400664
85,85009,36232,1.824454
86,86013,23541,1.185402
87,87009,14659,0.738151
88,88013,12867,0.647915
89,89015,18708,0.942037
90,90012,30263,1.523886
91,91008,42826,2.156494
92,92012,51788,2.607773
93,93008,53501,2.694030
94,94012,47531,2.393412
95,95009,36200,1.822843
96,96013,23541,1.185402
97,97016,14755,0.742985
98,98013,12835,0.646303
99,99009,18660,0.939620
100,100013,30263,1.523886
101,101010,42794,2.154882
102,102014,51612,2.598910
103,103010,53453,2.691614
104,104014,47611,2.397441
105,105008,36232,1.824454
106,106013,23525,1.184596
107,107009,14659,0.738151
108,108013,12803,0.644692
109,109010,18788,0.946065
110,110014,30087,1.515024
111,111010,42810,2.155688
112,112014,51772,2.606967
113,113010,53549,2.696448
114,114008,47659,2.399858
115,115012,36104,1.818009
116,116008,23621,1.189430
117,117012,14707,0.740568
118,118009,12851,0.647109
119,119013,18836,0.948482
120,120009,30215,1.521469
121,121015,42810,2.155688
122,122013,51756,2.606162
123,123010,53453,2.691614
124,124014,47595,2.396635
125,125010,36136,1.819620
126,126014,23509,1.183790
127,127010,14643,0.737345
128,128014,12819,0.645498
129,129010,18756,0.944454
130,130014,30215,1.521469
131,131011,42842,2.157299
132,132015,51724,2.604550
133,133011,53581,2.698059
134,134015,47515,2.392607
135,135011,36248,1.825260
136,136008,23605,1.188624
137,137010,14675,0.738956
138,138010,12803,0.644692
139,139008,18724,0.942843
140,140012,30215,1.521469
141,141009,42858,2.158105
142,142013,51724,2.604550
143,143009,53629,2.700476
144,144013,47643,2.399052
145,145009,36200,1.822843
146,146014,23541,1.185402
147,147010,14643,0.737345
148,148014,12835,0.646303
149,149010,18756,0.944454
150,150014,30199,1.520664
151,151011,42858,2.158105
152,152015,51708,2.603744
153,153012,53549,2.696448
154,154010,47643,2.399052
155,155014,36136,1.819620
156,156011,23557,1.186207
157,157015,14483,0.729288
158,158011,12819,0.645498
159,159015,18772,0.945260
160,160011,30167,1.519052
161,161008,42842,2.157299
162,162014,51740,2.605356
163,163010,53613,2.699670
164,164014,47595,2.396635
165,165010,36152,1.820426
166,166014,23461,1.181373
167,167011,14675,0.738956
168,168015,12835,0.646303
169,169012,18708,0.942037
170,170010,30183,1.519858
171,171014,42938,2.162133
172,172011,51708,2.603744
173,173015,53661,2.702087
174,174011,47611,2.397441
175,175008,36248,1.825260
176,176012,23589,1.187819
177,177009,14659,0.738151
178,178008,12835,0.646303
179,179012,18820,0.947677
180,180009,30231,1.522275
181,181012,42842,2.157299
182,182009,51724,2.604550
183,183013,53565,2.697253
184,184009,47643,2.399052
185,185015,36120,1.818814
186,186012,23541,1.185402
187,187008,14659,0.738151
188,188012,12851,0.647109
189,189008,18756,0.944454
190,190012,30295,1.525498
191,191009,42810,2.155688
192,192013,51772,2.606967
193,193011,53597,2.698865
194,194010,47611,2.397441
195,195013,36168,1.821231
196,196010,23557,1.186207
197,197014,14611,0.735734
198,198010,12819,0.645498
199,199014,18852,0.949288
200,200011,30247,1.523081
201,201009,42826,2.156494
202,202014,51724,2.604550
203,203011,53549,2.696448
204,204015,47611,2.397441
205,205011,36184,1.822037
206,206008,23573,1.187013
207,207012,14771,0.743790
208,208008,12867,0.647915
209,209014,18772,0.945260
210,210014,30247,1.523081
211,211010,42794,2.154882
212,212014,51772,2.606967
213,213010,53549,2.696448
214,214014,47531,2.393412
215,215011,36168,1.821231
216,216015,23573,1.187013
217,217013,14643,0.737345
218,218011,12835,0.646303
219,219015,18820,0.947677
220,220011,30231,1.522275
221,221008,42858,2.158105
222,222012,51740,2.605356
223,223008,53597,2.698865
224,224012,47691,2.401470
225,225010,36216,1.823648
226,226010,23573,1.187013
227,227014,14675,0.738956
228,228010,12835,0.646303
229,229014,18804,0.946871
230,230011,30231,1.522275
231,231015,42954,2.162939
232,232011,51756,2.606162
233,233011,53565,2.697253
234,234009,47691,2.401470
235,235012,36168,1.821231
236,236009,23589,1.187819
237,237013,14675,0.738956
238,238009,12803,0.644692
239,239013,18772,0.945260
240,240009,30295,1.525498
241,241010,42810,2.155688
242,242009,51740,2.605356
243,243012,53613,2.699670
244,244009,47723,2.403081
245,245013,36184,1.822037
246,246009,23525,1.184596
247,247013,14675,0.738956
248,248009,12819,0.645498
249,249010,18836,0.948482
250,250009,30167,1.519052
251,251013,42890,2.159716
252,252009,51724,2.604550
253,253013,53677,2.702893
254,254009,47643,2.399052
255,255013,36168,1.821231
256,256010,23621,1.189430
257,257011,14675,0.738956
258,258008,12803,0.644692
259,259012,18740,0.943648
260,260008,30215,1.521469
261,261012,42794,2.154882
262,262009,51708,2.603744
263,263012,53581,2.698059
264,264009,47611,2.397441
265,265010,36184,1.822037
266,266008,23621,1.189430
267,267012,14643,0.737345
268,268009,12819,0.645498
269,269013,18804,0.946871
270,270009,30183,1.519858
271,271013,42874,2.158910
272,272010,51852,2.610996
273,273010,53549,2.696448
274,274015,47515,2.392607
275,275011,36184,1.822037
276,276008,23637,1.190236
277,277012,14691,0.739762
278,278008,12787,0.643886
279,279012,18788,0.946065
280,280008,30183,1.519858
281,281009,42842,2.157299
282,282014,51772,2.606967
283,283011,53533,2.695642
284,284015,47595,2.396635
285,285011,36184,1.822037
286,286008,23557,1.186207
287,287012,14659,0.738151
288,288008,12819,0.645498
289,289010,18756,0.944454
290,290009,30151,1.518247
291,291013,42858,2.158105
292,292010,51740,2.605356
293,293014,53501,2.694030
294,294010,47643,2.399052
295,295014,36120,1.818814
296,296010,23557,1.186207
297,297012,14627,0.736539
298,298011,12819,0.645498
299,299015,18964,0.954928
300,300011,30279,1.524692
301,301008,42794,2.154882
302,302012,51724,2.604550
303,303008,53565,2.697253
304,304012,47691,2.401470
305,305013,36152,1.820426
306,306011,23557,1.186207
307,307015,14723,0.741373
308,308012,12835,0.646303
309,309008,18724,0.942843
310,310012,30167,1.519052
311,311008,42794,2.154882
312,312012,51740,2.605356
313,313015,53661,2.702087
314,314013,47611,2.397441
315,315010,36232,1.824454
316,316014,23525,1.184596
317,317010,14675,0.738956
318,318014,12835,0.646303
319,319010,18788,0.946065
320,320014,30311,1.526303
321,321009,42810,2.155688
322,322015,51676,2.602133
323,323012,53613,2.699670
324,324008,47643,2.399052
325,325012,36232,1.824454
326,326008,23589,1.187819
327,327012,14675,0.738956
328,328009,12787,0.643886
329,329012,18820,0.947677
330,330010,30199,1.520664
331,331014,42890,2.159716
332,332011,51756,2.606162
333,333015,53629,2.700476
334,334011,47675,2.400664
335,335008,36264,1.826065
336,336012,23525,1.184596
337,337012,14627,0.736539
338,338010,12739,0.641469
339,339014,18804,0.946871
340,340010,30247,1.523081
341,341014,43018,2.166162
342,342011,51772,2.606967
343,343015,53581,2.698059
344,344011,47691,2.401470
345,345013,36104,1.818009
346,346011,23525,1.184596
347,347015,14627,0.736539
348,348011,12851,0.647109
349,349008,18740,0.943648
350,350012,30279,1.524692
351,351008,42810,2.155688
352,352012,51804,2.608578
353,353015,53533,2.695642
354,354013,47643,2.399052
355,355009,36232,1.824454
356,356013,23589,1.187819
357,357009,14707,0.740568
358,358013,12851,0.647109
359,359010,18740,0.943648
360,360014,30311,1.526303
361,361011,42810,2.155688
362,362008,51724,2.604550
363,363012,53581,2.698059
364,364008,47691,2.401470
365,365012,36152,1.820426
366,366009,23653,1.191041
367,367013,14627,0.736539
368,368009,12835,0.646303
369,369013,18788,0.946065
370,370011,30199,1.520664
371,371015,43018,2.166162
372,372011,51724,2.604550
373,373015,53517,2.694836
374,374011,47563,2.395024
375,375008,36232,1.824454
376,376012,23573,1.187013
377,377008,14707,0.740568
378,378014,12835,0.646303
379,379010,18788,0.946065
380,380014,30311,1.526303
381,381010,42826,2.156494
382,382014,51788,2.607773
383,383011,53501,2.694030
384,384015,47675,2.400664
385,385011,36200,1.822843
386,386010,23557,1.186207
387,387015,14595,0.734928
388,388011,12851,0.647109
389,389015,18756,0.944454
390,390011,30231,1.522275
391,391008,42794,2.154882
392,392012,51788,2.607773
393,393008,53581,2.698059
394,394013,47627,2.398247
395,395010,36232,1.824454
396,396014,23493,1.182985
397,397010,14675,0.738956
398,398014,12819,0.645498
399,399011,18740,0.943648
400,400015,30231,1.522275
401,401013,42890,2.159716
402,402012,51740,2.605356
403,403011,53565,2.697253
404,404015,47611,2.397441
405,405011,36200,1.822843
406,406015,23397,1.178150
407,407011,14739,0.742179
408,408008,12867,0.647915
409,409013,18804,0.946871
410,410010,30167,1.519052
411,411014,42890,2.159716
412,412010,51756,2.606162
413,413014,53549,2.696448
414,414011,47563,2.395024
415,415015,36248,1.825260
416,416011,23621,1.189430
417,417009,14659,0.738151
418,418008,12819,0.645498
419,419012,18788,0.946065
420,420008,30215,1.521469
421,421012,42842,2.157299
422,422008,51724,2.604550
423,423012,53549,2.696448
424,424009,47659,2.399858
425,425015,36056,1.815592
426,426013,23557,1.186207
427,427010,14659,0.738151
428,428014,12851,0.647109
429,429010,18756,0.944454
430,430014,30263,1.523886
431,431010,42794,2.154882
432,432014,51868,2.611801
433,433014,53597,2.698865
434,434012,47675,2.400664
435,435009,36232,1.824454
436,436012,23509,1.183790
437,437009,14707,0.740568
438,438013,12803,0.644692
439,439009,18756,0.944454
440,440013,30295,1.525498
441,441011,42682,2.149242
442,442008,51692,2.602939
443,443012,53549,2.696448
444,444008,47707,2.402275
445,445012,36168,1.821231
446,446009,23573,1.187013
447,447013,14675,0.738956
448,448009,12915,0.650332
449,449015,18788,0.946065
450,450012,30183,1.519858
451,451009,42922,2.161327
452,452013,51788,2.607773
453,453009,53645,2.701282
454,454013,47611,2.397441
455,455010,36184,1.822037
456,456014,23557,1.186207
457,457013,14627,0.736539
458,458010,12835,0.646303
459,459014,18804,0.946871
460,460011,30167,1.519052
461,461015,42810,2.155688
462,462011,51788,2.607773
463,463015,53533,2.695642
464,464011,47595,2.396635
465,465012,36184,1.822037
466,466009,23605,1.188624
467,467013,14691,0.739762
468,468010,12835,0.646303
469,469014,18724,0.942843
470,470010,30199,1.520664
471,471014,42794,2.154882
472,472010,51756,2.606162
473,473010,53549,2.696448
474,474008,47691,2.401470
475,475012,36152,1.820426
476,476009,23621,1.189430
477,477013,14659,0.738151
478,478009,12787,0.643886
479,479013,18788,0.946065
480,480009,30199,1.520664
481,481009,42826,2.156494
482,482008,51724,2.604550
483,483013,53613,2.699670
484,484009,47563,2.395024
485,485013,36184,1.822037
486,486010,23573,1.187013
487,487014,14579,0.734122
488,488010,12835,0.646303
489,489011,18820,0.947677
490,490008,30215,1.521469
491,491012,42842,2.157299
492,492008,51708,2.603744
493,493012,53581,2.698059
494,494009,47611,2.397441
495,495013,36248,1.825260
496,496009,23573,1.187013
497,497009,14691,0.739762
498,498014,12819,0.645498
499,499010,18692,0.941231
500,500014,30247,1.523081
501,501011,42858,2.158105
502,502015,51772,2.606967
503,503011,53565,2.697253
504,504015,47707,2.402275
505,505015,35960,1.810758
506,506012,23525,1.184596
507,507009,14691,0.739762
508,508013,12819,0.645498
509,509009,18772,0.945260
510,510013,30247,1.523081
511,511010,42810,2.155688
512,512014,51756,2.606162
513,513014,53549,2.696448
514,514012,47643,2.399052
515,515010,36264,1.826065
516,516014,23461,1.181373
517,517010,14659,0.738151
518,518014,12819,0.645498
519,519011,18772,0.945260
520,520015,30247,1.523081
521,521008,42810,2.155688
522,522013,51740,2.605356
523,523010,53581,2.698059
524,524014,47627,2.398247
525,525010,36152,1.820426
526,526014,23509,1.183790
527,527011,14675,0.738956
528,528015,12851,0.647109
529,529008,18836,0.948482
530,530014,30183,1.519858
531,531010,42858,2.158105
532,532014,51724,2.604550
533,533011,53485,2.693225
534,534015,47595,2.396635
535,535011,36184,1.822037
536,536015,23541,1.185402
537,537009,14659,0.738151
538,538008,12787,0.643886
539,539012,18772,0.945260
540,540009,30183,1.519858
541,541013,42874,2.158910
542,542009,51708,2.603744
543,543013,53581,2.698059
544,544009,47755,2.404692
545,545012,36168,1.821231
546,546008,23605,1.188624
547,547012,14691,0.739762
548,548009,12819,0.645498
549,549013,18708,0.942037
550,550009,30183,1.519858
551,551013,42890,2.159716
552,552009,51724,2.604550
553,553012,53565,2.697253
554,554010,47755,2.404692
555,555014,36136,1.819620
556,556010,23621,1.189430
557,557014,14675,0.738956
558,558010,12835,0.646303
559,559014,18820,0.947677
560,560011,30279,1.524692
561,561014,42906,2.160522
562,562013,51724,2.604550
563,563009,53581,2.698059
564,564013,47611,2.397441
565,565010,36200,1.822843
566,566014,23557,1.186207
567,567010,14659,0.738151
568,568014,12851,0.647109
569,569010,18708,0.942037
570,570009,30167,1.519052
571,571013,42874,2.158910
572,572009,51788,2.607773
573,573013,53597,2.698865
574,574010,47643,2.399052
575,575014,36200,1.822843
576,576010,23573,1.187013
577,577014,14643,0.737345
578,578014,12819,0.645498
579,579011,18740,0.943648
580,580015,30247,1.523081
581,581011,42826,2.156494
582,582015,51804,2.608578
583,583011,53533,2.695642
584,584008,47675,2.400664
585,585011,36168,1.821231
586,586009,23573,1.187013
587,587013,14675,0.738956
588,588009,12819,0.645498
589,589013,18788,0.946065
590,590010,30167,1.519052
591,591014,42938,2.162133
592,592010,51820,2.609384
593,593013,53565,2.697253
594,594010,47675,2.400664
595,595014,36136,1.819620
596,596010,23605,1.188624
597,597014,14643,0.737345
598,598010,12819,0.645498
599,599014,18788,0.946065
600,600011,30167,1.519052
601,601014,42858,2.158105
602,602011,51676,2.602133
603,603015,53581,2.698059
604,604011,47563,2.395024
605,605015,36200,1.822843
606,606011,23557,1.186207
607,607008,14755,0.742985
608,608012,12867,0.647915
609,609009,18772,0.945260
610,610015,30247,1.523081
611,611011,42938,2.162133
612,612015,51772,2.606967
613,613012,53549,2.696448
614,614008,47723,2.403081
615,615012,36168,1.821231
616,616009,23701,1.193458
617,617013,14707,0.740568
618,618011,12819,0.645498
619,619008,18740,0.943648
620,620012,30231,1.522275
621,621008,42826,2.156494
622,622012,51708,2.603744
623,623009,53581,2.698059
624,624013,47611,2.397441
625,625010,36232,1.824454
626,626014,23541,1.185402
627,627010,14659,0.738151
628,628014,12867,0.647915
629,629011,18740,0.943648
630,630015,30199,1.520664
631,631011,42906,2.160522
632,632015,51788,2.607773
633,633012,53517,2.694836
634,634010,47643,2.399052
635,635014,36200,1.822843
636,636010,23605,1.188624
637,637014,14675,0.738956
638,638011,12819,0.645498
639,639015,18852,0.949288
640,640011,30215,1.521469
641,641009,42730,2.151659
642,642013,51724,2.604550
643,643009,53549,2.696448
644,644013,47579,2.395830
645,645010,36200,1.822843
646,646014,23573,1.187013
647,647010,14675,0.738956
648,648014,12867,0.647915
649,649012,18772,0.945260
650,650009,30247,1.523081
651,651013,42842,2.157299
652,652009,51724,2.604550
653,653013,53597,2.698865
654,654010,47611,2.397441
655,655014,36232,1.824454
656,656010,23589,1.187819
657,657008,14675,0.738956
658,658013,12851,0.647109
659,659010,18708,0.942037
660,660014,30295,1.525498
661,661010,42826,2.156494
662,662014,51772,2.606967
663,663010,53549,2.696448
664,664014,47643,2.399052
665,665012,36232,1.824454
666,666010,23589,1.187819
667,667014,14675,0.738956
668,668010,12835,0.646303
669,669014,18772,0.945260
670,670011,30231,1.522275
671,671015,42906,2.160522
672,672011,51724,2.604550
673,673010,53517,2.694836
674,674015,47627,2.398247
675,675011,36232,1.824454
676,676008,23605,1.188624
677,677012,14659,0.738151
678,678008,12803,0.644692
679,679012,18772,0.945260
680,680008,30199,1.520664
681,681008,42794,2.154882
682,682014,51788,2.607773
683,683010,53581,2.698059
684,684014,47643,2.399052
685,685011,36248,1.825260
686,686015,23493,1.182985
687,687011,14675,0.738956
688,688015,12851,0.647109
689,689016,18788,0.946065
690,690014,30231,1.522275
691,691010,42858,2.158105
692,692014,51740,2.605356
693,693010,53597,2.698865
694,694014,47611,2.397441
695,695011,36200,1.822843
696,696015,23541,1.185402
697,697014,14659,0.738151
698,698013,12771,0.643081
699,699009,18692,0.941231
700,700013,30247,1.523081
701,701010,42794,2.154882
702,702014,51708,2.603744
703,703010,53597,2.698865
704,704014,47691,2.401470
705,705013,36120,1.818814
706,706011,23573,1.187013
707,707008,14675,0.738956
708,708012,12819,0.645498
709,709008,18724,0.942843
710,710012,30231,1.522275
711,711008,42810,2.155688
712,712012,51708,2.603744
713,713012,53517,2.694836
714,714010,47707,2.402275
715,715014,36136,1.819620
716,716010,23589,1.187819
717,717014,14643,0.737345
718,718011,12803,0.644692
719,719014,18836,0.948482
720,720011,30231,1.522275
721,721011,42842,2.157299
722,722009,51724,2.604550
723,723013,53613,2.699670
724,724009,47659,2.399858
725,725013,36232,1.824454
726,726009,23557,1.186207
727,727013,14643,0.737345
728,728010,12819,0.645498
729,729010,18788,0.946065
730,730015,30247,1.523081
731,731011,42858,2.158105
732,732015,51740,2.605356
733,733011,53565,2.697253
734,734008,47627,2.398247
735,735012,36216,1.823648
736,736008,23573,1.187013
737,737009,14659,0.738151
738,738014,12771,0.643081
739,739010,18756,0.944454
740,740014,30295,1.525498
741,741011,42810,2.155688
742,742015,51772,2.606967
743,743011,53565,2.697253
744,744015,47707,2.402275
745,745010,36200,1.822843
746,746014,23509,1.183790
747,747010,14723,0.741373
748,748014,12867,0.647915
749,749011,18724,0.942843
750,750015,30215,1.521469
751,751011,42778,2.154076
752,752015,51820,2.609384
753,753010,53565,2.697253
754,754009,47691,2.401470
755,755013,36200,1.822843
756,756009,23589,1.187819
757,757013,14691,0.739762
758,758010,12803,0.644692
759,759014,18740,0.943648
760,760010,30231,1.522275
761,761012,42858,2.158105
762,762011,51708,2.603744
763,763015,53549,2.696448
764,764011,47643,2.399052
765,765015,36136,1.819620
766,766011,23525,1.184596
767,767008,14675,0.738956
768,768012,12851,0.647109
769,769014,18756,0.944454
770,770011,30215,1.521469
771,771015,42858,2.158105
772,772011,51756,2.606162
773,773008,53565,2.697253
774,774012,47627,2.398247
775,775008,36264,1.826065
776,776012,23509,1.183790
777,777015,14627,0.736539
778,778012,12819,0.645498
779,779009,18724,0.942843
780,780013,30215,1.521469
781,781009,42842,2.157299
782,782013,51740,2.605356
783,783009,53517,2.694836
784,784013,47659,2.399858
785,785009,36200,1.822843
786,786008,23605,1.188624
787,787012,14691,0.739762
788,788009,12819,0.645498
789,789013,18772,0.945260
790,790009,30183,1.519858
791,791013,42890,2.159716
792,792009,51724,2.604550
793,793013,53581,2.698059
794,794011,47659,2.399858
795,795015,36168,1.821231
796,796011,23573,1.187013
797,797008,14675,0.738956
798,798012,12835,0.646303
799,799008,18676,0.940426
800,800012,30215,1.521469
801,801015,42890,2.159716
802,802011,51724,2.604550
803,803008,53645,2.701282
804,804012,47707,2.402275
805,805008,36216,1.823648
806,806012,23477,1.182179
807,807009,14707,0.740568
808,808013,12835,0.646303
809,809009,18756,0.944454
810,810015,30231,1.522275
811,811011,42874,2.158910
812,812015,51724,2.604550
813,813011,53549,2.696448
814,814008,47611,2.397441
815,815012,36232,1.824454
816,816008,23605,1.188624
817,817012,14659,0.738151
818,818008,12819,0.645498
819,819012,18788,0.946065
820,820009,30199,1.520664
821,821013,42874,2.158910
822,822009,51708,2.603744
823,823013,53581,2.698059
824,824009,47595,2.396635
825,825013,36184,1.822037
826,826010,23573,1.187013
827,827014,14659,0.738151
828,828010,12803,0.644692
829,829014,18820,0.947677
830,830011,30231,1.522275
831,831015,42890,2.159716
832,832011,51756,2.606162
833,833014,53549,2.696448
834,834012,47675,2.400664
835,835009,36216,1.823648
836,836013,23541,1.185402
837,837009,14691,0.739762
838,838013,12819,0.645498
839,839010,18788,0.946065
840,840014,30247,1.523081
841,841010,42826,2.156494
842,842015,51756,2.606162
843,843011,53613,2.699670
844,844008,47659,2.399858
845,845012,36200,1.822843
846,846008,23573,1.187013
847,847012,14675,0.738956
848,848008,12803,0.644692
849,849012,18772,0.945260
850,850010,30167,1.519052
851,851014,42842,2.157299
852,852010,51756,2.606162
853,853014,53549,2.696448
854,854011,47643,2.399052
855,855015,36152,1.820426
856,856011,23557,1.186207
857,857008,14643,0.737345
858,858014,12819,0.645498
859,859011,18788,0.946065
860,860015,30279,1.524692
861,861011,42794,2.154882
862,862015,51836,2.610190
863,863011,53597,2.698865
864,864008,47659,2.399858
865,865013,36168,1.821231
866,866011,23525,1.184596
867,867009,14755,0.742985
868,868013,12835,0.646303
869,869009,18676,0.940426
870,870013,30199,1.520664
871,871009,42778,2.154076
872,872013,51788,2.607773
873,873012,53581,2.698059
874,874011,47611,2.397441
875,875014,36152,1.820426
876,876011,23573,1.187013
877,877015,14675,0.738956
878,878011,12819,0.645498
879,879008,18772,0.945260
880,880012,30263,1.523886
881,881009,42682,2.149242
882,882014,51772,2.606967
883,883010,53421,2.690002
884,884014,47595,2.396635
885,885011,36216,1.823648
886,886015,23509,1.183790
887,887011,14643,0.737345
888,888015,12803,0.644692
889,889014,18788,0.946065
890,890011,30199,1.520664
891,891008,42810,2.155688
892,892012,51740,2.605356
893,893008,53597,2.698865
894,894012,47579,2.395830
895,895009,36232,1.824454
896,896013,23605,1.188624
897,897011,14659,0.738151
898,898009,12819,0.645498
899,899013,18740,0.943648
900,900009,30199,1.520664
901,901013,42874,2.158910
902,902009,51708,2.603744
903,903013,53581,2.698059
904,904010,47675,2.400664
905,905009,36168,1.821231
906,906015,23493,1.182985
907,907011,14899,0.750236
908,908008,12867,0.647915
909,909012,18740,0.943648
910,910008,30151,1.518247
911,911012,42858,2.158105
912,912009,51740,2.605356
913,913008,53533,2.695642
914,914013,47627,2.398247
915,915009,36184,1.822037
916,916013,23589,1.187819
917,917009,14723,0.741373
918,918013,12771,0.643081
919,919010,18740,0.943648
920,920014,30199,1.520664
921,921012,42858,2.158105
922,922009,51468,2.591659
923,923013,53629,2.700476
924,924009,47691,2.401470
925,925013,36168,1.821231
926,926010,23589,1.187819
927,927014,14675,0.738956
928,928010,12819,0.645498
929,929009,18692,0.941231
930,930008,30167,1.519052
931,931012,42826,2.156494
932,932008,51740,2.605356
933,933012,53549,2.696448
934,934009,47659,2.399858
935,935013,36200,1.822843
936,936009,23621,1.189430
937,937010,14675,0.738956
938,938015,12819,0.645498
939,939011,18740,0.943648
940,940015,30279,1.524692
941,941011,42810,2.155688
942,942008,51724,2.604550
943,943012,53597,2.698865
944,944008,47659,2.399858
945,945009,36216,1.823648
946,946014,23509,1.183790
947,947010,14675,0.738956
948,948014,12835,0.646303
949,949010,18692,0.941231
950,950014,30247,1.523081
951,951011,42810,2.155688
952,952015,51788,2.607773
953,953015,53597,2.698865
954,954012,47627,2.398247
955,955009,36232,1.824454
956,956013,23589,1.187819
957,957009,14675,0.738956
958,958013,12867,0.647915
959,959009,18788,0.946065
960,960013,30231,1.522275
961,961014,42826,2.156494
962,962011,51788,2.607773
963,963015,53613,2.699670
964,964011,47643,2.399052
965,965008,36280,1.826871
966,966012,23621,1.189430
967,967008,14563,0.733317
968,968012,12819,0.645498
969,969013,18772,0.945260
970,970013,30263,1.523886
971,971009,42826,2.156494
972,972013,51788,2.607773
973,973010,53645,2.701282
974,974014,47611,2.397441
975,975010,36232,1.824454
976,976014,23573,1.187013
977,977015,14531,0.731705
978,978015,12835,0.646303
979,979011,18820,0.947677
980,980015,30263,1.523886
981,981012,42762,2.153271
982,982008,51756,2.606162
983,983012,53549,2.696448
984,984008,47691,2.401470
985,985011,36168,1.821231
986,986009,23589,1.187819
987,987015,14675,0.738956
988,988011,12835,0.646303
989,989008,18820,0.947677
990,990012,30215,1.521469
991,991008,42794,2.154882
992,992012,51724,2.604550
993,993015,53549,2.696448
994,994012,47627,2.398247
995,995009,36200,1.822843
996,996013,23589,1.187819
997,997009,14675,0.738956
998,998013,12803,0.644692
999,999010,18692,0.941231
1000,1000014,30215,1.521469
1001,1001009,42794,2.154882
1002,1002014,51740,2.605356
1003,1003010,53597,2.698865
1004,1004014,47627,2.398247
1005,1005011,36184,1.822037
1006,1006015,23493,1.182985
1007,1007011,14659,0.738151
1008,1008015,12835,0.646303
1009,1009010,18740,0.943648
1010,1010015,30263,1.523886
1011,1011011,42826,2.156494
1012,1012015,51756,2.606162
1013,1013012,53517,2.694836
1014,1014008,47723,2.403081
1015,1015012,36264,1.826065
1016,1016008,23637,1.190236
1017,1017012,14675,0.738956
1018,1018010,12819,0.645498
1019,1019014,18788,0.946065
1020,1020010,30199,1.520664
1021,1021014,42826,2.156494
1022,1022011,51708,2.603744
1023,1023015,53597,2.698865
1024,1024011,47627,2.398247
1025,1025014,36152,1.820426
1026,1026012,23573,1.187013
1027,1027008,14691,0.739762
1028,1028012,12851,0.647109
1029,1029008,18724,0.942843
1030,1030012,30295,1.525498
1031,1031009,42810,2.155688
1032,1032013,51724,2.604550
1033,1033015,53613,2.699670
1034,1034014,47595,2.396635
1035,1035010,36232,1.824454
1036,1036014,23541,1.185402
1037,1037011,14659,0.738151
1038,1038015,12851,0.647109
1039,1039011,18788,0.946065
1040,1040008,30151,1.518247
1041,1041009,42858,2.158105
1042,1042014,51756,2.606162
1043,1043011,53709,2.704504
1044,1044015,47611,2.397441
1045,1045011,36120,1.818814
1046,1046008,23605,1.188624
1047,1047012,14723,0.741373
1048,1048008,12851,0.647109
1049,1049012,18820,0.947677
1050,1050011,30215,1.521469
1051,1051008,42858,2.158105
1052,1052012,51740,2.605356
1053,1053009,53565,2.697253
1054,1054013,47595,2.396635
1055,1055009,36232,1.824454
1056,1056013,23621,1.189430
1057,1057009,14659,0.738151
1058,1058015,12867,0.647915
1059,1059012,18724,0.942843
1060,1060008,30199,1.520664
1061,1061012,42858,2.158105
1062,1062008,51724,2.604550
1063,1063012,53581,2.698059
1064,1064009,47675,2.400664
1065,1065012,36184,1.822037
1066,1066009,23605,1.188624
1067,1067013,14691,0.739762
1068,1068010,12803,0.644692
1069,1069014,18772,0.945260
1070,1070010,30135,1.517441
1071,1071014,42874,2.158910
1072,1072010,51740,2.605356
1073,1073008,53565,2.697253
1074,1074013,47611,2.397441
1075,1075009,36264,1.826065
1076,1076013,23541,1.185402
1077,1077009,14771,0.743790
1078,1078013,12819,0.645498
1079,1079010,18740,0.943648
1080,1080014,30247,1.523081
1081,1081011,42826,2.156494
1082,1082015,51724,2.604550
1083,1083011,53645,2.701282
1084,1084008,47675,2.400664
1085,1085012,36200,1.822843
1086,1086008,23589,1.187819
1087,1087012,14675,0.738956
1088,1088009,12803,0.644692
1089,1089014,18772,0.945260
1090,1090012,30215,1.521469
1091,1091008,42762,2.153271
1092,1092012,51804,2.608578
1093,1093009,53597,2.698865
1094,1094013,47659,2.399858
1095,1095009,36216,1.823648
1096,1096013,23653,1.191041
1097,1097011,14643,0.737345
1098,1098008,12803,0.644692
1099,1099012,18788,0.946065
1100,1100008,30199,1.520664
1101,1101012,42794,2.154882
1102,1102008,51756,2.606162
1103,1103012,53581,2.698059
1104,1104009,47723,2.403081
1105,1105015,36168,1.821231
1106,1106013,23573,1.187013
1107,1107009,14691,0.739762
1108,1108013,12803,0.644692
1109,1109010,18724,0.942843
1110,1110014,30231,1.522275
1111,1111010,42890,2.159716
1112,1112014,51756,2.606162
1113,1113012,53517,2.694836
1114,1114011,47627,2.398247
1115,1115015,36168,1.821231
1116,1116011,23525,1.184596
1117,1117008,14723,0.741373
1118,1118012,12819,0.645498
1119,1119008,18788,0.946065
1120,1120012,30231,1.522275
1121,1121011,42762,2.153271
1122,1122008,51692,2.602939
1123,1123012,53581,2.698059
1124,1124008,47611,2.397441
1125,1125012,36168,1.821231
1126,1126009,23589,1.187819
1127,1127013,14675,0.738956
1128,1128009,12787,0.643886
1129,1129008,18724,0.942843
1130,1130015,30247,1.523081
1131,1131011,42826,2.156494
1132,1132015,51772,2.606967
1133,1133011,53533,2.695642
1134,1134008,47611,2.397441
1135,1135012,36152,1.820426
1136,1136008,23621,1.189430
1137,1137015,14643,0.737345
1138,1138012,12851,0.647109
1139,1139008,18756,0.944454
1140,1140012,30215,1.521469
1141,1141008,42682,2.149242
1142,1142012,51724,2.604550
1143,1143009,53597,2.698865
1144,1144013,47659,2.399858
1145,1145013,36184,1.822037
1146,1146010,23557,1.186207
1147,1147014,14691,0.739762
1148,1148010,12803,0.644692
1149,1149014,18788,0.946065
1150,1150011,30199,1.520664
1151,1151015,42938,2.162133
1152,1152011,51756,2.606162
1153,1153012,53597,2.698865
1154,1154009,47643,2.399052
1155,1155013,36152,1.820426
1156,1156010,23637,1.190236
1157,1157014,14643,0.737345
1158,1158010,12819,0.645498
1159,1159014,18852,0.949288
1160,1160010,30231,1.522275
1161,1161010,42794,2.154882
1162,1162014,51756,2.606162
1163,1163011,53565,2.697253
1164,1164015,47659,2.399858
1165,1165011,36200,1.822843
1166,1166015,23557,1.186207
1167,1167012,14675,0.738956
1168,1168008,12899,0.649526
1169,1169008,18724,0.942843
1170,1170012,30215,1.521469
1171,1171009,42826,2.156494
1172,1172013,51788,2.607773
1173,1173009,53437,2.690808
1174,1174013,47675,2.400664
1175,1175009,36232,1.824454
1176,1176013,23557,1.186207
1177,1177014,14643,0.737345
1178,1178011,12819,0.645498
1179,1179015,18788,0.946065
1180,1180011,30215,1.521469
1181,1181015,42874,2.158910
1182,1182011,51756,2.606162
1183,1183008,53613,2.699670
1184,1184012,47643,2.399052
1185,1185012,36168,1.821231
1186,1186010,23605,1.188624
1187,1187014,14659,0.738151
1188,1188010,12787,0.643886
1189,1189014,18772,0.945260
1190,1190010,30135,1.517441
1191,1191014,42842,2.157299
1192,1192011,51756,2.606162
1193,1193011,53533,2.695642
1194,1194009,47691,2.401470
1195,1195013,36184,1.822037
1196,1196009,23621,1.189430
1197,1197013,14627,0.736539
1198,1198010,12851,0.647109
1199,1199014,18804,0.946871
1200,1200010,30183,1.519858
1201,1201011,42858,2.158105
1202,1202009,51724,2.604550
1203,1203013,53533,2.695642
1204,1204009,47707,2.402275
1205,1205013,36152,1.820426
1206,1206009,23573,1.187013
1207,1207013,14691,0.739762
1208,1208010,12787,0.643886
1209,1209011,18756,0.944454
1210,1210011,30183,1.519858
1211,1211015,42938,2.162133
1212,1212011,51724,2.604550
1213,1213008,53613,2.699670
1214,1214012,47627,2.398247
1215,1215008,36264,1.826065
1216,1216012,23573,1.187013
1217,1217015,14643,0.737345
1218,1218013,12819,0.645498
1219,1219009,18724,0.942843
1220,1220013,30215,1.521469
1221,1221010,42810,2.155688
1222,1222014,51756,2.606162
1223,1223010,53549,2.696448
1224,1224014,47707,2.402275
1225,1225015,36280,1.826871
1226,1226012,23589,1.187819
1227,1227009,14659,0.738151
1228,1228013,12851,0.647109
1229,1229009,18708,0.942037
1230,1230013,30231,1.522275
1231,1231009,42810,2.155688
1232,1232013,51788,2.607773
1233,1233008,53533,2.695642
1234,1234013,47659,2.399858
1235,1235009,36264,1.826065
1236,1236013,23541,1.185402
1237,1237010,14675,0.738956
1238,1238014,12819,0.645498
1239,1239010,18724,0.942843
1240,1240014,30247,1.523081
1241,1241008,42746,2.152465
1242,1242013,51708,2.603744
1243,1243009,53645,2.701282
1244,1244013,47643,2.399052
1245,1245010,36184,1.822037
1246,1246014,23541,1.185402
1247,1247010,14691,0.739762
1248,1248014,12803,0.644692
1249,1249010,18548,0.933980
1250,1250014,30247,1.523081
1251,1251011,42890,2.159716
1252,1252015,51756,2.606162
1253,1253011,53533,2.695642
1254,1254015,47771,2.405498
1255,1255011,36184,1.822037
1256,1256008,23525,1.184596
1257,1257011,14659,0.738151
1258,1258015,12835,0.646303
1259,1259012,18740,0.943648
1260,1260008,30215,1.521469
1261,1261012,42810,2.155688
1262,1262008,51740,2.605356
1263,1263012,53549,2.696448
1264,1264009,47675,2.400664
1265,1265012,36232,1.824454
1266,1266009,23605,1.188624
1267,1267013,14659,0.738151
1268,1268010,12803,0.644692
1269,1269014,18772,0.945260
1270,1270010,30215,1.521469
1271,1271014,42858,2.158105
1272,1272010,51740,2.605356
1273,1273014,53629,2.700476
1274,1274011,47659,2.399858
1275,1275008,36248,1.825260
1276,1276012,23573,1.187013
1277,1277008,14691,0.739762
1278,1278012,12819,0.645498
1279,1279008,18772,0.945260
1280,1280012,30231,1.522275
1281,1281009,42826,2.156494
1282,1282014,51724,2.604550
1283,1283010,53629,2.700476
1284,1284014,47627,2.398247
1285,1285011,36248,1.825260
1286,1286015,23573,1.187013
1287,1287011,14675,0.738956
1288,1288015,12867,0.647915
1289,1289011,18740,0.943648
1290,1290011,30215,1.521469
1291,1291009,42826,2.156494
1292,1292013,51772,2.606967
1293,1293010,53613,2.699670
1294,1294014,47595,2.396635
1295,1295010,36248,1.825260
1296,1296014,23557,1.186207
1297,1297012,14643,0.737345
1298,1298009,12803,0.644692
1299,1299013,18788,0.946065
1300,1300009,30247,1.523081
1301,1301013,42890,2.159716
1302,1302009,51692,2.602939
1303,1303013,53645,2.701282
1304,1304010,47611,2.397441
1305,1305014,36136,1.819620
1306,1306012,23621,1.189430
1307,1307008,14659,0.738151
1308,1308012,12819,0.645498
1309,1309009,18724,0.942843
1310,1310013,30231,1.522275
1311,1311009,42810,2.155688
1312,1312013,51756,2.606162
1313,1313010,53533,2.695642
1314,1314015,47611,2.397441
1315,1315011,36216,1.823648
1316,1316008,23653,1.191041
1317,1317012,14675,0.738956
1318,1318008,12819,0.645498
1319,1319012,18756,0.944454
1320,1320009,30167,1.519052
1321,1321014,42826,2.156494
1322,1322013,51644,2.600522
1323,1323010,53581,2.698059
1324,1324014,47595,2.396635
1325,1325010,36232,1.824454
1326,1326014,23541,1.185402
1327,1327010,14659,0.738151
1328,1328014,12819,0.645498
1329,1329012,18740,0.943648
1330,1330010,30183,1.519858
1331,1331014,42906,2.160522
1332,1332010,51692,2.602939
1333,1333014,53597,2.698865
1334,1334011,47611,2.397441
1335,1335015,36152,1.820426
1336,1336011,23589,1.187819
1337,1337009,14643,0.737345
1338,1338014,12803,0.644692
1339,1339011,18724,0.942843
1340,1340015,30279,1.524692
1341,1341011,42810,2.155688
1342,1342015,51724,2.604550
1343,1343011,53629,2.700476
1344,1344008,47691,2.401470
1345,1345015,36168,1.821231
1346,1346013,23573,1.187013
1347,1347010,14675,0.738956
1348,1348013,12803,0.644692
1349,1349010,18724,0.942843
1350,1350014,30247,1.523081
1351,1351010,42874,2.158910
1352,1352014,51724,2.604550
1353,1353013,53565,2.697253
1354,1354011,47691,2.401470
1355,1355015,36120,1.818814
1356,1356011,23621,1.189430
1357,1357015,14643,0.737345
1358,1358011,12835,0.646303
1359,1359008,18708,0.942037
1360,1360012,30247,1.523081
1361,1361011,42794,2.154882
1362,1362009,51756,2.606162
1363,1363013,53645,2.701282
1364,1364009,47659,2.399858
1365,1365013,36152,1.820426
1366,1366009,23621,1.189430
1367,1367013,14659,0.738151
1368,1368010,12787,0.643886
1369,1369011,18820,0.947677
1370,1370009,30151,1.518247
1371,1371012,42858,2.158105
1372,1372009,51740,2.605356
1373,1373013,53549,2.696448
1374,1374009,47627,2.398247
1375,1375013,36152,1.820426
1376,1376009,23589,1.187819
1377,1377015,14643,0.737345
1378,1378012,12819,0.645498
1379,1379008,18740,0.943648
1380,1380012,30215,1.521469
1381,1381009,42810,2.155688
1382,1382013,51756,2.606162
1383,1383009,53517,2.694836
1384,1384013,47723,2.403081
1385,1385013,36184,1.822037
1386,1386010,23573,1.187013
1387,1387014,14659,0.738151
1388,1388011,12803,0.644692
1389,1389015,18788,0.946065
1390,1390011,30167,1.519052
1391,1391015,42906,2.160522
1392,1392011,51740,2.605356
1393,1393011,53565,2.697253
1394,1394008,47723,2.403081
1395,1395012,36200,1.822843
1396,1396008,23621,1.189430
1397,1397012,14675,0.738956
1398,1398009,12803,0.644692
1399,1399013,18676,0.940426
1400,1400009,30151,1.518247
1401,1401009,42810,2.155688
1402,1402014,51740,2.605356
1403,1403011,53533,2.695642
1404,1404015,47643,2.399052
1405,1405011,36168,1.821231
1406,1406008,23669,1.191847
1407,1407012,14675,0.738956
1408,1408008,12787,0.643886
1409,1409008,18740,0.943648
1410,1410013,30247,1.523081
1411,1411009,42794,2.154882
1412,1412013,51756,2.606162
1413,1413010,53549,2.696448
1414,1414014,47643,2.399052
1415,1415010,36264,1.826065
1416,1416014,23557,1.186207
1417,1417016,14643,0.737345
1418,1418013,12835,0.646303
1419,1419010,18708,0.942037
1420,1420014,30247,1.523081
1421,1421010,42810,2.155688
1422,1422014,51788,2.607773
1423,1423010,53581,2.698059
1424,1424014,47643,2.399052
1425,1425008,36264,1.826065
1426,1426013,23573,1.187013
1427,1427010,14691,0.739762
1428,1428014,12739,0.641469
1429,1429010,18724,0.942843
1430,1430014,30231,1.522275
1431,1431011,42826,2.156494
1432,1432015,51772,2.606967
1433,1433015,53549,2.696448
1434,1434012,47675,2.400664
1435,1435008,36264,1.826065
1436,1436012,23573,1.187013
1437,1437009,14659,0.738151
1438,1438013,12835,0.646303
1439,1439009,18724,0.942843
1440,1440013,30183,1.519858
1441,1441014,42858,2.158105
1442,1442013,51852,2.610996
1443,1443009,53597,2.698865
1444,1444013,47627,2.398247
1445,1445009,36200,1.822843
1446,1446013,23541,1.185402
1447,1447010,14723,0.741373
1448,1448014,12707,0.639858
1449,1449008,18804,0.946871
1450,1450014,30167,1.519052
1451,1451011,42778,2.154076
1452,1452015,51724,2.604550
1453,1453011,53581,2.698059
1454,1454015,47691,2.401470
1455,1455011,36248,1.825260
1456,1456008,23669,1.191847
1457,1457010,14707,0.740568
1458,1458008,12819,0.645498
1459,1459012,18756,0.944454
1460,1460009,30135,1.517441
1461,1461013,42858,2.158105
1462,1462009,51676,2.602133
1463,1463013,53597,2.698865
1464,1464009,47611,2.397441
1465,1465012,36152,1.820426
1466,1466011,23589,1.187819
1467,1467008,14723,0.741373
1468,1468012,12803,0.644692
1469,1469008,18708,0.942037
1470,1470012,30311,1.526303
1471,1471009,42794,2.154882
1472,1472013,51740,2.605356
1473,1473008,53405,2.689196
1474,1474014,47595,2.396635
1475,1475010,36008,1.813175
1476,1476014,23541,1.185402
1477,1477010,14675,0.738956
1478,1478014,12819,0.645498
1479,1479011,18756,0.944454
1480,1480015,30231,1.522275
1481,1481010,42826,2.156494
1482,1482009,51708,2.603744
1483,1483013,53581,2.698059
1484,1484009,47707,2.402275
1485,1485013,36184,1.822037
1486,1486010,23621,1.189430
1487,1487014,14675,0.738956
1488,1488010,12867,0.647915
1489,1489013,18756,0.944454
1490,1490011,30151,1.518247
1491,1491008,42826,2.156494
1492,1492012,51708,2.603744
1493,1493008,53421,2.690002
1494,1494012,47643,2.399052
1495,1495008,36264,1.826065
1496,1496012,23557,1.186207
1497,1497009,14659,0.738151
1498,1498013,12819,0.645498
1499,1499010,18804,0.946871
1500,1500014,30183,1.519858
1501,1501010,42746,2.152465
1502,1502014,51772,2.606967
1503,1503010,53613,2.699670
1504,1504014,47627,2.398247
1505,1505011,36168,1.821231
1506,1506009,23637,1.190236
1507,1507013,14803,0.745402
1508,1508009,12867,0.647915
1509,1509013,18788,0.946065
1510,1510009,30215,1.521469
1511,1511013,42826,2.156494
1512,1512010,51724,2.604550
1513,1513013,53581,2.698059
1514,1514012,47723,2.403081
1515,1515010,36184,1.822037
1516,1516014,23605,1.188624
1517,1517011,14675,0.738956
1518,1518015,12867,0.647915
1519,1519011,18772,0.945260
1520,1520015,30231,1.522275
1521,1521012,42794,2.154882
1522,1522008,51692,2.602939
1523,1523012,53549,2.696448
1524,1524009,47643,2.399052
1525,1525013,36120,1.818814
1526,1526009,23605,1.188624
1527,1527013,14723,0.741373
1528,1528009,12835,0.646303
1529,1529013,18772,0.945260
1530,1530010,30295,1.525498
1531,1531014,42842,2.157299
1532,1532010,51740,2.605356
1533,1533014,53549,2.696448
1534,1534010,47691,2.401470
1535,1535014,36136,1.819620
1536,1536011,23605,1.188624
1537,1537015,14643,0.737345
1538,1538012,12851,0.647109
1539,1539008,18740,0.943648
1540,1540012,30247,1.523081
1541,1541009,42730,2.151659
1542,1542013,51708,2.603744
1543,1543009,53565,2.697253
1544,1544013,47627,2.398247
1545,1545010,36248,1.825260
1546,1546014,23557,1.186207
1547,1547011,14691,0.739762
1548,1548015,12835,0.646303
1549,1549011,18772,0.945260
1550,1550015,30279,1.524692
1551,1551011,42858,2.158105
1552,1552008,51692,2.602939
1553,1553013,53549,2.696448
1554,1554012,47659,2.399858
1555,1555009,36216,1.823648
1556,1556013,23557,1.186207
1557,1557009,14675,0.738956
1558,1558013,12835,0.646303
1559,1559009,18740,0.943648
1560,1560013,30263,1.523886
1561,1561012,42826,2.156494
1562,1562008,51724,2.604550
1563,1563012,53533,2.695642
1564,1564008,47627,2.398247
1565,1565012,36168,1.821231
1566,1566009,23525,1.184596
1567,1567013,14675,0.738956
1568,1568009,12851,0.647109
1569,1569015,18772,0.945260
1570,1570013,30263,1.523886
1571,1571010,42826,2.156494
1572,1572014,51740,2.605356
1573,1573011,53549,2.696448
1574,1574015,47675,2.400664
1575,1575011,36232,1.824454
1576,1576015,23381,1.177345
1577,1577015,14675,0.738956
1578,1578014,12835,0.646303
1579,1579010,18756,0.944454
1580,1580014,30215,1.521469
1581,1581010,42826,2.156494
1582,1582014,51724,2.604550
1583,1583011,53581,2.698059
1584,1584015,47627,2.398247
1585,1585014,36056,1.815592
1586,1586013,23509,1.183790
1587,1587009,14643,0.737345
1588,1588013,12819,0.645498
1589,1589009,18756,0.944454
1590,1590013,30247,1.523081
1591,1591010,42794,2.154882
1592,1592014,51740,2.605356
1593,1593012,53549,2.696448
1594,1594011,47675,2.400664
1595,1595015,36168,1.821231
1596,1596011,23557,1.186207
1597,1597015,14643,0.737345
1598,1598011,12835,0.646303
1599,1599008,18724,0.942843
1600,1600012,30231,1.522275
1601,1601011,42826,2.156494
1602,1602009,51612,2.598910
1603,1603013,53533,2.695642
1604,1604009,47723,2.403081
1605,1605013,36152,1.820426
1606,1606010,23653,1.191041
1607,1607014,14675,0.738956
1608,1608010,12851,0.647109
1609,1609010,18708,0.942037
1610,1610015,30263,1.523886
1611,1611012,42810,2.155688
1612,1612008,51708,2.603744
1613,1613012,53597,2.698865
1614,1614008,47691,2.401470
1615,1615012,36136,1.819620
1616,1616009,23637,1.190236
1617,1617009,14675,0.738956
1618,1618014,12851,0.647109
1619,1619011,18708,0.942037
1620,1620015,30247,1.523081
1621,1621011,42746,2.152465
1622,1622015,51740,2.605356
1623,1623011,53629,2.700476
1624,1624008,47691,2.401470
1625,1625009,36248,1.825260
1626,1626014,23605,1.188624
1627,1627011,14707,0.740568
1628,1628008,12803,0.644692
1629,1629012,18756,0.944454
1630,1630008,30167,1.519052
1631,1631012,42762,2.153271
1632,1632009,51804,2.608578
1633,1633009,53549,2.696448
1634,1634008,47707,2.402275
1635,1635012,36184,1.822037
1636,1636009,23589,1.187819
1637,1637013,14675,0.738956
1638,1638009,12835,0.646303
1639,1639013,18788,0.946065
1640,1640009,30215,1.521469
1641,1641010,42778,2.154076
1642,1642014,51836,2.610190
1643,1643011,53565,2.697253
1644,1644015,47595,2.396635
1645,1645011,36264,1.826065
1646,1646015,23557,1.186207
1647,1647011,14691,0.739762
1648,1648008,12787,0.643886
1649,1649010,18724,0.942843
1650,1650009,30167,1.519052
1651,1651013,42810,2.155688
1652,1652009,51708,2.603744
1653,1653013,53581,2.698059
1654,1654009,47643,2.399052
1655,1655013,36248,1.825260
1656,1656010,23605,1.188624
1657,1657011,14675,0.738956
1658,1658015,12835,0.646303
1659,1659011,18692,0.941231
1660,1660008,30183,1.519858
1661,1661012,42810,2.155688
1662,1662008,51724,2.604550
1663,1663012,53597,2.698865
1664,1664009,47627,2.398247
1665,1665011,36184,1.822037
1666,1666015,23589,1.187819
1667,1667011,14707,0.740568
1668,1668015,12803,0.644692
1669,1669011,18772,0.945260
1670,1670008,30167,1.519052
1671,1671012,42858,2.158105
1672,1672008,51772,2.606967
1673,1673010,53581,2.698059
1674,1674009,47643,2.399052
1675,1675013,36200,1.822843
1676,1676009,23653,1.191041
1677,1677013,14675,0.738956
1678,1678010,12819,0.645498
1679,1679014,18788,0.946065
1680,1680010,30279,1.524692
1681,1681012,42794,2.154882
1682,1682010,51740,2.605356
1683,1683014,53581,2.698059
1684,1684011,47643,2.399052
1685,1685015,36120,1.818814
1686,1686011,23669,1.191847
1687,1687015,14659,0.738151
1688,1688011,12819,0.645498
1689,1689014,18756,0.944454
1690,1690012,30279,1.524692
1691,1691009,42762,2.153271
1692,1692013,51740,2.605356
1693,1693009,53533,2.695642
1694,1694013,47691,2.401470
1695,1695009,36232,1.824454
1696,1696013,23557,1.186207
1697,1697015,14675,0.738956
1698,1698013,12819,0.645498
1699,1699009,18772,0.945260
1700,1700013,30231,1.522275
1701,1701010,42810,2.155688
1702,1702014,51708,2.603744
1703,1703010,53629,2.700476
1704,1704014,47627,2.398247
1705,1705010,36232,1.824454
1706,1706015,23557,1.186207
1707,1707011,14707,0.740568
1708,1708015,12819,0.645498
1709,1709011,18740,0.943648
1710,1710008,30167,1.519052
1711,1711012,42842,2.157299
1712,1712008,51708,2.603744
1713,1713012,53533,2.695642
1714,1714009,47691,2.401470
1715,1715013,36184,1.822037
1716,1716010,23621,1.189430
1717,1717014,14675,0.738956
1718,1718010,12819,0.645498
1719,1719014,18788,0.946065
1720,1720010,30167,1.519052
1721,1721014,42826,2.156494
1722,1722011,51772,2.606967
1723,1723008,53597,2.698865
1724,1724012,47627,2.398247
1725,1725008,36216,1.823648
1726,1726012,23589,1.187819
1727,1727008,14707,0.740568
1728,1728012,12819,0.645498
1729,1729008,18708,0.942037
1730,1730013,30247,1.523081
1731,1731010,42778,2.154076
1732,1732014,51756,2.606162
1733,1733010,53565,2.697253
1734,1734014,47691,2.401470
1735,1735011,36232,1.824454
1736,1736015,23557,1.186207
1737,1737011,14659,0.738151
1738,1738008,12835,0.646303
1739,1739012,18788,0.946065
1740,1740009,30279,1.524692
1741,1741013,42858,2.158105
1742,1742009,51708,2.603744
1743,1743013,53645,2.701282
1744,1744009,47643,2.399052
1745,1745013,36152,1.820426
1746,1746011,23637,1.190236
1747,1747015,14659,0.738151
1748,1748012,12787,0.643886
1749,1749008,18692,0.941231
1750,1750012,30199,1.520664
1751,1751008,42778,2.154076
1752,1752012,51740,2.605356
1753,1753010,53549,2.696448
1754,1754008,47659,2.399858
1755,1755012,36200,1.822843
1756,1756009,23573,1.187013
1757,1757013,14643,0.737345
1758,1758009,12835,0.646303
1759,1759013,18772,0.945260
1760,1760009,30199,1.520664
1761,1761014,42794,2.154882
1762,1762011,51756,2.606162
1763,1763015,53581,2.698059
1764,1764011,47627,2.398247
1765,1765008,36248,1.825260
1766,1766012,23557,1.186207
1767,1767008,14691,0.739762
1768,1768012,12835,0.646303
1769,1769010,18740,0.943648
1770,1770008,30167,1.519052
1771,1771012,42842,2.157299
1772,1772008,51756,2.606162
1773,1773012,53565,2.697253
1774,1774009,47723,2.403081
1775,1775013,36184,1.822037
1776,1776009,23621,1.189430
1777,1777015,14595,0.734928
1778,1778011,12835,0.646303
1779,1779008,18724,0.942843
1780,1780012,30215,1.521469
1781,1781008,42810,2.155688
1782,1782012,51772,2.606967
1783,1783009,53549,2.696448
1784,1784013,47659,2.399858
1785,1785010,36200,1.822843
1786,1786014,23557,1.186207
1787,1787011,14707,0.740568
1788,1788015,12835,0.646303
1789,1789011,18756,0.944454
1790,1790015,30247,1.523081
1791,1791011,42810,2.155688
1792,1792008,51756,2.606162
1793,1793013,53533,2.695642
1794,1794011,47691,2.401470
1795,1795015,36168,1.821231
1796,1796011,23589,1.187819
1797,1797015,14659,0.738151
1798,1798011,12803,0.644692
1799,1799008,18692,0.941231
1800,1800012,30199,1.520664
1801,1801010,42778,2.154076
1802,1802008,51724,2.604550
1803,1803012,53629,2.700476
1804,1804008,47691,2.401470
1805,1805012,36200,1.822843
1806,1806009,23605,1.188624
1807,1807013,14675,0.738956
1808,1808009,12803,0.644692
1809,1809014,18772,0.945260
1810,1810011,30215,1.521469
1811,1811015,42826,2.156494
1812,1812011,51692,2.602939
1813,1813008,53581,2.698059
1814,1814012,47611,2.397441
1815,1815008,36248,1.825260
1816,1816012,23557,1.186207
1817,1817011,14675,0.738956
1818,1818008,12835,0.646303
1819,1819012,18788,0.946065
1820,1820009,30215,1.521469
1821,1821013,42794,2.154882
1822,1822009,51708,2.603744
1823,1823013,53565,2.697253
1824,1824009,47691,2.401470
1825,1825008,36264,1.826065
1826,1826013,23557,1.186207
1827,1827009,14675,0.738956
1828,1828013,12803,0.644692
1829,1829010,18724,0.942843
1830,1830014,30247,1.523081
1831,1831010,42810,2.155688
1832,1832014,51756,2.606162
1833,1833013,53677,2.702893
1834,1834012,47691,2.401470
1835,1835008,36312,1.828482
1836,1836012,23605,1.188624
1837,1837009,14723,0.741373
1838,1838013,12819,0.645498
1839,1839009,18756,0.944454
1840,1840013,30215,1.521469
1841,1841014,42842,2.157299
1842,1842012,51756,2.606162
1843,1843009,53565,2.697253
1844,1844012,47643,2.399052
1845,1845009,36248,1.825260
1846,1846013,23605,1.188624
1847,1847009,14707,0.740568
1848,1848013,12835,0.646303
1849,1849013,18756,0.944454
1850,1850011,30215,1.521469
1851,1851008,42762,2.153271
1852,1852012,51788,2.607773
1853,1853008,53581,2.698059
1854,1854012,47707,2.402275
1855,1855009,36232,1.824454
1856,1856013,23557,1.186207
1857,1857012,14675,0.738956
1858,1858011,12851,0.647109
1859,1859015,18788,0.946065
1860,1860011,30183,1.519858
1861,1861015,42890,2.159716
1862,1862011,51676,2.602133
1863,1863008,53581,2.698059
1864,1864012,47723,2.403081
1865,1865012,36184,1.822037
1866,1866010,23573,1.187013
1867,1867014,14691,0.739762
1868,1868010,12835,0.646303
1869,1869014,18788,0.946065
1870,1870011,30215,1.521469
1871,1871015,42778,2.154076
1872,1872011,51740,2.605356
1873,1873012,53597,2.698865
1874,1874009,47707,2.402275
1875,1875012,36216,1.823648
1876,1876009,23589,1.187819
1877,1877013,14659,0.738151
1878,1878009,12819,0.645498
1879,1879013,18836,0.948482
1880,1880010,30167,1.519052
1881,1881011,42762,2.153271
1882,1882009,51612,2.598910
1883,1883014,53533,2.695642
1884,1884010,47675,2.400664
1885,1885014,36136,1.819620
1886,1886010,23685,1.192653
1887,1887014,14643,0.737345
1888,1888011,12803,0.644692
1889,1889013,18740,0.943648
1890,1890010,30167,1.519052
1891,1891014,42890,2.159716
1892,1892011,51756,2.606162
1893,1893015,53549,2.696448
1894,1894011,47643,2.399052
1895,1895008,36344,1.830094
1896,1896012,23573,1.187013
1897,1897014,14659,0.738151
1898,1898012,12755,0.642275
1899,1899009,18708,0.942037
1900,1900013,30215,1.521469
1901,1901009,42826,2.156494
1902,1902013,51756,2.606162
1903,1903009,53629,2.700476
1904,1904013,47627,2.398247
1905,1905008,36248,1.825260
1906,1906013,23573,1.187013
1907,1907010,14691,0.739762
1908,1908014,12803,0.644692
1909,1909010,18772,0.945260
1910,1910014,30247,1.523081
1911,1911010,42810,2.155688
1912,1912014,51692,2.602939
1913,1913009,53597,2.698865
1914,1914014,47643,2.399052
1915,1915011,36264,1.826065
1916,1916015,23525,1.184596
1917,1917011,14739,0.742179
1918,1918015,12851,0.647109
1919,1919011,18740,0.943648
1920,1920008,30167,1.519052
1921,1921011,42826,2.156494
1922,1922009,51692,2.602939
1923,1923013,53597,2.698865
1924,1924009,47611,2.397441
1925,1925013,36200,1.822843
1926,1926009,23653,1.191041
1927,1927013,14691,0.739762
1928,1928010,12835,0.646303
1929,1929012,18724,0.942843
1930,1930010,30215,1.521469
1931,1931014,42810,2.155688
1932,1932010,51724,2.604550
1933,1933014,53533,2.695642
1934,1934011,47627,2.398247
1935,1935015,36216,1.823648
1936,1936011,23541,1.185402
1937,1937014,14675,0.738956
1938,1938012,12835,0.646303
1939,1939008,18772,0.945260
1940,1940012,30199,1.520664
1941,1941009,42714,2.150854
1942,1942013,51772,2.606967
1943,1943009,53549,2.696448
1944,1944013,47611,2.397441
1945,1945008,36264,1.826065
1946,1946013,23621,1.189430
1947,1947009,14739,0.742179
1948,1948013,12787,0.643886
1949,1949010,18708,0.942037
1950,1950014,30183,1.519858
1951,1951010,42794,2.154882
1952,1952014,51756,2.606162
1953,1953011,53597,2.698865
1954,1954008,47691,2.401470
1955,1955012,36168,1.821231
1956,1956009,23621,1.189430
1957,1957013,14675,0.738956
1958,1958009,12819,0.645498
1959,1959013,18756,0.944454
1960,1960009,30199,1.520664
1961,1961013,42826,2.156494
1962,1962010,51692,2.602939
1963,1963014,53517,2.694836
1964,1964010,47611,2.397441
1965,1965014,36200,1.822843
1966,1966011,23621,1.189430
1967,1967015,14675,0.738956
1968,1968011,12787,0.643886
1969,1969015,18772,0.945260
1970,1970014,30247,1.523081
1971,1971011,42826,2.156494
1972,1972015,51756,2.606162
1973,1973011,53549,2.696448
1974,1974015,47579,2.395830
1975,1975011,36248,1.825260
1976,1976008,23621,1.189430
1977,1977011,14691,0.739762
1978,1978010,12835,0.646303
1979,1979015,18804,0.946871
1980,1980011,30199,1.520664
1981,1981015,42810,2.155688
1982,1982011,51788,2.607773
1983,1983008,53549,2.696448
1984,1984012,47643,2.399052
1985,1985009,36232,1.824454
1986,1986009,23605,1.188624
1987,1987013,14691,0.739762
1988,1988009,12819,0.645498
1989,1989013,18756,0.944454
1990,1990009,30167,1.519052
1991,1991013,42778,2.154076
1992,1992010,51692,2.602939
1993,1993014,53549,2.696448
1994,1994011,47723,2.403081
1995,1995008,36232,1.824454
1996,1996012,23573,1.187013
1997,1997008,14675,0.738956
1998,1998012,12851,0.647109
1999,1999009,18772,0.945260
2000,2000013,30215,1.521469
2001,2001009,42794,2.154882
2002,2002014,51772,2.606967
2003,2003010,53565,2.697253
2004,2004014,47643,2.399052
2005,2005011,36232,1.824454
2006,2006015,23589,1.187819
2007,2007011,14739,0.742179
2008,2008015,12835,0.646303
2009,2009013,18820,0.947677
2010,2010012,30199,1.520664
2011,2011009,42810,2.155688
2012,2012013,51724,2.604550
2013,2013009,53565,2.697253
2014,2014013,47643,2.399052
2015,2015009,36264,1.826065
2016,2016013,23653,1.191041
2017,2017012,14739,0.742179
2018,2018010,12851,0.647109
2019,2019015,18788,0.946065
2020,2020011,30183,1.519858
2021,2021015,42858,2.158105
2022,2022011,51724,2.604550
2023,2023008,53565,2.697253
2024,2024012,47643,2.399052
2025,2025010,36200,1.822843
2026,2026008,23621,1.189430
2027,2027012,14691,0.739762
2028,2028009,12803,0.644692
2029,2029013,18756,0.944454
2030,2030009,30183,1.519858
2031,2031013,42858,2.158105
2032,2032009,51740,2.605356
2033,2033015,53597,2.698865
2034,2034012,47627,2.398247
2035,2035008,36264,1.826065
2036,2036012,23573,1.187013
2037,2037009,14675,0.738956
2038,2038013,12915,0.650332
2039,2039009,18740,0.943648
2040,2040013,30199,1.520664
2041,2041012,42842,2.157299
2042,2042012,51756,2.606162
2043,2043009,53597,2.698865
2044,2044013,47643,2.399052
2045,2045009,36232,1.824454
2046,2046013,23621,1.189430
2047,2047010,14691,0.739762
2048,2048014,12883,0.648720
2049,2049013,18772,0.945260
2050,2050012,30183,1.519858
2051,2051008,42714,2.150854
2052,2052012,51692,2.602939
2053,2053008,53517,2.694836
2054,2054012,47659,2.399858
2055,2055009,36168,1.821231
2056,2056013,23557,1.186207
2057,2057013,14659,0.738151
2058,2058012,12803,0.644692
2059,2059009,18660,0.939620
2060,2060013,30231,1.522275
2061,2061009,42762,2.153271
2062,2062013,51804,2.608578
2063,2063009,53597,2.698865
2064,2064013,47643,2.399052
2065,2065013,36168,1.821231
2066,2066010,23621,1.189430
2067,2067014,14675,0.738956
2068,2068010,12819,0.645498
2069,2069014,18772,0.945260
2070,2070010,30199,1.520664
2071,2071014,42842,2.157299
2072,2072011,51756,2.606162
2073,2073011,53533,2.695642
2074,2074009,47707,2.402275
2075,2075012,36264,1.826065
2076,2076009,23701,1.193458
2077,2077013,14691,0.739762
2078,2078009,12835,0.646303
2079,2079013,18740,0.943648
2080,2080010,30167,1.519052
2081,2081009,42746,2.152465
2082,2082013,51660,2.601328
2083,2083010,53597,2.698865
2084,2084014,47627,2.398247
2085,2085010,36264,1.826065
2086,2086014,23557,1.186207
2087,2087010,14675,0.738956
2088,2088014,12819,0.645498
2089,2089015,18772,0.945260
2090,2090013,30231,1.522275
2091,2091009,42810,2.155688
2092,2092013,51772,2.606967
2093,2093009,53661,2.702087
2094,2094013,47707,2.402275
2095,2095010,36232,1.824454
2096,2096014,23573,1.187013
2097,2097014,14643,0.737345
2098,2098011,12787,0.643886
2099,2099015,18772,0.945260
2100,2100011,30247,1.523081
2101,2101015,42842,2.157299
2102,2102011,51644,2.600522
2103,2103008,53597,2.698865
2104,2104012,47691,2.401470
2105,2105013,36184,1.822037
2106,2106010,23621,1.189430
2107,2107014,14675,0.738956
2108,2108010,12787,0.643886
2109,2109014,18788,0.946065
2110,2110011,30151,1.518247
2111,2111015,42826,2.156494
2112,2112011,51756,2.606162
2113,2113012,53581,2.698059
2114,2114011,47787,2.406304
2115,2115015,36200,1.822843
2116,2116011,23557,1.186207
2117,2117015,14611,0.735734
2118,2118011,12819,0.645498
2119,2119008,18756,0.944454
2120,2120012,30199,1.520664
2121,2121012,42810,2.155688
2122,2122009,51756,2.606162
2123,2123013,53565,2.697253
2124,2124009,47707,2.402275
2125,2125013,36152,1.820426
2126,2126009,23637,1.190236
2127,2127013,14723,0.741373
2128,2128010,12803,0.644692
2129,2129012,18772,0.945260
2130,2130009,30167,1.519052
2131,2131013,42794,2.154882
2132,2132010,51788,2.607773
2133,2133014,53485,2.693225
2134,2134010,47707,2.402275
2135,2135014,36168,1.821231
2136,2136011,23621,1.189430
2137,2137012,14659,0.738151
2138,2138010,12835,0.646303
2139,2139014,18820,0.947677
2140,2140011,30231,1.522275
2141,2141015,42842,2.157299
2142,2142011,51708,2.603744
2143,2143015,53565,2.697253
2144,2144011,47659,2.399858
2145,2145013,36168,1.821231
2146,2146011,23621,1.189430
2147,2147014,14675,0.738956
2148,2148011,12803,0.644692
2149,2149015,18788,0.946065
2150,2150011,30199,1.520664
2151,2151015,42826,2.156494
2152,2152011,51724,2.604550
2153,2153015,53549,2.696448
2154,2154013,47691,2.401470
2155,2155010,36248,1.825260
2156,2156014,23541,1.185402
2157,2157010,14643,0.737345
2158,2158014,12867,0.647915
2159,2159011,18756,0.944454
2160,2160015,30231,1.522275
2161,2161009,42810,2.155688
2162,2162014,51772,2.606967
2163,2163011,53581,2.698059
2164,2164015,47595,2.396635
2165,2165011,36216,1.823648
2166,2166015,23589,1.187819
2167,2167011,14675,0.738956
2168,2168008,12787,0.643886
2169,2169010,18724,0.942843
2170,2170015,30215,1.521469
2171,2171011,42826,2.156494
2172,2172015,51676,2.602133
2173,2173011,53581,2.698059
2174,2174008,47659,2.399858
2175,2175012,36264,1.826065
2176,2176008,23605,1.188624
2177,2177012,14643,0.737345
2178,2178009,12835,0.646303
2179,2179013,18820,0.947677
2180,2180009,30135,1.517441
2181,2181013,42842,2.157299
2182,2182010,51756,2.606162
2183,2183014,53549,2.696448
2184,2184010,47659,2.399858
2185,2185013,36152,1.820426
2186,2186011,23589,1.187819
2187,2187008,14723,0.741373
2188,2188012,12803,0.644692
2189,2189008,18708,0.942037
2190,2190012,30215,1.521469
2191,2191008,42810,2.155688
2192,2192012,51740,2.605356
2193,2193009,53533,2.695642
2194,2194013,47675,2.400664
2195,2195009,36200,1.822843
2196,2196013,23573,1.187013
2197,2197010,14643,0.737345
2198,2198014,12851,0.647109
2199,2199010,18756,0.944454
2200,2200014,30199,1.520664
2201,2201011,42842,2.157299
2202,2202009,51724,2.604550
2203,2203013,53549,2.696448
2204,2204009,47643,2.399052
2205,2205013,36168,1.821231
2206,2206010,23621,1.189430
2207,2207014,14675,0.738956
2208,2208010,12803,0.644692
2209,2209015,18788,0.946065
2210,2210013,30151,1.518247
2211,2211009,42810,2.155688
2212,2212013,51772,2.606967
2213,2213009,53565,2.697253
2214,2214013,47707,2.402275
2215,2215010,36264,1.826065
2216,2216014,23557,1.186207
2217,2217010,14643,0.737345
2218,2218010,12819,0.645498
2219,2219014,18756,0.944454
2220,2220010,30183,1.519858
2221,2221014,42858,2.158105
2222,2222011,51708,2.603744
2223,2223015,53645,2.701282
2224,2224011,47675,2.400664
2225,2225009,36264,1.826065
2226,2226014,23525,1.184596
2227,2227011,14675,0.738956
2228,2228015,12787,0.643886
2229,2229011,18740,0.943648
2230,2230015,30215,1.521469
2231,2231011,42794,2.154882
2232,2232008,51740,2.605356
2233,2233013,53517,2.694836
2234,2234011,47835,2.408720
2235,2235015,36200,1.822843
2236,2236011,23605,1.188624
2237,2237015,14675,0.738956
2238,2238011,12819,0.645498
2239,2239008,18724,0.942843
2240,2240012,30183,1.519858
2241,2241010,42858,2.158105
2242,2242008,51772,2.606967
2243,2243012,53549,2.696448
2244,2244008,47691,2.401470
2245,2245012,36248,1.825260
2246,2246008,23749,1.195875
2247,2247012,14691,0.739762
2248,2248009,12851,0.647109
2249,2249016,18740,0.943648
2250,2250014,30199,1.520664
2251,2251011,42842,2.157299
2252,2252014,51788,2.607773
2253,2253011,53517,2.694836
2254,2254015,47675,2.400664
2255,2255011,36216,1.823648
2256,2256008,23605,1.188624
2257,2257014,14643,0.737345
2258,2258012,12819,0.645498
2259,2259009,18772,0.945260
2260,2260013,30247,1.523081
2261,2261009,42810,2.155688
2262,2262013,51772,2.606967
2263,2263010,53549,2.696448
2264,2264014,47627,2.398247
2265,2265012,36184,1.822037
2266,2266009,23605,1.188624
2267,2267013,14675,0.738956
2268,2268009,12787,0.643886
2269,2269013,18756,0.944454
2270,2270009,30247,1.523081
2271,2271013,42874,2.158910
2272,2272010,51676,2.602133
2273,2273010,53533,2.695642
2274,2274010,47675,2.400664
2275,2275014,36200,1.822843
2276,2276010,23621,1.189430
2277,2277014,14659,0.738151
2278,2278011,12819,0.645498
2279,2279015,18788,0.946065
2280,2280011,30167,1.519052
2281,2281011,42778,2.154076
2282,2282009,51724,2.604550
2283,2283012,53549,2.696448
2284,2284009,47723,2.403081
2285,2285013,36200,1.822843
2286,2286009,23589,1.187819
2287,2287013,14739,0.742179
2288,2288010,12803,0.644692
2289,2289009,18740,0.943648
2290,2290014,30231,1.522275
2291,2291010,42826,2.156494
2292,2292014,51756,2.606162
2293,2293010,53629,2.700476
2294,2294014,47675,2.400664
2295,2295011,36232,1.824454
2296,2296015,23573,1.187013
2297,2297014,14771,0.743790
2298,2298011,12867,0.647915
2299,2299015,18804,0.946871
2300,2300011,30183,1.519858
2301,2301015,42890,2.159716
2302,2302011,51724,2.604550
2303,2303008,53565,2.697253
2304,2304012,47643,2.399052
2305,2305012,36248,1.825260
2306,2306010,23637,1.190236
2307,2307014,14691,0.739762
2308,2308010,12851,0.647109
2309,2309014,18724,0.942843
2310,2310011,30263,1.523886
2311,2311015,42826,2.156494
2312,2312011,51772,2.606967
2313,2313012,53549,2.696448
2314,2314010,47691,2.401470
2315,2315014,36184,1.822037
2316,2316010,23573,1.187013
2317,2317014,14675,0.738956
2318,2318010,12787,0.643886
2319,2319014,18804,0.946871
2320,2320011,30199,1.520664
2321,2321013,42810,2.155688
2322,2322010,51756,2.606162
2323,2323014,53533,2.695642
2324,2324010,47627,2.398247
2325,2325014,36216,1.823648
2326,2326011,23653,1.191041
2327,2327015,14643,0.737345
2328,2328011,12883,0.648720
2329,2329012,18740,0.943648
2330,2330009,30167,1.519052
2331,2331013,42858,2.158105
2332,2332009,51660,2.601328
2333,2333013,53565,2.697253
2334,2334010,47675,2.400664
2335,2335014,36248,1.825260
2336,2336010,23605,1.188624
2337,2337012,14675,0.738956
2338,2338009,12835,0.646303
2339,2339013,18740,0.943648
2340,2340009,30183,1.519858
2341,2341013,42842,2.157299
2342,2342009,51692,2.602939
2343,2343013,53581,2.698059
2344,2344010,47627,2.398247
2345,2345011,36216,1.823648
2346,2346009,23637,1.190236
2347,2347013,14707,0.740568
2348,2348009,12803,0.644692
2349,2349013,18692,0.941231
2350,2350010,30199,1.520664
2351,2351014,42842,2.157299
2352,2352010,51708,2.603744
2353,2353012,53597,2.698865
2354,2354011,47723,2.403081
2355,2355008,36296,1.827677
2356,2356012,23573,1.187013
2357,2357008,14675,0.738956
2358,2358012,12835,0.646303
2359,2359008,18692,0.941231
2360,2360012,30135,1.517441
2361,2361014,42826,2.156494
2362,2362011,51756,2.606162
2363,2363015,53517,2.694836
2364,2364011,47643,2.399052
2365,2365008,36248,1.825260
2366,2366012,23605,1.188624
2367,2367008,14707,0.740568
2368,2368012,12835,0.646303
2369,2369014,18756,0.944454
2370,2370011,30215,1.521469
2371,2371015,42842,2.157299
2372,2372011,51724,2.604550
2373,2373008,53549,2.696448
2374,2374012,47723,2.403081
2375,2375008,36264,1.826065
2376,2376012,23573,1.187013
2377,2377014,14675,0.738956
2378,2378011,12819,0.645498
2379,2379015,18756,0.944454
2380,2380011,30183,1.519858
2381,2381015,42890,2.159716
2382,2382011,51724,2.604550
2383,2383008,53581,2.698059
2384,2384012,47611,2.397441
2385,2385014,36232,1.824454
2386,2386012,23573,1.187013
2387,2387009,14739,0.742179
2388,2388012,12803,0.644692
2389,2389009,18724,0.942843
2390,2390013,30167,1.519052
2391,2391009,42762,2.153271
2392,2392013,51772,2.606967
2393,2393009,53469,2.692419
2394,2394015,47595,2.396635
2395,2395011,36232,1.824454
2396,2396008,23637,1.190236
2397,2397012,14707,0.740568
2398,2398008,12835,0.646303
2399,2399012,18788,0.946065
2400,2400008,30199,1.520664
2401,2401012,42826,2.156494
2402,2402010,51724,2.604550
2403,2403013,53565,2.697253
2404,2404010,47691,2.401470
2405,2405014,36184,1.822037
2406,2406010,23589,1.187819
2407,2407014,14675,0.738956
2408,2408010,12851,0.647109
2409,2409014,18788,0.946065
2410,2410012,30231,1.522275
2411,2411008,42778,2.154076
2412,2412012,51660,2.601328
2413,2413009,53581,2.698059
2414,2414013,47643,2.399052
2415,2415009,36264,1.826065
2416,2416013,23541,1.185402
2417,2417010,14675,0.738956
2418,2418015,12835,0.646303
2419,2419011,18692,0.941231
2420,2420008,30135,1.517441
2421,2421012,42778,2.154076
2422,2422008,51724,2.604550
2423,2423012,53565,2.697253
2424,2424008,47691,2.401470
2425,2425013,36184,1.822037
2426,2426010,23605,1.188624
2427,2427014,14675,0.738956
2428,2428011,12819,0.645498
2429,2429015,18772,0.945260
2430,2430011,30183,1.519858
2431,2431015,42842,2.157299
2432,2432011,51756,2.606162
2433,2433009,53533,2.695642
2434,2434014,47691,2.401470
2435,2435010,36264,1.826065
2436,2436014,23525,1.184596
2437,2437011,14675,0.738956
2438,2438015,12835,0.646303
2439,2439011,18724,0.942843
2440,2440015,30263,1.523886
2441,2441012,42826,2.156494
2442,2442010,51596,2.598105
2443,2443014,53581,2.698059
2444,2444010,47611,2.397441
2445,2445014,36232,1.824454
2446,2446011,23605,1.188624
2447,2447015,14643,0.737345
2448,2448011,12819,0.645498
2449,2449008,18660,0.939620
2450,2450013,30151,1.518247
2451,2451010,42810,2.155688
2452,2452013,51740,2.605356
2453,2453010,53565,2.697253
2454,2454014,47643,2.399052
2455,2455010,36296,1.827677
2456,2456014,23589,1.187819
2457,2457013,14771,0.743790
2458,2458011,12835,0.646303
2459,2459008,18740,0.943648
2460,2460012,30151,1.518247
2461,2461008,42746,2.152465
2462,2462012,51820,2.609384
2463,2463009,53645,2.701282
2464,2464013,47563,2.395024
2465,2465011,36232,1.824454
2466,2466009,23637,1.190236
2467,2467013,14675,0.738956
2468,2468009,12803,0.644692
2469,2469013,18740,0.943648
2470,2470010,30167,1.519052
2471,2471014,42858,2.158105
2472,2472010,51692,2.602939
2473,2473009,53581,2.698059
2474,2474013,47659,2.399858
2475,2475009,36280,1.826871
2476,2476013,23637,1.190236
2477,2477010,14675,0.738956
2478,2478014,12835,0.646303
2479,2479010,18724,0.942843
2480,2480014,30199,1.520664
2481,2481012,42826,2.156494
2482,2482011,51724,2.604550
2483,2483008,53629,2.700476
2484,2484012,47675,2.400664
2485,2485008,36296,1.827677
2486,2486012,23589,1.187819
2487,2487008,14707,0.740568
2488,2488012,12835,0.646303
2489,2489012,18788,0.946065
2490,2490012,30215,1.521469
2491,2491010,42730,2.151659
2492,2492014,51628,2.599716
2493,2493011,53533,2.695642
2494,2494015,47643,2.399052
2495,2495011,36184,1.822037
2496,2496015,23557,1.186207
2497,2497015,14691,0.739762
2498,2498011,12819,0.645498
2499,2499008,18692,0.941231
2500,2500012,30215,1.521469
2501,2501008,42810,2.155688
2502,2502012,51756,2.606162
2503,2503008,53613,2.699670
2504,2504012,47643,2.399052
2505,2505012,36232,1.824454
2506,2506010,23573,1.187013
2507,2507014,14691,0.739762
2508,2508010,12771,0.643081
2509,2509014,18724,0.942843
2510,2510011,30167,1.519052
2511,2511015,42842,2.157299
2512,2512011,51708,2.603744
2513,2513011,53581,2.698059
2514,2514008,47691,2.401470
2515,2515012,36280,1.826871
2516,2516008,23653,1.191041
2517,2517012,14691,0.739762
2518,2518009,12803,0.644692
2519,2519013,18820,0.947677
2520,2520009,30151,1.518247
2521,2521009,42826,2.156494
2522,2522015,51756,2.606162
2523,2523011,53533,2.695642
2524,2524008,47643,2.399052
2525,2525012,36248,1.825260
2526,2526008,23653,1.191041
2527,2527012,14675,0.738956
2528,2528009,12771,0.643081
2529,2529009,18708,0.942037
2530,2530015,30215,1.521469
2531,2531013,42826,2.156494
2532,2532009,51596,2.598105
2533,2533013,53549,2.696448
2534,2534009,47707,2.402275
2535,2535013,36136,1.819620
2536,2536010,23605,1.188624
2537,2537009,14707,0.740568
2538,2538014,12867,0.647915
2539,2539011,18708,0.942037
2540,2540015,30327,1.527109
2541,2541011,42778,2.154076
2542,2542008,51740,2.605356
2543,2543012,53565,2.697253
2544,2544008,47691,2.401470
2545,2545009,36280,1.826871
2546,2546015,23589,1.187819
2547,2547011,14659,0.738151
2548,2548008,12787,0.643886
2549,2549012,18676,0.940426
2550,2550008,30135,1.517441
2551,2551012,42842,2.157299
2552,2552009,51724,2.604550
2553,2553009,53485,2.693225
2554,2554014,47643,2.399052
2555,2555011,36200,1.822843
2556,2556015,23557,1.186207
2557,2557011,14659,0.738151
2558,2558008,12867,0.647915
2559,2559012,18644,0.938814
2560,2560008,30119,1.516635
2561,2561010,42826,2.156494
2562,2562008,51628,2.599716
2563,2563012,53613,2.699670
2564,2564008,47723,2.403081
2565,2565012,36232,1.824454
2566,2566009,23621,1.189430
2567,2567013,14675,0.738956
2568,2568009,12819,0.645498
2569,2569011,18756,0.944454
2570,2570009,30135,1.517441
2571,2571013,42666,2.148436
2572,2572009,51756,2.606162
2573,2573013,53533,2.695642
2574,2574010,47707,2.402275
2575,2575014,36184,1.822037
2576,2576010,23621,1.189430
2577,2577011,14691,0.739762
2578,2578008,12835,0.646303
2579,2579012,18724,0.942843
2580,2580008,30167,1.519052
2581,2581012,42810,2.155688
2582,2582009,51740,2.605356
2583,2583013,53581,2.698059
2584,2584009,47659,2.399858
2585,2585011,36216,1.823648
2586,2586009,23637,1.190236
2587,2587014,14675,0.738956
2588,2588010,12787,0.643886
2589,2589014,18788,0.946065
2590,2590010,30135,1.517441
2591,2591014,42842,2.157299
2592,2592011,51756,2.606162
2593,2593014,53597,2.698865
2594,2594011,47643,2.399052
2595,2595015,36200,1.822843
2596,2596011,23653,1.191041
2597,2597008,14739,0.742179
2598,2598012,12835,0.646303
2599,2599008,18660,0.939620
2600,2600012,30295,1.525498
2601,2601014,42890,2.159716
2602,2602011,51724,2.604550
2603,2603015,53581,2.698059
2604,2604011,47691,2.401470
2605,2605008,36264,1.826065
2606,2606012,23621,1.189430
2607,2607008,14707,0.740568
2608,2608012,12819,0.645498
2609,2609015,18756,0.944454
2610,2610015,30247,1.523081
2611,2611012,42778,2.154076
2612,2612008,51852,2.610996
2613,2613012,53581,2.698059
2614,2614009,47739,2.403886
2615,2615013,36168,1.821231
2616,2616009,23621,1.189430
2617,2617012,14707,0.740568
2618,2618009,12803,0.644692
2619,2619012,18740,0.943648
2620,2620009,30119,1.516635
2621,2621013,42842,2.157299
2622,2622009,51724,2.604550
2623,2623013,53645,2.701282
2624,2624009,47691,2.401470
2625,2625012,36200,1.822843
2626,2626009,23621,1.189430
2627,2627013,14643,0.737345
2628,2628009,12819,0.645498
2629,2629013,18756,0.944454
2630,2630010,30167,1.519052
2631,2631014,42778,2.154076
2632,2632010,51660,2.601328
2633,2633014,53661,2.702087
2634,2634013,47643,2.399052
2635,2635011,36216,1.823648
2636,2636009,23621,1.189430
2637,2637013,14691,0.739762
2638,2638010,12835,0.646303
2639,2639014,18788,0.946065
2640,2640010,30103,1.515830
2641,2641013,42842,2.157299
2642,2642010,51756,2.606162
2643,2643014,53565,2.697253
2644,2644010,47691,2.401470
2645,2645014,36184,1.822037
2646,2646011,23637,1.190236
2647,2647015,14643,0.737345
2648,2648011,12819,0.645498
2649,2649014,18740,0.943648
2650,2650011,30119,1.516635
2651,2651008,42762,2.153271
2652,2652012,51692,2.602939
2653,2653008,53629,2.700476
2654,2654012,47643,2.399052
2655,2655008,36264,1.826065
2656,2656012,23589,1.187819
2657,2657008,14675,0.738956
2658,2658012,12899,0.649526
2659,2659009,18708,0.942037
2660,2660013,30167,1.519052
2661,2661009,42762,2.153271
2662,2662013,51756,2.606162
2663,2663009,53581,2.698059
2664,2664013,47627,2.398247
2665,2665010,36264,1.826065
2666,2666015,23525,1.184596
2667,2667012,14659,0.738151
2668,2668008,12803,0.644692
2669,2669012,18708,0.942037
2670,2670008,30279,1.524692
2671,2671012,42794,2.154882
2672,2672009,51676,2.602133
2673,2673013,53613,2.699670
2674,2674010,47691,2.401470
2675,2675014,36184,1.822037
2676,2676010,23621,1.189430
2677,2677014,14659,0.738151
2678,2678011,12883,0.648720
2679,2679015,18740,0.943648
2680,2680011,30167,1.519052
2681,2681009,42794,2.154882
2682,2682013,51740,2.605356
2683,2683010,53581,2.698059
2684,2684014,47579,2.395830
2685,2685010,36280,1.826871
2686,2686014,23605,1.188624
2687,2687010,14675,0.738956
2688,2688014,12803,0.644692
2689,2689013,18724,0.942843
2690,2690010,30199,1.520664
2691,2691014,42794,2.154882
2692,2692011,51708,2.603744
2693,2693015,53533,2.695642
2694,2694011,47675,2.400664
2695,2695015,36184,1.822037
2696,2696011,23589,1.187819
2697,2697009,14691,0.739762
2698,2698013,12835,0.646303
2699,2699009,18692,0.941231
2700,2700013,30215,1.521469
2701,2701010,42794,2.154882
2702,2702014,51772,2.606967
2703,2703010,53565,2.697253
2704,2704014,47659,2.399858
2705,2705013,36152,1.820426
2706,2706010,23621,1.189430
2707,2707014,14659,0.738151
2708,2708010,12819,0.645498
2709,2709014,18756,0.944454
2710,2710011,30135,1.517441
2711,2711015,42874,2.158910
2712,2712011,51724,2.604550
2713,2713010,53597,2.698865
2714,2714014,47659,2.399858
2715,2715011,36280,1.826871
2716,2716015,23525,1.184596
2717,2717011,14611,0.735734
2718,2718008,12867,0.647915
2719,2719012,18756,0.944454
2720,2720008,30135,1.517441
2721,2721015,42858,2.158105
2722,2722014,51756,2.606162
2723,2723010,53549,2.696448
2724,2724014,47611,2.397441
2725,2725011,36248,1.825260
2726,2726015,23541,1.185402
2727,2727011,14659,0.738151
2728,2728015,12819,0.645498
2729,2729014,18740,0.943648
2730,2730012,30183,1.519858
2731,2731008,42746,2.152465
2732,2732012,51740,2.605356
2733,2733009,53661,2.702087
2734,2734013,47627,2.398247
2735,2735009,36200,1.822843
2736,2736013,23525,1.184596
2737,2737013,14643,0.737345
2738,2738011,12803,0.644692
2739,2739015,18772,0.945260
2740,2740011,30199,1.520664
2741,2741008,42698,2.150048
2742,2742012,51692,2.602939
2743,2743008,53661,2.702087
2744,2744012,47691,2.401470
2745,2745011,36200,1.822843
2746,2746010,23605,1.188624
2747,2747013,14643,0.737345
2748,2748010,12819,0.645498
2749,2749014,18740,0.943648
2750,2750010,30183,1.519858
2751,2751014,42778,2.154076
2752,2752011,51676,2.602133
2753,2753010,53645,2.701282
2754,2754015,47659,2.399858
2755,2755011,36232,1.824454
2756,2756015,23621,1.189430
2757,2757011,14675,0.738956
2758,2758008,12803,0.644692
2759,2759012,18692,0.941231
2760,2760008,30055,1.513413
2761,2761009,42730,2.151659
2762,2762013,51756,2.606162
2763,2763009,53613,2.699670
2764,2764013,47579,2.395830
2765,2765010,36328,1.829288
2766,2766014,23589,1.187819
2767,2767010,14675,0.738956
2768,2768014,12819,0.645498
2769,2769014,18772,0.945260
2770,2770012,30231,1.522275
2771,2771008,42746,2.152465
2772,2772012,51692,2.602939
2773,2773009,53597,2.698865
2774,2774013,47723,2.403081
2775,2775009,36200,1.822843
2776,2776013,23621,1.189430
2777,2777015,14659,0.738151
2778,2778012,12835,0.646303
2779,2779008,18708,0.942037
2780,2780012,30183,1.519858
2781,2781009,42762,2.153271
2782,2782013,51740,2.605356
2783,2783009,53581,2.698059
2784,2784013,47707,2.402275
2785,2785013,36200,1.822843
2786,2786010,23573,1.187013
2787,2787014,14675,0.738956
2788,2788011,12803,0.644692
2789,2789015,18772,0.945260
2790,2790011,30183,1.519858
2791,2791015,42858,2.158105
2792,2792011,51724,2.604550
2793,2793012,53517,2.694836
2794,2794010,47691,2.401470
2795,2795014,36152,1.820426
2796,2796010,23637,1.190236
2797,2797014,14659,0.738151
2798,2798010,12835,0.646303
2799,2799014,18756,0.944454
2800,2800011,30167,1.519052
2801,2801013,42826,2.156494
2802,2802010,51724,2.604550
2803,2803014,53533,2.695642
2804,2804011,47675,2.400664
2805,2805015,36216,1.823648
2806,2806011,23621,1.189430
2807,2807015,14643,0.737345
2808,2808011,12739,0.641469
2809,2809013,18820,0.947677
2810,2810010,30183,1.519858
2811,2811014,42794,2.154882
2812,2812011,51724,2.604550
2813,2813015,53549,2.696448
2814,2814011,47659,2.399858
2815,2815015,36200,1.822843
2816,2816011,23669,1.191847
2817,2817013,14659,0.738151
2818,2818012,12851,0.647109
2819,2819008,18708,0.942037
2820,2820012,30183,1.519858
2821,2821009,42810,2.155688
2822,2822013,51724,2.604550
2823,2823009,53709,2.704504
2824,2824013,47627,2.398247
2825,2825015,36200,1.822843
2826,2826012,23605,1.188624
2827,2827009,14691,0.739762
2828,2828013,12787,0.643886
2829,2829009,18660,0.939620
2830,2830013,30167,1.519052
2831,2831009,42746,2.152465
2832,2832013,51756,2.606162
2833,2833009,53597,2.698865
2834,2834015,47579,2.395830
2835,2835012,36104,1.818009
2836,2836008,23637,1.190236
2837,2837012,14739,0.742179
2838,2838009,12819,0.645498
2839,2839013,18740,0.943648
2840,2840009,30199,1.520664
2841,2841012,42794,2.154882
2842,2842010,51804,2.608578
2843,2843013,53549,2.696448
2844,2844010,47675,2.400664
2845,2845014,36200,1.822843
2846,2846010,23605,1.188624
2847,2847014,14675,0.738956
2848,2848010,12803,0.644692
2849,2849013,18772,0.945260
2850,2850011,30183,1.519858
2851,2851015,42858,2.158105
2852,2852011,51708,2.603744
2853,2853008,53677,2.702893
2854,2854012,47659,2.399858
2855,2855008,36232,1.824454
2856,2856012,23557,1.186207
2857,2857015,14691,0.739762
2858,2858013,12851,0.647109
2859,2859009,18724,0.942843
2860,2860013,30199,1.520664
2861,2861010,42746,2.152465
2862,2862014,51756,2.606162
2863,2863010,53597,2.698865
2864,2864014,47643,2.399052
2865,2865009,36296,1.827677
2866,2866013,23557,1.186207
2867,2867010,14675,0.738956
2868,2868014,12803,0.644692
2869,2869010,18756,0.944454
2870,2870014,30231,1.522275
2871,2871011,42906,2.160522
2872,2872015,51772,2.606967
2873,2873010,53581,2.698059
2874,2874015,47675,2.400664
2875,2875011,36312,1.828482
2876,2876015,23557,1.186207
2877,2877011,14691,0.739762
2878,2878008,12691,0.639052
2879,2879012,18740,0.943648
2880,2880008,30119,1.516635
2881,2881013,42810,2.155688
2882,2882011,51724,2.604550
2883,2883015,53501,2.694030
2884,2884011,47627,2.398247
2885,2885015,36200,1.822843
2886,2886012,23605,1.188624
2887,2887008,14675,0.738956
2888,2888012,12819,0.645498
2889,2889009,18756,0.944454
2890,2890014,30199,1.520664
2891,2891011,42794,2.154882
2892,2892015,51724,2.604550
2893,2893011,53517,2.694836
2894,2894015,47643,2.399052
2895,2895011,36296,1.827677
2896,2896008,23637,1.190236
2897,2897012,14691,0.739762
2898,2898010,12883,0.648720
2899,2899014,18756,0.944454
2900,2900010,30199,1.520664
2901,2901014,42826,2.156494
2902,2902010,51772,2.606967
2903,2903014,53549,2.696448
2904,2904011,47707,2.402275
2905,2905008,36280,1.826871
2906,2906013,23605,1.188624
2907,2907010,14723,0.741373
2908,2908014,12803,0.644692
2909,2909010,18740,0.943648
2910,2910014,30247,1.523081
2911,2911011,42762,2.153271
2912,2912015,51708,2.603744
2913,2913012,53661,2.702087
2914,2914010,47675,2.400664
2915,2915014,36264,1.826065
2916,2916011,23605,1.188624
2917,2917015,14675,0.738956
2918,2918011,12851,0.647109
2919,2919015,18788,0.946065
2920,2920011,30215,1.521469
2921,2921009,42778,2.154076
2922,2922013,51740,2.605356
2923,2923010,53581,2.698059
2924,2924014,47627,2.398247
2925,2925010,36264,1.826065
2926,2926014,23621,1.189430
2927,2927010,14739,0.742179
2928,2928014,12819,0.645498
2929,2929013,18772,0.945260
2930,2930011,30183,1.519858
2931,2931015,42858,2.158105
2932,2932012,51724,2.604550
2933,2933008,53533,2.695642
2934,2934012,47659,2.399858
2935,2935008,36216,1.823648
2936,2936012,23557,1.186207
2937,2937011,14723,0.741373
2938,2938009,12819,0.645498
2939,2939014,18756,0.944454
2940,2940010,30151,1.518247
2941,2941014,42826,2.156494
2942,2942010,51724,2.604550
2943,2943014,53661,2.702087
2944,2944011,47739,2.403886
2945,2945009,36264,1.826065
2946,2946014,23589,1.187819
2947,2947011,14691,0.739762
2948,2948015,12867,0.647915
2949,2949011,18772,0.945260
2950,2950015,30215,1.521469
2951,2951011,42826,2.156494
2952,2952008,51644,2.600522
2953,2953014,53549,2.696448
2954,2954013,47691,2.401470
2955,2955010,36280,1.826871
2956,2956014,23541,1.185402
2957,2957011,14739,0.742179
2958,2958015,12851,0.647109
2959,2959011,18740,0.943648
2960,2960015,30231,1.522275
2961,2961015,42858,2.158105
2962,2962012,51708,2.603744
2963,2963009,53581,2.698059
2964,2964013,47627,2.398247
2965,2965009,36264,1.826065
2966,2966013,23637,1.190236
2967,2967009,14691,0.739762
2968,2968013,12851,0.647109
2969,2969012,18820,0.947677
2970,2970011,30167,1.519052
2971,2971008,42762,2.153271
2972,2972012,51692,2.602939
2973,2973008,53661,2.702087
2974,2974012,47659,2.399858
2975,2975008,36264,1.826065
2976,2976012,23557,1.186207
2977,2977011,14723,0.741373
2978,2978009,12867,0.647915
2979,2979013,18756,0.944454
2980,2980010,30167,1.519052
2981,2981014,42826,2.156494
2982,2982010,51708,2.603744
2983,2983014,53645,2.701282
2984,2984011,47627,2.398247
2985,2985011,36264,1.826065
2986,2986009,23653,1.191041
2987,2987013,14755,0.742985
2988,2988009,12819,0.645498
2989,2989013,18756,0.944454
2990,2990010,30151,1.518247
2991,2991014,42778,2.154076
2992,2992010,51820,2.609384
2993,2993011,53581,2.698059
2994,2994008,47691,2.401470
2995,2995012,36200,1.822843
2996,2996008,23829,1.199904
2997,2997012,14675,0.738956
2998,2998009,12755,0.642275
2999,2999013,18724,0.942843
3000,3000009,30183,1.519858
3001,3001010,42794,2.154882
3002,3002014,51724,2.604550
3003,3003011,53549,2.696448
3004,3004015,47627,2.398247
3005,3005011,36264,1.826065
3006,3006015,23589,1.187819
3007,3007011,14675,0.738956
3008,3008008,12819,0.645498
3009,3009009,18740,0.943648
3010,3010013,30183,1.519858
3011,3011010,42762,2.153271
3012,3012014,51740,2.605356
3013,3013010,53613,2.699670
3014,3014014,47675,2.400664
3015,3015011,36264,1.826065
3016,3016015,23589,1.187819
3017,3017008,14675,0.738956
3018,3018013,12819,0.645498
3019,3019010,18708,0.942037
3020,3020013,30167,1.519052
3021,3021010,42826,2.156494
3022,3022014,51756,2.606162
3023,3023010,53549,2.696448
3024,3024014,47659,2.399858
3025,3025015,36184,1.822037
3026,3026013,23557,1.186207
3027,3027009,14723,0.741373
3028,3028013,12803,0.644692
3029,3029010,18692,0.941231
3030,3030014,30199,1.520664
3031,3031010,42714,2.150854
3032,3032014,51676,2.602133
3033,3033008,53485,2.693225
3034,3034015,47643,2.399052
3035,3035011,36264,1.826065
3036,3036015,23525,1.184596
3037,3037012,14643,0.737345
3038,3038008,12819,0.645498
3039,3039012,18724,0.942843
3040,3040008,30087,1.515024
3041,3041011,42778,2.154076
3042,3042009,51532,2.594882
3043,3043013,53581,2.698059
3044,3044009,47675,2.400664
3045,3045013,36152,1.820426
3046,3046010,23637,1.190236
3047,3047014,14659,0.738151
3048,3048010,12819,0.645498
3049,3049013,18724,0.942843
3050,3050009,30119,1.516635
3051,3051013,42794,2.154882
3052,3052009,51676,2.602133
3053,3053013,53661,2.702087
3054,3054010,47707,2.402275
3055,3055014,36232,1.824454
3056,3056010,23589,1.187819
3057,3057011,14675,0.738956
3058,3058011,12835,0.646303
3059,3059015,18756,0.944454
3060,3060011,30215,1.521469
3061,3061008,42842,2.157299
3062,3062012,51708,2.603744
3063,3063008,53613,2.699670
3064,3064012,47659,2.399858
3065,3065008,36312,1.828482
3066,3066008,23637,1.190236
3067,3067013,14707,0.740568
3068,3068010,12851,0.647109
3069,3069014,18756,0.944454
3070,3070010,30183,1.519858
3071,3071014,42794,2.154882
3072,3072010,51708,2.603744
3073,3073014,53565,2.697253
3074,3074014,47579,2.395830
3075,3075011,36248,1.825260
3076,3076015,23557,1.186207
3077,3077011,14691,0.739762
3078,3078015,12851,0.647109
3079,3079011,18740,0.943648
3080,3080008,30103,1.515830
3081,3081011,42778,2.154076
3082,3082008,51740,2.605356
3083,3083012,53645,2.701282
3084,3084008,47675,2.400664
3085,3085012,36232,1.824454
3086,3086009,23637,1.190236
3087,3087013,14691,0.739762
3088,3088009,12835,0.646303
3089,3089013,18772,0.945260
3090,3090009,29991,1.510190
3091,3091013,42810,2.155688
3092,3092010,51724,2.604550
3093,3093014,53581,2.698059
3094,3094010,47675,2.400664
3095,3095014,36168,1.821231
3096,3096010,23621,1.189430
3097,3097013,14739,0.742179
3098,3098010,12851,0.647109
3099,3099014,18708,0.942037
3100,3100011,30151,1.518247
3101,3101015,42826,2.156494
3102,3102011,51724,2.604550
3103,3103015,53533,2.695642
3104,3104011,47627,2.398247
3105,3105008,36232,1.824454
3106,3106008,23653,1.191041
3107,3107012,14675,0.738956
3108,3108008,12803,0.644692
3109,3109012,18772,0.945260
3110,3110008,30151,1.518247
3111,3111012,42794,2.154882
3112,3112009,51692,2.602939
3113,3113013,53565,2.697253
3114,3114011,47675,2.400664
3115,3115014,36152,1.820426
3116,3116011,23621,1.189430
3117,3117015,14611,0.735734
3118,3118011,12739,0.641469
3119,3119015,18740,0.943648
3120,3120011,30151,1.518247
3121,3121008,42762,2.153271
3122,3122009,51772,2.606967
3123,3123013,53645,2.701282
3124,3124009,47675,2.400664
3125,3125013,36248,1.825260
3126,3126010,23685,1.192653
3127,3127014,14675,0.738956
3128,3128010,12787,0.643886
3129,3129014,18756,0.944454
3130,3130011,30183,1.519858
3131,3131015,42794,2.154882
3132,3132011,51724,2.604550
3133,3133008,53597,2.698865
3134,3134012,47691,2.401470
3135,3135008,36264,1.826065
3136,3136012,23621,1.189430
3137,3137009,14691,0.739762
3138,3138015,12851,0.647109
3139,3139011,18708,0.942037
3140,3140015,30279,1.524692
3141,3141011,42826,2.156494
3142,3142008,51676,2.602133
3143,3143012,53565,2.697253
3144,3144008,47707,2.402275
3145,3145013,36280,1.826871
3146,3146011,23621,1.189430
3147,3147015,14643,0.737345
3148,3148011,12819,0.645498
3149,3149015,18724,0.942843
3150,3150011,30199,1.520664
3151,3151008,42730,2.151659
3152,3152012,51708,2.603744
3153,3153010,53613,2.699670
3154,3154014,47627,2.398247
3155,3155011,36216,1.823648
3156,3156015,23605,1.188624
3157,3157011,14691,0.739762
3158,3158015,12803,0.644692
3159,3159012,18724,0.942843
3160,3160008,30119,1.516635
3161,3161014,42842,2.157299
3162,3162012,51708,2.603744
3163,3163009,53517,2.694836
3164,3164012,47659,2.399858
3165,3165009,36296,1.827677
3166,3166013,23621,1.189430
3167,3167009,14643,0.737345
3168,3168013,12835,0.646303
3169,3169012,18740,0.943648
3170,3170010,30167,1.519052
3171,3171014,42794,2.154882
3172,3172011,51692,2.602939
3173,3173015,53533,2.695642
3174,3174011,47659,2.399858
3175,3175008,36216,1.823648
3176,3176012,23653,1.191041
3177,3177011,14691,0.739762
3178,3178009,12755,0.642275
3179,3179013,18740,0.943648
3180,3180010,30151,1.518247
3181,3181014,42842,2.157299
3182,3182010,51708,2.603744
3183,3183014,53533,2.695642
3184,3184011,47675,2.400664
3185,3185010,36248,1.825260
3186,3186008,23637,1.190236
3187,3187012,14691,0.739762
3188,3188009,12787,0.643886
3189,3189013,18724,0.942843
3190,3190009,30103,1.515830
3191,3191013,42842,2.157299
3192,3192009,51676,2.602133
3193,3193009,53661,2.702087
3194,3194009,47707,2.402275
3195,3195013,36200,1.822843
3196,3196009,23605,1.188624
3197,3197013,14691,0.739762
3198,3198009,12835,0.646303
3199,3199013,18820,0.947677
3200,3200010,30119,1.516635
3201,3201010,42778,2.154076
3202,3202008,51708,2.603744
3203,3203012,53549,2.696448
3204,3204008,47739,2.403886
3205,3205012,36200,1.822843
3206,3206008,23637,1.190236
3207,3207012,14659,0.738151
3208,3208009,12787,0.643886
3209,3209009,18708,0.942037
3210,3210008,30167,1.519052
3211,3211012,42842,2.157299
3212,3212009,51660,2.601328
3213,3213013,53565,2.697253
3214,3214009,47643,2.399052
3215,3215013,36248,1.825260
3216,3216009,23573,1.187013
3217,3217008,14899,0.750236
3218,3218013,12835,0.646303
3219,3219009,18644,0.938814
3220,3220013,30151,1.518247
3221,3221010,42810,2.155688
3222,3222014,51772,2.606967
3223,3223010,53645,2.701282
3224,3224014,47643,2.399052
3225,3225014,36232,1.824454
3226,3226012,23637,1.190236
3227,3227009,14675,0.738956
3228,3228013,12803,0.644692
3229,3229009,18724,0.942843
3230,3230013,30215,1.521469
3231,3231009,42714,2.150854
3232,3232013,51724,2.604550
3233,3233014,53597,2.698865
3234,3234012,47691,2.401470
3235,3235009,36264,1.826065
3236,3236013,23573,1.187013
3237,3237009,14755,0.742985
3238,3238013,12803,0.644692
3239,3239010,18676,0.940426
3240,3240014,30151,1.518247
3241,3241014,42730,2.151659
3242,3242011,51692,2.602939
3243,3243015,53597,2.698865
3244,3244011,47643,2.399052
3245,3245008,36248,1.825260
3246,3246012,23669,1.191847
3247,3247008,14739,0.742179
3248,3248012,12787,0.643886
3249,3249014,18756,0.944454
3250,3250010,30119,1.516635
3251,3251014,42842,2.157299
3252,3252011,51708,2.603744
3253,3253015,53549,2.696448
3254,3254011,47643,2.399052
3255,3255015,36200,1.822843
3256,3256011,23621,1.189430
3257,3257012,14691,0.739762
3258,3258010,12787,0.643886
3259,3259014,18772,0.945260
3260,3260010,30135,1.517441
3261,3261014,42858,2.158105
3262,3262010,51772,2.606967
3263,3263014,53581,2.698059
3264,3264011,47611,2.397441
3265,3265011,36248,1.825260
3266,3266009,23605,1.188624
3267,3267013,14643,0.737345
3268,3268010,12787,0.643886
3269,3269014,18756,0.944454
3270,3270010,30183,1.519858
3271,3271014,42778,2.154076
3272,3272011,51612,2.598910
3273,3273012,53613,2.699670
3274,3274011,47659,2.399858
3275,3275008,36264,1.826065
3276,3276012,23605,1.188624
3277,3277008,14691,0.739762
3278,3278012,12851,0.647109
3279,3279008,18692,0.941231
3280,3280012,30263,1.523886
3281,3281014,42810,2.155688
3282,3282010,51676,2.602133
3283,3283014,53581,2.698059
3284,3284011,47611,2.397441
3285,3285015,36152,1.820426
3286,3286011,23557,1.186207
3287,3287015,14691,0.739762
3288,3288011,12819,0.645498
3289,3289014,18756,0.944454
3290,3290011,30167,1.519052
3291,3291015,42778,2.154076
3292,3292011,51820,2.609384
3293,3293008,53581,2.698059
3294,3294012,47659,2.399858
3295,3295008,36296,1.827677
3296,3296012,23637,1.190236
3297,3297014,14675,0.738956
3298,3298012,12771,0.643081
3299,3299009,18676,0.940426
3300,3300013,30215,1.521469
3301,3301009,42762,2.153271
3302,3302013,51772,2.606967
3303,3303010,53533,2.695642
3304,3304014,47627,2.398247
3305,3305009,36312,1.828482
3306,3306014,23557,1.186207
3307,3307011,14675,0.738956
3308,3308015,12819,0.645498
3309,3309011,18724,0.942843
3310,3310015,30231,1.522275
3311,3311011,42778,2.154076
3312,3312008,51644,2.600522
3313,3313011,53597,2.698865
3314,3314008,47739,2.403886
3315,3315012,36168,1.821231
3316,3316008,23637,1.190236
3317,3317012,14707,0.740568
3318,3318009,12739,0.641469
3319,3319013,18756,0.944454
3320,3320009,30151,1.518247
3321,3321013,42810,2.155688
3322,3322011,51724,2.604550
3323,3323015,53597,2.698865
3324,3324012,47627,2.398247
3325,3325008,36232,1.824454
3326,3326012,23637,1.190236
3327,3327008,14627,0.736539
3328,3328012,12803,0.644692
3329,3329009,18740,0.943648
3330,3330009,30119,1.516635
3331,3331013,42778,2.154076
3332,3332010,51676,2.602133
3333,3333014,53549,2.696448
3334,3334010,47755,2.404692
3335,3335014,36200,1.822843
3336,3336010,23589,1.187819
3337,3337015,14659,0.738151
3338,3338013,12803,0.644692
3339,3339010,18676,0.940426
3340,3340014,30183,1.519858
3341,3341010,42746,2.152465
3342,3342014,51692,2.602939
3343,3343010,53581,2.698059
3344,3344014,47627,2.398247
3345,3345011,36200,1.822843
3346,3346009,23653,1.191041
3347,3347013,14675,0.738956
3348,3348010,12819,0.645498
3349,3349014,18756,0.944454
3350,3350010,30183,1.519858
3351,3351014,42794,2.154882
3352,3352010,51724,2.604550
3353,3353014,53533,2.695642
3354,3354013,47691,2.401470
3355,3355010,36232,1.824454
3356,3356014,23573,1.187013
3357,3357010,14691,0.739762
3358,3358014,12787,0.643886
3359,3359010,18708,0.942037
3360,3360014,30215,1.521469
3361,3361011,42666,2.148436
3362,3362009,51788,2.607773
3363,3363013,53629,2.700476
3364,3364009,47755,2.404692
3365,3365013,36264,1.826065
3366,3366009,23605,1.188624
3367,3367013,14675,0.738956
3368,3368010,12851,0.647109
3369,3369015,18788,0.946065
3370,3370013,30295,1.525498
3371,3371009,42746,2.152465
3372,3372013,51756,2.606162
3373,3373010,53549,2.696448
3374,3374014,47659,2.399858
3375,3375010,36264,1.826065
3376,3376014,23573,1.187013
3377,3377012,14723,0.741373
3378,3378009,12803,0.644692
3379,3379013,18708,0.942037
3380,3380009,30215,1.521469
3381,3381013,42826,2.156494
3382,3382010,51660,2.601328
3383,3383014,53613,2.699670
3384,3384010,47707,2.402275
3385,3385009,36264,1.826065
3386,3386015,23605,1.188624
3387,3387011,14675,0.738956
3388,3388008,12835,0.646303
3389,3389012,18724,0.942843
3390,3390008,30087,1.515024
3391,3391012,42778,2.154076
3392,3392009,51676,2.602133
3393,3393014,53597,2.698865
3394,3394012,47691,2.401470
3395,3395008,36296,1.827677
3396,3396012,23621,1.189430
3397,3397009,14707,0.740568
3398,3398013,12819,0.645498
3399,3399009,18628,0.938009
3400,3400013,30183,1.519858
3401,3401011,42762,2.153271
3402,3402009,51708,2.603744
3403,3403013,53581,2.698059
3404,3404010,47723,2.403081
3405,3405014,36216,1.823648
3406,3406010,23621,1.189430
3407,3407014,14675,0.738956
3408,3408010,12787,0.643886
3409,3409009,18724,0.942843
3410,3410014,30167,1.519052
3411,3411010,42714,2.150854
3412,3412014,51724,2.604550
3413,3413010,53581,2.698059
3414,3414014,47659,2.399858
3415,3415011,36280,1.826871
3416,3416015,23589,1.187819
3417,3417014,14595,0.734928
3418,3418011,12771,0.643081
3419,3419015,18740,0.943648
3420,3420012,30151,1.518247
3421,3421008,42762,2.153271
3422,3422012,51820,2.609384
3423,3423009,53517,2.694836
3424,3424013,47675,2.400664
3425,3425012,36248,1.825260
3426,3426010,23509,1.183790
3427,3427014,14675,0.738956
3428,3428010,12819,0.645498
3429,3429014,18676,0.940426
3430,3430010,30151,1.518247
3431,3431014,42794,2.154882
3432,3432011,51724,2.604550
3433,3433010,53597,2.698865
3434,3434013,47659,2.399858
3435,3435010,36296,1.827677
3436,3436014,23557,1.186207
3437,3437010,14675,0.738956
3438,3438014,12787,0.643886
3439,3439010,18676,0.940426
3440,3440014,30167,1.519052
3441,3441014,42842,2.157299
3442,3442011,51692,2.602939
3443,3443014,53597,2.698865
3444,3444011,47675,2.400664
3445,3445015,36184,1.822037
3446,3446011,23717,1.194264
3447,3447015,14643,0.737345
3448,3448012,12851,0.647109
3449,3449011,18772,0.945260
3450,3450009,30039,1.512607
3451,3451013,42922,2.161327
3452,3452009,51724,2.604550
3453,3453013,53533,2.695642
3454,3454010,47675,2.400664
3455,3455014,36184,1.822037
3456,3456010,23637,1.190236
3457,3457011,14723,0.741373
3458,3458009,12803,0.644692
3459,3459013,18724,0.942843
3460,3460009,30151,1.518247
3461,3461013,42826,2.156494
3462,3462010,51676,2.602133
3463,3463014,53549,2.696448
3464,3464010,47675,2.400664
3465,3465010,36232,1.824454
3466,3466009,23669,1.191847
3467,3467013,14723,0.741373
3468,3468009,12835,0.646303
3469,3469013,18724,0.942843
3470,3470009,30103,1.515830
3471,3471013,42698,2.150048
3472,3472010,51644,2.600522
3473,3473012,53661,2.702087
3474,3474011,47627,2.398247
3475,3475015,36168,1.821231
3476,3476011,23589,1.187819
3477,3477008,14691,0.739762
3478,3478012,12851,0.647109
3479,3479008,18724,0.942843
3480,3480012,30183,1.519858
3481,3481013,42842,2.157299
3482,3482012,51692,2.602939
3483,3483009,53565,2.697253
3484,3484013,47627,2.398247
3485,3485009,36264,1.826065
3486,3486013,23589,1.187819
3487,3487009,14675,0.738956
3488,3488013,12835,0.646303
3489,3489015,18756,0.944454
3490,3490012,30295,1.525498
3491,3491008,42794,2.154882
3492,3492012,51708,2.603744
3493,3493009,53613,2.699670
3494,3494013,47691,2.401470
3495,3495009,36312,1.828482
3496,3496013,23573,1.187013
3497,3497014,14675,0.738956
3498,3498012,12931,0.651138
3499,3499009,18660,0.939620
3500,3500012,30231,1.522275
3501,3501009,42810,2.155688
3502,3502013,51724,2.604550
3503,3503009,53581,2.698059
3504,3504013,47707,2.402275
3505,3505008,36264,1.826065
3506,3506013,23573,1.187013
3507,3507010,14659,0.738151
3508,3508014,12883,0.648720
3509,3509010,18708,0.942037
3510,3510014,30167,1.519052
3511,3511011,42794,2.154882
3512,3512015,51676,2.602133
3513,3513009,53597,2.698865
3514,3514015,47643,2.399052
3515,3515011,36312,1.828482
3516,3516015,23589,1.187819
3517,3517011,14659,0.738151
3518,3518008,12787,0.643886
3519,3519012,18724,0.942843
3520,3520008,30087,1.515024
3521,3521011,42842,2.157299
3522,3522009,51708,2.603744
3523,3523013,53597,2.698865
3524,3524009,47675,2.400664
3525,3525013,36264,1.826065
3526,3526010,23605,1.188624
3527,3527014,14675,0.738956
3528,3528010,12819,0.645498
3529,3529013,18756,0.944454
3530,3530010,30039,1.512607
3531,3531014,42810,2.155688
3532,3532011,51708,2.603744
3533,3533015,53597,2.698865
3534,3534011,47723,2.403081
3535,3535015,36200,1.822843
3536,3536011,23637,1.190236
3537,3537013,14691,0.739762
3538,3538010,12803,0.644692
3539,3539014,18788,0.946065
3540,3540010,30167,1.519052
3541,3541014,42890,2.159716
3542,3542011,51740,2.605356
3543,3543015,53565,2.697253
3544,3544011,47659,2.399858
3545,3545014,36264,1.826065
3546,3546011,23605,1.188624
3547,3547015,14659,0.738151
3548,3548011,12707,0.639858
3549,3549015,18788,0.946065
3550,3550011,30151,1.518247
3551,3551008,42714,2.150854
3552,3552012,51788,2.607773
3553,3553008,53565,2.697253
3554,3554014,47659,2.399858
3555,3555010,36296,1.827677
3556,3556014,23573,1.187013
3557,3557010,14595,0.734928
3558,3558014,12835,0.646303
3559,3559011,18612,0.937203
3560,3560015,30215,1.521469
3561,3561012,42730,2.151659
3562,3562010,51708,2.603744
3563,3563015,53549,2.696448
3564,3564011,47707,2.402275
3565,3565015,36184,1.822037
3566,3566011,23573,1.187013
3567,3567008,14675,0.738956
3568,3568012,12819,0.645498
3569,3569008,18564,0.934786
3570,3570013,30311,1.526303
3571,3571009,42746,2.152465
3572,3572013,51772,2.606967
3573,3573009,53485,2.693225
3574,3574013,47627,2.398247
3575,3575010,36264,1.826065
3576,3576014,23573,1.187013
3577,3577010,14707,0.740568
3578,3578015,12835,0.646303
3579,3579012,18692,0.941231
3580,3580008,30135,1.517441
3581,3581012,42810,2.155688
3582,3582009,51644,2.600522
3583,3583013,53341,2.685974
3584,3584009,47691,2.401470
3585,3585014,36216,1.823648
3586,3586012,23621,1.189430
3587,3587008,14659,0.738151
3588,3588012,12851,0.647109
3589,3589009,18676,0.940426
3590,3590013,30327,1.527109
3591,3591009,42746,2.152465
3592,3592013,51676,2.602133
3593,3593011,53469,2.692419
3594,3594015,47659,2.399858
3595,3595011,36264,1.826065
3596,3596015,23573,1.187013
3597,3597011,14675,0.738956
3598,3598008,12819,0.645498
3599,3599012,18692,0.941231
3600,3600008,30151,1.518247
3601,3601013,42826,2.156494
3602,3602010,51740,2.605356
3603,3603014,53549,2.696448
3604,3604010,47675,2.400664
3605,3605014,36296,1.827677
3606,3606010,23621,1.189430
3607,3607014,14579,0.734122
3608,3608011,12883,0.648720
3609,3609015,18772,0.945260
3610,3610012,30183,1.519858
3611,3611009,42730,2.151659
3612,3612013,51740,2.605356
3613,3613009,53565,2.697253
3614,3614013,47771,2.405498
3615,3615009,36232,1.824454
3616,3616013,23573,1.187013
3617,3617011,14723,0.741373
3618,3618009,12835,0.646303
3619,3619013,18692,0.941231
3620,3620010,30055,1.513413
3621,3621014,42874,2.158910
3622,3622010,51724,2.604550
3623,3623014,53565,2.697253
3624,3624010,47723,2.403081
3625,3625008,36312,1.828482
3626,3626013,23685,1.192653
3627,3627009,14787,0.744596
3628,3628013,12643,0.636635
3629,3629010,18724,0.942843
3630,3630014,30183,1.519858
3631,3631010,42826,2.156494
3632,3632014,51628,2.599716
3633,3633012,53549,2.696448
3634,3634009,47723,2.403081
3635,3635013,36200,1.822843
3636,3636009,23669,1.191847
3637,3637013,14499,0.730094
3638,3638009,12787,0.643886
3639,3639013,18772,0.945260
3640,3640010,30167,1.519052
3641,3641008,42778,2.154076
3642,3642013,51692,2.602939
3643,3643010,53677,2.702893
3644,3644014,47643,2.399052
3645,3645010,36216,1.823648
3646,3646014,23605,1.188624
3647,3647010,14707,0.740568
3648,3648014,12803,0.644692
3649,3649013,18644,0.938814
3650,3650010,30151,1.518247
3651,3651014,42810,2.155688
3652,3652011,51692,2.602939
3653,3653015,53597,2.698865
3654,3654011,47723,2.403081
3655,3655015,36168,1.821231
3656,3656011,23589,1.187819
3657,3657011,14691,0.739762
3658,3658009,12803,0.644692
3659,3659013,18756,0.944454
3660,3660009,30183,1.519858
3661,3661013,42938,2.162133
3662,3662010,51676,2.602133
3663,3663014,53645,2.701282
3664,3664010,47707,2.402275
3665,3665009,36360,1.830900
3666,3666015,23573,1.187013
3667,3667011,14675,0.738956
3668,3668008,12819,0.645498
3669,3669012,18756,0.944454
3670,3670008,30119,1.516635
3671,3671012,42810,2.155688
3672,3672009,51644,2.600522
3673,3673008,53613,2.699670
3674,3674015,47691,2.401470
3675,3675012,36232,1.824454
3676,3676008,23717,1.194264
3677,3677012,14659,0.738151
3678,3678009,12787,0.643886
3679,3679013,18708,0.942037
3680,3680009,30103,1.515830
3681,3681009,42762,2.153271
3682,3682013,51740,2.605356
3683,3683009,53549,2.696448
3684,3684013,47787,2.406304
3685,3685010,36312,1.828482
3686,3686014,23573,1.187013
3687,3687010,14723,0.741373
3688,3688014,12835,0.646303
3689,3689014,18804,0.946871
3690,3690011,30087,1.515024
3691,3691008,42698,2.150048
3692,3692012,51804,2.608578
3693,3693008,53597,2.698865
3694,3694012,47627,2.398247
3695,3695009,36248,1.825260
3696,3696013,23605,1.188624
3697,3697013,14739,0.742179
3698,3698011,12819,0.645498
3699,3699015,18772,0.945260
3700,3700011,30007,1.510996
3701,3701008,42714,2.150854
3702,3702012,51740,2.605356
3703,3703008,53533,2.695642
3704,3704012,47707,2.402275
3705,3705013,36264,1.826065
3706,3706010,23701,1.193458
3707,3707014,14675,0.738956
3708,3708010,12787,0.643886
3709,3709014,18740,0.943648
3710,3710010,30199,1.520664
3711,3711014,42826,2.156494
3712,3712011,51740,2.605356
3713,3713012,53629,2.700476
3714,3714009,47563,2.395024
3715,3715013,36232,1.824454
3716,3716009,23621,1.189430
3717,3717013,14675,0.738956
3718,3718010,12803,0.644692
3719,3719014,18788,0.946065
3720,3720010,30103,1.515830
3721,3721012,42810,2.155688
3722,3722010,51724,2.604550
3723,3723014,53405,2.689196
3724,3724010,47675,2.400664
3725,3725014,36296,1.827677
3726,3726010,23605,1.188624
3727,3727014,14627,0.736539
3728,3728011,12819,0.645498
3729,3729012,18740,0.943648
3730,3730011,30199,1.520664
3731,3731015,42810,2.155688
3732,3732011,51644,2.600522
3733,3733015,53581,2.698059
3734,3734011,47611,2.397441
3735,3735008,36296,1.827677
3736,3736012,23653,1.191041
3737,3737014,14659,0.738151
3738,3738010,12803,0.644692
3739,3739014,18772,0.945260
3740,3740011,30151,1.518247
3741,3741015,42858,2.158105
3742,3742011,51676,2.602133
3743,3743015,53533,2.695642
3744,3744011,47643,2.399052
3745,3745014,36296,1.827677
3746,3746011,23525,1.184596
3747,3747015,14643,0.737345
3748,3748011,12771,0.643081
3749,3749015,18596,0.936397
3750,3750011,30167,1.519052
3751,3751008,42634,2.146825
3752,3752012,51740,2.605356
3753,3753015,53597,2.698865
3754,3754012,47707,2.402275
3755,3755009,36280,1.826871
3756,3756013,23573,1.187013
3757,3757009,14691,0.739762
3758,3758013,12771,0.643081
3759,3759009,18660,0.939620
3760,3760013,30231,1.522275
3761,3761009,42794,2.154882
3762,3762014,51884,2.612607
3763,3763011,53565,2.697253
3764,3764015,47659,2.399858
3765,3765011,36312,1.828482
3766,3766015,23573,1.187013
3767,3767011,14675,0.738956
3768,3768008,12819,0.645498
3769,3769012,18676,0.940426
3770,3770009,30151,1.518247
3771,3771013,42762,2.153271
3772,3772009,51740,2.605356
3773,3773013,53517,2.694836
3774,3774010,47691,2.401470
3775,3775014,36264,1.826065
3776,3776010,23637,1.190236
3777,3777014,14739,0.742179
3778,3778012,12835,0.646303
3779,3779008,18676,0.940426
3780,3780012,30151,1.518247
3781,3781008,42794,2.154882
3782,3782012,51788,2.607773
3783,3783009,53597,2.698865
3784,3784013,47675,2.400664
3785,3785009,36232,1.824454
3786,3786008,23653,1.191041
3787,3787012,14659,0.738151
3788,3788009,12819,0.645498
3789,3789013,18740,0.943648
3790,3790009,30151,1.518247
3791,3791013,42778,2.154076
3792,3792009,51692,2.602939
3793,3793013,53565,2.697253
3794,3794010,47723,2.403081
3795,3795014,36264,1.826065
3796,3796011,23653,1.191041
3797,3797015,14675,0.738956
3798,3798011,12803,0.644692
3799,3799015,18724,0.942843
3800,3800011,30183,1.519858
3801,3801015,42810,2.155688
3802,3802012,51740,2.605356
3803,3803008,53565,2.697253
3804,3804012,47627,2.398247
3805,3805009,36280,1.826871
3806,3806013,23573,1.187013
3807,3807009,14691,0.739762
3808,3808013,12787,0.643886
3809,3809009,18724,0.942843
3810,3810014,30167,1.519052
3811,3811010,42714,2.150854
3812,3812014,51788,2.607773
3813,3813010,53565,2.697253
3814,3814014,47643,2.399052
3815,3815011,36360,1.830900
3816,3816015,23541,1.185402
3817,3817012,14643,0.737345
3818,3818012,12691,0.639052
3819,3819009,18676,0.940426
3820,3820013,30215,1.521469
3821,3821009,42730,2.151659
3822,3822013,51708,2.603744
3823,3823009,53597,2.698865
3824,3824013,47659,2.399858
3825,3825010,36248,1.825260
3826,3826015,23557,1.186207
3827,3827011,14691,0.739762
3828,3828008,12803,0.644692
3829,3829012,18740,0.943648
3830,3830008,30151,1.518247
3831,3831012,42778,2.154076
3832,3832008,51692,2.602939
3833,3833014,53469,2.692419
3834,3834012,47611,2.397441
3835,3835008,36264,1.826065
3836,3836012,23637,1.190236
3837,3837009,14707,0.740568
3838,3838013,12803,0.644692
3839,3839009,18692,0.941231
3840,3840013,30215,1.521469
3841,3841011,42762,2.153271
3842,3842009,51612,2.598910
3843,3843013,53485,2.693225
3844,3844010,47723,2.403081
3845,3845014,36168,1.821231
3846,3846010,23621,1.189430
3847,3847014,14659,0.738151
3848,3848010,12819,0.645498
3849,3849009,18708,0.942037
3850,3850008,30151,1.518247
3851,3851013,42778,2.154076
3852,3852009,51724,2.604550
3853,3853013,53549,2.696448
3854,3854010,47787,2.406304
3855,3855014,36200,1.822843
3856,3856010,23573,1.187013
3857,3857008,14723,0.741373
3858,3858013,12899,0.649526
3859,3859010,18708,0.942037
3860,3860014,30151,1.518247
3861,3861010,42746,2.152465
3862,3862014,51708,2.603744
3863,3863010,53533,2.695642
3864,3864014,47675,2.400664
3865,3865013,36232,1.824454
3866,3866011,23605,1.188624
3867,3867015,14707,0.740568
3868,3868011,12803,0.644692
3869,3869015,18740,0.943648
3870,3870011,30167,1.519052
3871,3871008,42730,2.151659
3872,3872012,51788,2.607773
3873,3873011,53581,2.698059
3874,3874009,47723,2.403081
3875,3875013,36216,1.823648
3876,3876009,23637,1.190236
3877,3877013,14675,0.738956
3878,3878010,12819,0.645498
3879,3879014,18676,0.940426
3880,3880010,30055,1.513413
3881,3881010,42810,2.155688
3882,3882014,51788,2.607773
3883,3883011,53597,2.698865
3884,3884015,47483,2.390996
3885,3885011,36216,1.823648
3886,3886008,23685,1.192653
3887,3887012,14643,0.737345
3888,3888008,12915,0.650332
3889,3889009,18708,0.942037
3890,3890013,30151,1.518247
3891,3891010,42714,2.150854
3892,3892014,51724,2.604550
3893,3893010,53581,2.698059
3894,3894014,47643,2.399052
3895,3895011,36280,1.826871
3896,3896015,23381,1.177345
3897,3897015,14707,0.740568
3898,3898012,12851,0.647109
3899,3899009,18708,0.942037
3900,3900013,30183,1.519858
3901,3901009,42762,2.153271
3902,3902013,51724,2.604550
3903,3903009,53533,2.695642
3904,3904013,47675,2.400664
3905,3905014,36424,1.834122
3906,3906013,23589,1.187819
3907,3907009,14707,0.740568
3908,3908013,12803,0.644692
3909,3909010,18724,0.942843
3910,3910014,30135,1.517441
3911,3911010,42666,2.148436
3912,3912014,51804,2.608578
3913,3913015,53501,2.694030
3914,3914014,47595,2.396635
3915,3915011,36232,1.824454
3916,3916015,23733,1.195070
3917,3917011,14803,0.745402
3918,3918008,12803,0.644692
3919,3919012,18724,0.942843
3920,3920008,30151,1.518247
3921,3921009,42794,2.154882
3922,3922008,51692,2.602939
3923,3923012,53549,2.696448
3924,3924008,47707,2.402275
3925,3925012,36248,1.825260
3926,3926009,23573,1.187013
3927,3927013,14675,0.738956
3928,3928009,12803,0.644692
3929,3929010,18708,0.942037
3930,3930008,30135,1.517441
3931,3931013,42858,2.158105
3932,3932009,51644,2.600522
3933,3933013,53597,2.698865
3934,3934010,47563,2.395024
3935,3935014,36184,1.822037
3936,3936010,23637,1.190236
3937,3937011,14723,0.741373
3938,3938008,12819,0.645498
3939,3939012,18724,0.942843
3940,3940008,30103,1.515830
3941,3941012,42842,2.157299
3942,3942009,51724,2.604550
3943,3943013,53597,2.698865
3944,3944009,47739,2.403886
3945,3945010,36312,1.828482
3946,3946014,23573,1.187013
3947,3947011,14675,0.738956
3948,3948015,12787,0.643886
3949,3949011,18692,0.941231
3950,3950015,30135,1.517441
3951,3951011,42778,2.154076
3952,3952008,51724,2.604550
3953,3953010,53677,2.702893
3954,3954009,47691,2.401470
3955,3955013,36232,1.824454
3956,3956009,23621,1.189430
3957,3957013,14691,0.739762
3958,3958009,12787,0.643886
3959,3959013,18740,0.943648
3960,3960010,30135,1.517441
3961,3961011,42794,2.154882
3962,3962008,51692,2.602939
3963,3963012,53517,2.694836
3964,3964008,47707,2.402275
3965,3965012,36216,1.823648
3966,3966008,23685,1.192653
3967,3967012,14659,0.738151
3968,3968009,12787,0.643886
3969,3969011,18708,0.942037
3970,3970008,30119,1.516635
3971,3971012,42730,2.151659
3972,3972008,51692,2.602939
3973,3973012,53565,2.697253
3974,3974009,47723,2.403081
3975,3975013,36232,1.824454
3976,3976009,23637,1.190236
3977,3977012,14707,0.740568
3978,3978010,12835,0.646303
3979,3979014,18724,0.942843
3980,3980011,30167,1.519052
3981,3981015,42826,2.156494
3982,3982011,51708,2.603744
3983,3983008,53533,2.695642
3984,3984012,47723,2.403081
3985,3985014,36232,1.824454
3986,3986012,23605,1.188624
3987,3987008,14691,0.739762
3988,3988012,12851,0.647109
3989,3989009,18708,0.942037
3990,3990013,30199,1.520664
3991,3991009,42842,2.157299
3992,3992013,51628,2.599716
3993,3993009,53613,2.699670
3994,3994014,47643,2.399052
3995,3995011,36200,1.822843
3996,3996015,23573,1.187013
3997,3997011,14707,0.740568
3998,3998015,12835,0.646303
3999,3999011,18676,0.940426
4000,4000008,30119,1.516635
4001,4001011,42826,2.156494
4002,4002009,51708,2.603744
4003,4003013,53597,2.698865
4004,4004009,47723,2.403081
4005,4005013,36264,1.826065
4006,4006009,23621,1.189430
4007,4007013,14739,0.742179
4008,4008010,12819,0.645498
4009,4009015,18788,0.946065
4010,4010012,30103,1.515830
4011,4011009,42762,2.153271
4012,4012013,51740,2.605356
4013,4013009,53581,2.698059
4014,4014013,47723,2.403081
4015,4015009,36264,1.826065
4016,4016013,23525,1.184596
4017,4017010,14643,0.737345
4018,4018008,12755,0.642275
4019,4019012,18740,0.943648
4020,4020008,30135,1.517441
4021,4021012,42842,2.157299
4022,4022009,51692,2.602939
4023,4023013,53565,2.697253
4024,4024009,47707,2.402275
4025,4025013,36248,1.825260
4026,4026010,23653,1.191041
4027,4027014,14627,0.736539
4028,4028010,12819,0.645498
4029,4029014,18708,0.942037
4030,4030011,30135,1.517441
4031,4031015,42890,2.159716
4032,4032011,51740,2.605356
4033,4033009,53645,2.701282
4034,4034013,47771,2.405498
4035,4035010,36248,1.825260
4036,4036014,23685,1.192653
4037,4037010,14707,0.740568
4038,4038014,12851,0.647109
4039,4039010,18708,0.942037
4040,4040014,30215,1.521469
4041,4041011,42810,2.155688
4042,4042009,51868,2.611801
4043,4043012,53533,2.695642
4044,4044009,47771,2.405498
4045,4045013,36328,1.829288
4046,4046009,23637,1.190236
4047,4047013,14723,0.741373
4048,4048009,12835,0.646303
4049,4049014,18772,0.945260
4050,4050012,30199,1.520664
4051,4051008,42730,2.151659
4052,4052012,51756,2.606162
4053,4053008,53597,2.698865
4054,4054012,47675,2.400664
4055,4055009,36296,1.827677
4056,4056013,23605,1.188624
4057,4057010,14723,0.741373
4058,4058015,12819,0.645498
4059,4059011,18676,0.940426
4060,4060008,30087,1.515024
4061,4061012,42810,2.155688
4062,4062008,51692,2.602939
4063,4063012,53613,2.699670
4064,4064009,47691,2.401470
4065,4065015,36184,1.822037
4066,4066011,23605,1.188624
4067,4067008,14707,0.740568
4068,4068012,12867,0.647915
4069,4069008,18692,0.941231
4070,4070012,30119,1.516635
4071,4071008,42730,2.151659
4072,4072012,51692,2.602939
4073,4073011,53581,2.698059
4074,4074009,47723,2.403081
4075,4075013,36200,1.822843
4076,4076009,23653,1.191041
4077,4077013,14675,0.738956
4078,4078010,12819,0.645498
4079,4079014,18756,0.944454
4080,4080010,30119,1.516635
4081,4081008,42778,2.154076
4082,4082015,51708,2.603744
4083,4083011,53597,2.698865
4084,4084015,47659,2.399858
4085,4085012,36280,1.826871
4086,4086008,23701,1.193458
4087,4087012,14707,0.740568
4088,4088009,12851,0.647109
4089,4089015,18708,0.942037
4090,4090012,30151,1.518247
4091,4091009,42602,2.145214
4092,4092013,51660,2.601328
4093,4093009,53613,2.699670
4094,4094013,47611,2.397441
4095,4095010,36248,1.825260
4096,4096014,23589,1.187819
4097,4097013,14691,0.739762
4098,4098013,12851,0.647109
4099,4099011,18692,0.941231
4100,4100015,30231,1.522275
4101,4101011,42714,2.150854
4102,4102015,51676,2.602133
4103,4103011,53517,2.694836
4104,4104008,47755,2.404692
4105,4105014,36184,1.822037
4106,4106012,23573,1.187013
4107,4107009,14707,0.740568
4108,4108012,12835,0.646303
4109,4109009,18708,0.942037
4110,4110013,30231,1.522275
4111,4111009,42762,2.153271
4112,4112013,51788,2.607773
4113,4113012,53597,2.698865
4114,4114009,47723,2.403081
4115,4115013,36168,1.821231
4116,4116010,23637,1.190236
4117,4117014,14659,0.738151
4118,4118010,12803,0.644692
4119,4119014,18644,0.938814
4120,4120010,30135,1.517441
4121,4121011,42730,2.151659
4122,4122010,51692,2.602939
4123,4123014,53549,2.696448
4124,4124010,47643,2.399052
4125,4125014,36200,1.822843
4126,4126011,23621,1.189430
4127,4127015,14675,0.738956
4128,4128011,12819,0.645498
4129,4129011,18756,0.944454
4130,4130009,30119,1.516635
4131,4131013,42810,2.155688
4132,4132009,51692,2.602939
4133,4133013,53549,2.696448
4134,4134010,47691,2.401470
4135,4135013,36232,1.824454
4136,4136010,23653,1.191041
4137,4137011,14691,0.739762
4138,4138015,12819,0.645498
4139,4139012,18724,0.942843
4140,4140008,30119,1.516635
4141,4141012,42762,2.153271
4142,4142008,51692,2.602939
4143,4143012,53661,2.702087
4144,4144009,47755,2.404692
4145,4145009,36296,1.827677
4146,4146014,23589,1.187819
4147,4147010,14707,0.740568
4148,4148014,12755,0.642275
4149,4149010,18708,0.942037
4150,4150014,30215,1.521469
4151,4151011,42762,2.153271
4152,4152015,51692,2.602939
4153,4153009,53613,2.699670
4154,4154015,47659,2.399858
4155,4155012,36184,1.822037
4156,4156008,23669,1.191847
4157,4157012,14787,0.744596
4158,4158009,12803,0.644692
4159,4159013,18756,0.944454
4160,4160009,30087,1.515024
4161,4161014,42858,2.158105
4162,4162012,51708,2.603744
4163,4163008,53645,2.701282
4164,4164012,47707,2.402275
4165,4165008,36296,1.827677
4166,4166012,23605,1.188624
4167,4167009,14723,0.741373
4168,4168013,12835,0.646303
4169,4169014,18692,0.941231
4170,4170012,30135,1.517441
4171,4171009,42714,2.150854
4172,4172013,51756,2.606162
4173,4173009,53549,2.696448
4174,4174013,47675,2.400664
4175,4175009,36296,1.827677
4176,4176013,23637,1.190236
4177,4177015,14707,0.740568
4178,4178012,12755,0.642275
4179,4179009,18660,0.939620
4180,4180013,30151,1.518247
4181,4181009,42714,2.150854
4182,4182013,51676,2.602133
4183,4183009,53549,2.696448
4184,4184013,47691,2.401470
4185,4185015,36248,1.825260
4186,4186012,23605,1.188624
4187,4187009,14691,0.739762
4188,4188013,12867,0.647915
4189,4189009,18692,0.941231
4190,4190013,30231,1.522275
4191,4191009,42698,2.150048
4192,4192013,51788,2.607773
4193,4193008,53501,2.694030
4194,4194014,47675,2.400664
4195,4195010,36248,1.825260
4196,4196014,23605,1.188624
4197,4197011,14739,0.742179
4198,4198015,12803,0.644692
4199,4199011,18708,0.942037
4200,4200015,30199,1.520664
4201,4201010,42778,2.154076
4202,4202015,51724,2.604550
4203,4203011,53565,2.697253
4204,4204015,47691,2.401470
4205,4205011,36280,1.826871
4206,4206008,23653,1.191041
4207,4207012,14675,0.738956
4208,4208008,12691,0.639052
4209,4209011,18612,0.937203
4210,4210009,30151,1.518247
4211,4211013,42778,2.154076
4212,4212009,51724,2.604550
4213,4213013,53645,2.701282
4214,4214010,47675,2.400664
4215,4215014,36200,1.822843
4216,4216010,23557,1.186207
4217,4217013,14579,0.734122
4218,4218011,12835,0.646303
4219,4219015,18644,0.938814
4220,4220012,30199,1.520664
4221,4221008,42762,2.153271
4222,4222012,51740,2.605356
4223,4223009,53581,2.698059
4224,4224013,47707,2.402275
4225,4225015,36232,1.824454
4226,4226012,23589,1.187819
4227,4227009,14691,0.739762
4228,4228013,12867,0.647915
4229,4229009,18692,0.941231
4230,4230013,30151,1.518247
4231,4231009,42746,2.152465
4232,4232013,51820,2.609384
4233,4233009,53613,2.699670
4234,4234014,47643,2.399052
4235,4235010,36280,1.826871
4236,4236014,23653,1.191041
4237,4237010,14723,0.741373
4238,4238014,12819,0.645498
4239,4239011,18756,0.944454
4240,4240015,30215,1.521469
4241,4241010,42762,2.153271
4242,4242015,51756,2.606162
4243,4243011,53533,2.695642
4244,4244008,47755,2.404692
4245,4245012,36264,1.826065
4246,4246008,23653,1.191041
4247,4247012,14707,0.740568
4248,4248009,12787,0.643886
4249,4249012,18756,0.944454
4250,4250012,30151,1.518247
4251,4251008,42746,2.152465
4252,4252012,51724,2.604550
4253,4253009,53581,2.698059
4254,4254013,47595,2.396635
4255,4255009,36280,1.826871
4256,4256013,23605,1.188624
4257,4257009,14723,0.741373
4258,4258014,12867,0.647915
4259,4259010,18708,0.942037
4260,4260014,30151,1.518247
4261,4261011,42794,2.154882
4262,4262015,51756,2.606162
4263,4263011,53581,2.698059
4264,4264008,47755,2.404692
4265,4265011,36248,1.825260
4266,4266009,23669,1.191847
4267,4267013,14643,0.737345
4268,4268009,12771,0.643081
4269,4269013,18740,0.943648
4270,4270009,30119,1.516635
4271,4271013,42810,2.155688
4272,4272010,51612,2.598910
4273,4273015,53517,2.694836
4274,4274012,47643,2.399052
4275,4275009,36216,1.823648
4276,4276013,23653,1.191041
4277,4277009,14707,0.740568
4278,4278013,12787,0.643886
4279,4279009,18660,0.939620
4280,4280013,30231,1.522275
4281,4281010,42762,2.153271
4282,4282009,51724,2.604550
4283,4283013,53629,2.700476
4284,4284010,47691,2.401470
4285,4285014,36168,1.821231
4286,4286010,23605,1.188624
4287,4287014,14659,0.738151
4288,4288010,12819,0.645498
4289,4289009,18660,0.939620
4290,4290014,30199,1.520664
4291,4291011,42730,2.151659
4292,4292015,51740,2.605356
4293,4293011,53565,2.697253
4294,4294008,47787,2.406304
4295,4295012,36248,1.825260
4296,4296008,23653,1.191041
4297,4297014,14691,0.739762
4298,4298011,12803,0.644692
4299,4299015,18884,0.950899
4300,4300011,30183,1.519858
4301,4301008,42762,2.153271
4302,4302012,51676,2.602133
4303,4303008,53597,2.698865
4304,4304012,47691,2.401470
4305,4305010,36280,1.826871
4306,4306008,23637,1.190236
4307,4307012,14723,0.741373
4308,4308008,12803,0.644692
4309,4309012,18772,0.945260
4310,4310008,30103,1.515830
4311,4311012,42826,2.156494
4312,4312009,51756,2.606162
4313,4313015,53453,2.691614
4314,4314012,47627,2.398247
4315,4315009,36200,1.822843
4316,4316013,23621,1.189430
4317,4317009,14691,0.739762
4318,4318013,12771,0.643081
4319,4319009,18676,0.940426
4320,4320013,30215,1.521469
4321,4321012,42826,2.156494
4322,4322009,51692,2.602939
4323,4323013,53613,2.699670
4324,4324009,47707,2.402275
4325,4325013,36232,1.824454
4326,4326010,23685,1.192653
4327,4327014,14675,0.738956
4328,4328010,12819,0.645498
4329,4329009,18740,0.943648
4330,4330008,30103,1.515830
4331,4331013,42778,2.154076
4332,4332009,51772,2.606967
4333,4333013,53645,2.701282
4334,4334010,47803,2.407109
4335,4335014,36264,1.826065
4336,4336010,23621,1.189430
4337,4337009,14723,0.741373
4338,4338014,12835,0.646303
4339,4339010,18692,0.941231
4340,4340014,30295,1.525498
4341,4341010,42794,2.154882
4342,4342014,51708,2.603744
4343,4343011,53565,2.697253
4344,4344015,47691,2.401470
4345,4345014,36248,1.825260
4346,4346012,23605,1.188624
4347,4347008,14675,0.738956
4348,4348012,12819,0.645498
4349,4349008,18644,0.938814
4350,4350012,30151,1.518247
4351,4351009,42682,2.149242
4352,4352013,51644,2.600522
4353,4353012,53613,2.699670
4354,4354011,47675,2.400664
4355,4355015,36200,1.822843
4356,4356011,23653,1.191041
4357,4357008,14755,0.742985
4358,4358012,12835,0.646303
4359,4359008,18692,0.941231
4360,4360012,30183,1.519858
4361,4361012,42778,2.154076
4362,4362008,51692,2.602939
4363,4363012,53645,2.701282
4364,4364009,47643,2.399052
4365,4365013,36264,1.826065
4366,4366009,23653,1.191041
4367,4367013,14643,0.737345
4368,4368009,12803,0.644692
4369,4369010,18708,0.942037
4370,4370008,30135,1.517441
4371,4371013,42826,2.156494
4372,4372009,51628,2.599716
4373,4373013,53469,2.692419
4374,4374009,47723,2.403081
4375,4375013,36200,1.822843
4376,4376010,23557,1.186207
4377,4377011,14707,0.740568
4378,4378008,12819,0.645498
4379,4379012,18708,0.942037
4380,4380009,30135,1.517441
4381,4381013,42762,2.153271
4382,4382009,51692,2.602939
4383,4383013,53613,2.699670
4384,4384009,47691,2.401470
4385,4385010,36264,1.826065
4386,4386015,23605,1.188624
4387,4387011,14707,0.740568
4388,4388008,12835,0.646303
4389,4389012,18724,0.942843
4390,4390008,30103,1.515830
4391,4391012,42794,2.154882
4392,4392008,51660,2.601328
4393,4393009,53613,2.699670
4394,4394014,47643,2.399052
4395,4395010,36296,1.827677
4396,4396014,23589,1.187819
4397,4397011,14723,0.741373
4398,4398015,12867,0.647915
4399,4399011,18692,0.941231
4400,4400015,30231,1.522275
4401,4401009,42826,2.156494
4402,4402010,51660,2.601328
4403,4403014,53549,2.696448
4404,4404010,47707,2.402275
4405,4405014,36200,1.822843
4406,4406011,23637,1.190236
4407,4407015,14595,0.734928
4408,4408011,12803,0.644692
4409,4409012,18756,0.944454
4410,4410011,30183,1.519858
4411,4411015,42842,2.157299
4412,4412011,51708,2.603744
4413,4413015,53645,2.701282
4414,4414011,47675,2.400664
4415,4415008,36296,1.827677
4416,4416012,23637,1.190236
4417,4417014,14675,0.738956
4418,4418011,12851,0.647109
4419,4419015,18820,0.947677
4420,4420011,30199,1.520664
4421,4421008,42714,2.150854
4422,4422012,51724,2.604550
4423,4423008,53597,2.698865
4424,4424012,47659,2.399858
4425,4425014,36200,1.822843
4426,4426011,23637,1.190236
4427,4427015,14643,0.737345
4428,4428011,12835,0.646303
4429,4429015,18836,0.948482
4430,4430011,30103,1.515830
4431,4431008,42746,2.152465
4432,4432012,51708,2.603744
4433,4433014,53533,2.695642
4434,4434011,47691,2.401470
4435,4435014,36248,1.825260
4436,4436011,23653,1.191041
4437,4437015,14579,0.734122
4438,4438011,12787,0.643886
4439,4439008,18660,0.939620
4440,4440012,30199,1.520664
4441,4441015,42762,2.153271
4442,4442013,51676,2.602133
4443,4443010,53581,2.698059
4444,4444014,47739,2.403886
4445,4445010,36296,1.827677
4446,4446014,23589,1.187819
4447,4447011,14723,0.741373
4448,4448015,12899,0.649526
4449,4449011,18708,0.942037
4450,4450009,30151,1.518247
4451,4451013,42794,2.154882
4452,4452009,51692,2.602939
4453,4453013,53613,2.699670
4454,4454010,47739,2.403886
4455,4455014,36232,1.824454
4456,4456010,23637,1.190236
4457,4457013,14675,0.738956
4458,4458010,12835,0.646303
4459,4459014,18708,0.942037
4460,4460010,30183,1.519858
4461,4461014,42826,2.156494
4462,4462011,51724,2.604550
4463,4463015,53453,2.691614
4464,4464011,47675,2.400664
4465,4465014,36232,1.824454
4466,4466012,23573,1.187013
4467,4467009,14707,0.740568
4468,4468013,12835,0.646303
4469,4469010,18676,0.940426
4470,4470014,30199,1.520664
4471,4471010,42762,2.153271
4472,4472014,51724,2.604550
4473,4473010,53565,2.697253
4474,4474009,47707,2.402275
4475,4475013,36248,1.825260
4476,4476009,23701,1.193458
4477,4477013,14707,0.740568
4478,4478010,12835,0.646303
4479,4479014,18724,0.942843
4480,4480010,30151,1.518247
4481,4481014,42842,2.157299
4482,4482011,51692,2.602939
4483,4483008,53581,2.698059
4484,4484012,47691,2.401470
4485,4485008,36312,1.828482
4486,4486012,23605,1.188624
4487,4487009,14675,0.738956
4488,4488013,12835,0.646303
4489,4489010,18676,0.940426
4490,4490008,30087,1.515024
4491,4491012,42762,2.153271
4492,4492008,51724,2.604550
4493,4493012,53597,2.698865
4494,4494008,47707,2.402275
4495,4495012,36232,1.824454
4496,4496009,23685,1.192653
4497,4497014,14723,0.741373
4498,4498011,12803,0.644692
4499,4499015,18756,0.944454
4500,4500012,30167,1.519052
4501,4501008,42730,2.151659
4502,4502012,51724,2.604550
4503,4503009,53613,2.699670
4504,4504013,47691,2.401470
4505,4505010,36248,1.825260
4506,4506008,23669,1.191847
4507,4507012,14691,0.739762
4508,4508009,12883,0.648720
4509,4509013,18724,0.942843
4510,4510009,30119,1.516635
4511,4511013,42810,2.155688
4512,4512009,51692,2.602939
4513,4513014,53501,2.694030
4514,4514012,47675,2.400664
4515,4515009,36264,1.826065
4516,4516013,23589,1.187819
4517,4517009,14723,0.741373
4518,4518013,12771,0.643081
4519,4519010,18676,0.940426
4520,4520014,30183,1.519858
4521,4521011,42762,2.153271
4522,4522015,51740,2.605356
4523,4523012,53581,2.698059
4524,4524008,47755,2.404692
4525,4525012,36280,1.826871
4526,4526008,23669,1.191847
4527,4527012,14691,0.739762
4528,4528009,12867,0.647915
4529,4529015,18724,0.942843
4530,4530008,30103,1.515830
4531,4531013,42746,2.152465
4532,4532009,51772,2.606967
4533,4533013,53581,2.698059
4534,4534009,47707,2.402275
4535,4535013,36296,1.827677
4536,4536010,23653,1.191041
4537,4537009,14739,0.742179
4538,4538014,12803,0.644692
4539,4539010,18724,0.942843
4540,4540014,30167,1.519052
4541,4541011,42842,2.157299
4542,4542015,51596,2.598105
4543,4543011,53613,2.699670
4544,4544015,47595,2.396635
4545,4545015,36248,1.825260
4546,4546013,23573,1.187013
4547,4547009,14707,0.740568
4548,4548013,12819,0.645498
4549,4549009,18660,0.939620
4550,4550013,30151,1.518247
4551,4551010,42714,2.150854
4552,4552014,51724,2.604550
4553,4553013,53597,2.698865
4554,4554009,47691,2.401470
4555,4555013,36264,1.826065
4556,4556010,23653,1.191041
4557,4557014,14675,0.738956
4558,4558010,12835,0.646303
4559,4559014,18660,0.939620
4560,4560010,30135,1.517441
4561,4561010,42762,2.153271
4562,4562015,51724,2.604550
4563,4563011,53581,2.698059
4564,4564015,47707,2.402275
4565,4565011,36232,1.824454
4566,4566008,23653,1.191041
4567,4567012,14691,0.739762
4568,4568008,12851,0.647109
4569,4569008,18692,0.941231
4570,4570015,30231,1.522275
4571,4571011,42746,2.152465
4572,4572008,51692,2.602939
4573,4573012,53549,2.696448
4574,4574008,47691,2.401470
4575,4575012,36248,1.825260
4576,4576009,23669,1.191847
4577,4577008,14691,0.739762
4578,4578015,12787,0.643886
4579,4579012,18708,0.942037
4580,4580008,30087,1.515024
4581,4581012,42730,2.151659
4582,4582008,51628,2.599716
4583,4583012,53549,2.696448
4584,4584009,47739,2.403886
4585,4585009,36248,1.825260
4586,4586014,23589,1.187819
4587,4587011,14723,0.741373
4588,4588015,12835,0.646303
4589,4589011,18724,0.942843
4590,4590015,30231,1.522275
4591,4591011,42746,2.152465
4592,4592008,51612,2.598910
4593,4593008,53581,2.698059
4594,4594012,47707,2.402275
4595,4595009,36184,1.822037
4596,4596013,23637,1.190236
4597,4597009,14707,0.740568
4598,4598013,12819,0.645498
4599,4599009,18692,0.941231
4600,4600013,30183,1.519858
4601,4601014,42794,2.154882
4602,4602011,51692,2.602939
4603,4603015,53645,2.701282
4604,4604011,47691,2.401470
4605,4605015,36216,1.823648
4606,4606011,23525,1.184596
4607,4607008,14723,0.741373
4608,4608012,12835,0.646303
4609,4609013,18740,0.943648
4610,4610010,30087,1.515024
4611,4611014,42842,2.157299
4612,4612010,51692,2.602939
4613,4613014,53581,2.698059
4614,4614011,47691,2.401470
4615,4615015,36248,1.825260
4616,4616011,23653,1.191041
4617,4617012,14723,0.741373
4618,4618009,12803,0.644692
4619,4619013,18724,0.942843
4620,4620009,30119,1.516635
4621,4621013,42858,2.158105
4622,4622010,51644,2.600522
4623,4623014,53613,2.699670
4624,4624010,47723,2.403081
4625,4625011,36280,1.826871
4626,4626009,23685,1.192653
4627,4627013,14707,0.740568
4628,4628009,12819,0.645498
4629,4629013,18740,0.943648
4630,4630009,30151,1.518247
4631,4631013,42762,2.153271
4632,4632010,51724,2.604550
4633,4633012,53549,2.696448
4634,4634011,47707,2.402275
4635,4635014,36248,1.825260
4636,4636011,23605,1.188624
4637,4637015,14659,0.738151
4638,4638011,12787,0.643886
4639,4639008,18644,0.938814
4640,4640012,30151,1.518247
4641,4641013,42826,2.156494
4642,4642010,51772,2.606967
4643,4643014,53581,2.698059
4644,4644011,47691,2.401470
4645,4645015,36232,1.824454
4646,4646011,23621,1.189430
4647,4647015,14659,0.738151
4648,4648011,12819,0.645498
4649,4649014,18740,0.943648
4650,4650011,30135,1.517441
4651,4651015,42826,2.156494
4652,4652011,51756,2.606162
4653,4653008,53549,2.696448
4654,4654012,47611,2.397441
4655,4655008,36312,1.828482
4656,4656012,23637,1.190236
4657,4657014,14691,0.739762
4658,4658013,12819,0.645498
4659,4659009,18708,0.942037
4660,4660013,30151,1.518247
4661,4661010,42730,2.151659
4662,4662014,51756,2.606162
4663,4663010,53565,2.697253
4664,4664014,47675,2.400664
4665,4665008,36296,1.827677
4666,4666013,23589,1.187819
4667,4667009,14691,0.739762
4668,4668013,12819,0.645498
4669,4669009,18708,0.942037
4670,4670013,30151,1.518247
4671,4671010,42746,2.152465
4672,4672014,51708,2.603744
4673,4673009,53629,2.700476
4674,4674013,47659,2.399858
4675,4675010,36344,1.830094
4676,4676014,23637,1.190236
4677,4677010,14707,0.740568
4678,4678014,12819,0.645498
4679,4679010,18740,0.943648
4680,4680014,30199,1.520664
4681,4681011,42778,2.154076
4682,4682009,51660,2.601328
4683,4683013,53581,2.698059
4684,4684009,47691,2.401470
4685,4685013,36280,1.826871
4686,4686009,23653,1.191041
4687,4687013,14691,0.739762
4688,4688010,12851,0.647109
4689,4689013,18740,0.943648
4690,4690014,30167,1.519052
4691,4691011,42778,2.154076
4692,4692015,51788,2.607773
4693,4693011,53581,2.698059
4694,4694015,47627,2.398247
4695,4695011,36232,1.824454
4696,4696008,23685,1.192653
4697,4697011,14723,0.741373
4698,4698008,12819,0.645498
4699,4699012,18724,0.942843
4700,4700009,30135,1.517441
4701,4701013,42826,2.156494
4702,4702009,51772,2.606967
4703,4703013,53581,2.698059
4704,4704009,47787,2.406304
4705,4705013,36248,1.825260
4706,4706009,23637,1.190236
4707,4707013,14675,0.738956
4708,4708010,12851,0.647109
4709,4709014,18740,0.943648
4710,4710010,30119,1.516635
4711,4711014,42794,2.154882
4712,4712011,51692,2.602939
4713,4713008,53629,2.700476
4714,4714015,47627,2.398247
4715,4715012,36312,1.828482
4716,4716008,23685,1.192653
4717,4717012,14739,0.742179
4718,4718008,12803,0.644692
4719,4719012,18708,0.942037
4720,4720009,30103,1.515830
4721,4721013,42794,2.154882
4722,4722011,51692,2.602939
4723,4723014,53613,2.699670
4724,4724011,47723,2.403081
4725,4725015,36232,1.824454
4726,4726011,23637,1.190236
4727,4727015,14643,0.737345
4728,4728011,12803,0.644692
4729,4729009,18692,0.941231
4730,4730013,30183,1.519858
4731,4731010,42762,2.153271
4732,4732014,51740,2.605356
4733,4733010,53581,2.698059
4734,4734014,47659,2.399858
4735,4735010,36296,1.827677
4736,4736014,23653,1.191041
4737,4737013,14739,0.742179
4738,4738011,12835,0.646303
4739,4739015,18740,0.943648
4740,4740011,30103,1.515830
4741,4741015,42810,2.155688
4742,4742011,51756,2.606162
4743,4743008,53517,2.694836
4744,4744012,47755,2.404692
4745,4745009,36280,1.826871
4746,4746008,23589,1.187819
4747,4747012,14675,0.738956
4748,4748009,12819,0.645498
4749,4749013,18740,0.943648
4750,4750009,30135,1.517441
4751,4751013,42826,2.156494
4752,4752009,51708,2.603744
4753,4753008,53533,2.695642
4754,4754014,47659,2.399858
4755,4755012,36296,1.827677
4756,4756008,23653,1.191041
4757,4757012,14691,0.739762
4758,4758009,12787,0.643886
4759,4759013,18692,0.941231
4760,4760009,30103,1.515830
4761,4761008,42730,2.151659
4762,4762013,51724,2.604550
4763,4763009,53549,2.696448
4764,4764013,47707,2.402275
4765,4765009,36280,1.826871
4766,4766013,23589,1.187819
4767,4767010,14707,0.740568
4768,4768014,12819,0.645498
4769,4769012,18724,0.942843
4770,4770009,30087,1.515024
4771,4771013,42826,2.156494
4772,4772009,51692,2.602939
4773,4773013,53533,2.695642
4774,4774009,47707,2.402275
4775,4775013,36264,1.826065
4776,4776010,23669,1.191847
4777,4777009,14675,0.738956
4778,4778015,12835,0.646303
4779,4779011,18708,0.942037
4780,4780008,30087,1.515024
4781,4781012,42794,2.154882
4782,4782008,51676,2.602133
4783,4783012,53597,2.698865
4784,4784009,47707,2.402275
4785,4785008,36328,1.829288
4786,4786013,23605,1.188624
4787,4787009,14723,0.741373
4788,4788013,12835,0.646303
4789,4789010,18676,0.940426
4790,4790014,30167,1.519052
4791,4791010,42762,2.153271
4792,4792014,51788,2.607773
4793,4793013,53597,2.698865
4794,4794010,47723,2.403081
4795,4795014,36264,1.826065
4796,4796010,23621,1.189430
4797,4797014,14691,0.739762
4798,4798011,12755,0.642275
4799,4799015,18756,0.944454
4800,4800011,30151,1.518247
4801,4801011,42762,2.153271
4802,4802008,51676,2.602133
4803,4803012,53597,2.698865
4804,4804009,47691,2.401470
4805,4805013,36232,1.824454
4806,4806009,23637,1.190236
4807,4807013,14707,0.740568
4808,4808009,12787,0.643886
4809,4809010,18692,0.941231
4810,4810015,30247,1.523081
4811,4811011,42778,2.154076
4812,4812008,51692,2.602939
4813,4813012,53581,2.698059
4814,4814008,47739,2.403886
4815,4815012,36248,1.825260
4816,4816009,23701,1.193458
4817,4817009,14675,0.738956
4818,4818015,12787,0.643886
4819,4819011,18692,0.941231
4820,4820015,30311,1.526303
4821,4821011,42762,2.153271
4822,4822008,51708,2.603744
4823,4823012,53565,2.697253
4824,4824008,47627,2.398247
4825,4825010,36264,1.826065
4826,4826015,23605,1.188624
4827,4827011,14691,0.739762
4828,4828015,12835,0.646303
4829,4829012,18708,0.942037
4830,4830008,30135,1.517441
4831,4831012,42778,2.154076
4832,4832008,51676,2.602133
4833,4833009,53581,2.698059
4834,4834014,47659,2.399858
4835,4835011,36280,1.826871
4836,4836015,23605,1.188624
4837,4837011,14707,0.740568
4838,4838015,12819,0.645498
4839,4839011,18692,0.941231
4840,4840008,30119,1.516635
4841,4841010,42778,2.154076
4842,4842008,51676,2.602133
4843,4843012,53581,2.698059
4844,4844009,47755,2.404692
4845,4845013,36248,1.825260
4846,4846009,23653,1.191041
4847,4847013,14691,0.739762
4848,4848009,12771,0.643081
4849,4849012,18820,0.947677
4850,4850008,30119,1.516635
4851,4851012,42762,2.153271
4852,4852008,51692,2.602939
4853,4853012,53581,2.698059
4854,4854009,47723,2.403081
4855,4855013,36232,1.824454
4856,4856009,23685,1.192653
4857,4857010,14691,0.739762
4858,4858015,12803,0.644692
4859,4859011,18708,0.942037
4860,4860008,30135,1.517441
4861,4861012,42778,2.154076
4862,4862008,51628,2.599716
4863,4863012,53565,2.697253
4864,4864009,47691,2.401470
4865,4865011,36264,1.826065
4866,4866009,23669,1.191847
4867,4867013,14691,0.739762
4868,4868009,12803,0.644692
4869,4869013,18772,0.945260
4870,4870009,30119,1.516635
4871,4871013,42778,2.154076
4872,4872010,51740,2.605356
4873,4873012,53613,2.699670
4874,4874010,47707,2.402275
4875,4875014,36280,1.826871
4876,4876010,23621,1.189430
4877,4877014,14691,0.739762
4878,4878011,12803,0.644692
4879,4879015,18708,0.942037
4880,4880011,30135,1.517441
4881,4881013,42810,2.155688
4882,4882011,51692,2.602939
4883,4883014,53581,2.698059
4884,4884011,47755,2.404692
4885,4885015,36232,1.824454
4886,4886011,23653,1.191041
4887,4887015,14691,0.739762
4888,4888011,12819,0.645498
4889,4889014,18724,0.942843
4890,4890012,30087,1.515024
4891,4891008,42666,2.148436
4892,4892012,51772,2.606967
4893,4893009,53613,2.699670
4894,4894013,47707,2.402275
4895,4895009,36328,1.829288
4896,4896013,23621,1.189430
4897,4897008,14739,0.742179
4898,4898012,12851,0.647109
4899,4899009,18692,0.941231
4900,4900013,30167,1.519052
4901,4901009,42762,2.153271
4902,4902013,51708,2.603744
4903,4903010,53645,2.701282
4904,4904014,47627,2.398247
4905,4905010,36232,1.824454
4906,4906014,23589,1.187819
4907,4907010,14691,0.739762
4908,4908014,12691,0.639052
4909,4909011,18644,0.938814
4910,4910015,30215,1.521469
4911,4911011,42746,2.152465
4912,4912015,51788,2.607773
4913,4913011,53613,2.699670
4914,4914009,47707,2.402275
4915,4915012,36216,1.823648
4916,4916009,23733,1.195070
4917,4917013,14707,0.740568
4918,4918009,12819,0.645498
4919,4919013,18724,0.942843
4920,4920010,30151,1.518247
4921,4921013,42794,2.154882
4922,4922012,51676,2.602133
4923,4923009,53613,2.699670
4924,4924013,47707,2.402275
4925,4925009,36264,1.826065
4926,4926013,23557,1.186207
4927,4927010,14739,0.742179
4928,4928014,12851,0.647109
4929,4929011,18612,0.937203
4930,4930009,30103,1.515830
4931,4931013,42810,2.155688
4932,4932009,51724,2.604550
4933,4933013,53581,2.698059
4934,4934010,47707,2.402275
4935,4935014,36232,1.824454
4936,4936010,23653,1.191041
4937,4937014,14691,0.739762
4938,4938011,12819,0.645498
4939,4939015,18740,0.943648
4940,4940011,30135,1.517441
4941,4941015,42762,2.153271
4942,4942011,51660,2.601328
4943,4943008,53645,2.701282
4944,4944012,47659,2.399858
4945,4945010,36280,1.826871
4946,4946014,23605,1.188624
4947,4947010,14723,0.741373
4948,4948014,12867,0.647915
4949,4949011,18724,0.942843
4950,4950015,30167,1.519052
4951,4951011,42794,2.154882
4952,4952015,51692,2.602939
4953,4953013,53597,2.698865
4954,4954010,47691,2.401470
4955,4955014,36216,1.823648
4956,4956010,23685,1.192653
4957,4957014,14659,0.738151
4958,4958010,12803,0.644692
4959,4959014,18724,0.942843
4960,4960011,30135,1.517441
4961,4961009,42746,2.152465
4962,4962015,51692,2.602939
4963,4963011,53645,2.701282
4964,4964008,47723,2.403081
4965,4965012,36216,1.823648
4966,4966008,23669,1.191847
4967,4967012,14723,0.741373
4968,4968008,12819,0.645498
4969,4969013,18692,0.941231
4970,4970010,30087,1.515024
4971,4971014,42826,2.156494
4972,4972010,51676,2.602133
4973,4973014,53565,2.697253
4974,4974010,47787,2.406304
4975,4975014,36216,1.823648
4976,4976011,23653,1.191041
4977,4977008,14723,0.741373
4978,4978013,12835,0.646303
4979,4979009,18660,0.939620
4980,4980013,30151,1.518247
4981,4981009,42714,2.150854
4982,4982013,51708,2.603744
4983,4983010,53613,2.699670
4984,4984014,47691,2.401470
4985,4985012,36296,1.827677
4986,4986009,23669,1.191847
4987,4987013,14707,0.740568
4988,4988009,12803,0.644692
4989,4989013,18708,0.942037
4990,4990009,30055,1.513413
4991,4991013,42810,2.155688
4992,4992010,51740,2.605356
4993,4993009,53661,2.702087
4994,4994015,47643,2.399052
4995,4995012,36248,1.825260
4996,4996008,23685,1.192653
4997,4997012,14691,0.739762
4998,4998008,12771,0.643081
4999,4999012,18708,0.942037
5000,5000009,30135,1.517441
5001,5001008,42730,2.151659
5002,5002013,51740,2.605356
5003,5003009,53597,2.698865
5004,5004013,47691,2.401470
5005,5005009,36344,1.830094
5006,5006013,23621,1.189430
5007,5007010,14739,0.742179
5008,5008014,12867,0.647915
5009,5009012,18660,0.939620
5010,5010009,30103,1.515830
5011,5011013,42826,2.156494
5012,5012010,51740,2.605356
5013,5013014,53549,2.696448
5014,5014010,47707,2.402275
5015,5015014,36264,1.826065
5016,5016010,23653,1.191041
5017,5017009,14675,0.738956
5018,5018014,12787,0.643886
5019,5019010,18692,0.941231
5020,5020014,30167,1.519052
5021,5021010,42762,2.153271
5022,5022014,51724,2.604550
5023,5023011,53549,2.696448
5024,5024015,47691,2.401470
5025,5025014,36200,1.822843
5026,5026012,23605,1.188624
5027,5027008,14739,0.742179
5028,5028012,12803,0.644692
5029,5029009,18676,0.940426
5030,5030013,30135,1.517441
5031,5031009,42730,2.151659
5032,5032013,51724,2.604550
5033,5033012,53581,2.698059
5034,5034009,47723,2.403081
5035,5035013,36280,1.826871
5036,5036009,23685,1.192653
5037,5037013,14723,0.741373
5038,5038009,12803,0.644692
5039,5039013,18740,0.943648
5040,5040010,30151,1.518247
5041,5041010,42730,2.151659
5042,5042015,51692,2.602939
5043,5043011,53565,2.697253
5044,5044008,47755,2.404692
5045,5045012,36280,1.826871
5046,5046008,23637,1.190236
5047,5047012,14739,0.742179
5048,5048008,12819,0.645498
5049,5049009,18724,0.942843
5050,5050015,30199,1.520664
5051,5051013,42842,2.157299
5052,5052009,51708,2.603744
5053,5053013,53629,2.700476
5054,5054010,47723,2.403081
5055,5055014,36280,1.826871
5056,5056010,23653,1.191041
5057,5057010,14739,0.742179
5058,5058009,12883,0.648720
5059,5059013,18708,0.942037
5060,5060010,30135,1.517441
5061,5061014,42778,2.154076
5062,5062010,51612,2.598910
5063,5063014,53613,2.699670
5064,5064010,47691,2.401470
5065,5065012,36280,1.826871
5066,5066008,23685,1.192653
5067,5067012,14691,0.739762
5068,5068008,12835,0.646303
5069,5069012,18708,0.942037
5070,5070009,30103,1.515830
5071,5071013,42778,2.154076
5072,5072009,51708,2.603744
5073,5073011,53613,2.699670
5074,5074011,47691,2.401470
5075,5075009,36328,1.829288
5076,5076013,23653,1.191041
5077,5077010,14675,0.738956
5078,5078014,12835,0.646303
5079,5079010,18676,0.940426
5080,5080014,30135,1.517441
5081,5081014,42794,2.154882
5082,5082011,51740,2.605356
5083,5083008,53485,2.693225
5084,5084012,47771,2.405498
5085,5085008,36312,1.828482
5086,5086012,23621,1.189430
5087,5087009,14739,0.742179
5088,5088013,12835,0.646303
5089,5089015,18724,0.942843
5090,5090014,30151,1.518247
5091,5091010,42730,2.151659
5092,5092014,51740,2.605356
5093,5093010,53613,2.699670
5094,5094014,47771,2.405498
5095,5095011,36312,1.828482
5096,5096015,23653,1.191041
5097,5097009,14723,0.741373
5098,5098013,12835,0.646303
5099,5099010,18676,0.940426
5100,5100014,30167,1.519052
5101,5101010,42762,2.153271
5102,5102014,51692,2.602939
5103,5103010,53581,2.698059
5104,5104014,47723,2.403081
5105,5105008,36296,1.827677
5106,5106013,23557,1.186207
5107,5107010,14691,0.739762
5108,5108014,12883,0.648720
5109,5109010,18692,0.941231
5110,5110014,30199,1.520664
5111,5111010,42762,2.153271
5112,5112014,51788,2.607773
5113,5113009,53581,2.698059
5114,5114013,47755,2.404692
5115,5115010,36296,1.827677
5116,5116014,23637,1.190236
5117,5117010,14691,0.739762
5118,5118014,12883,0.648720
5119,5119011,18708,0.942037
5120,5120015,30231,1.522275
5121,5121009,42666,2.148436
5122,5122013,51660,2.601328
5123,5123010,53533,2.695642
5124,5124014,47707,2.402275
5125,5125010,36248,1.825260
5126,5126014,23621,1.189430
5127,5127011,14739,0.742179
5128,5128015,12835,0.646303
5129,5129011,18708,0.942037
5130,5130015,30279,1.524692
5131,5131011,42746,2.152465
5132,5132008,51708,2.603744
5133,5133012,53581,2.698059
5134,5134008,47755,2.404692
5135,5135012,36280,1.826871
5136,5136009,23637,1.190236
5137,5137012,14707,0.740568
5138,5138009,12803,0.644692
5139,5139013,18724,0.942843
5140,5140009,30119,1.516635
5141,5141013,42794,2.154882
5142,5142009,51676,2.602133
5143,5143013,53437,2.690808
5144,5144010,47707,2.402275
5145,5145012,36264,1.826065
5146,5146009,23669,1.191847
5147,5147013,14739,0.742179
5148,5148010,12819,0.645498
5149,5149014,18724,0.942843
5150,5150010,30135,1.517441
5151,5151014,42842,2.157299
5152,5152010,51724,2.604550
5153,5153014,53549,2.696448
5154,5154012,47707,2.402275
5155,5155009,36344,1.830094
5156,5156013,23637,1.190236
5157,5157009,14691,0.739762
5158,5158013,12787,0.643886
5159,5159009,18660,0.939620
5160,5160013,30167,1.519052
5161,5161010,42778,2.154076
5162,5162008,51676,2.602133
5163,5163012,53613,2.699670
5164,5164009,47723,2.403081
5165,5165013,36296,1.827677
5166,5166009,23637,1.190236
5167,5167013,14691,0.739762
5168,5168010,12803,0.644692
5169,5169014,18708,0.942037
5170,5170014,30119,1.516635
5171,5171010,42698,2.150048
5172,5172014,51708,2.603744
5173,5173010,53565,2.697253
5174,5174014,47675,2.400664
5175,5175011,36312,1.828482
5176,5176015,23605,1.188624
5177,5177012,14691,0.739762
5178,5178009,12819,0.645498
5179,5179013,18724,0.942843
5180,5180009,30087,1.515024
5181,5181013,42794,2.154882
5182,5182010,51628,2.599716
5183,5183014,53597,2.698865
5184,5184010,47739,2.403886
5185,5185014,36248,1.825260
5186,5186012,23621,1.189430
5187,5187008,14755,0.742985
5188,5188012,12819,0.645498
5189,5189009,18708,0.942037
5190,5190013,30135,1.517441
5191,5191009,42714,2.150854
5192,5192013,51692,2.602939
5193,5193011,53565,2.697253
5194,5194010,47675,2.400664
5195,5195008,36328,1.829288
5196,5196012,23637,1.190236
5197,5197008,14691,0.739762
5198,5198012,12819,0.645498
5199,5199009,18692,0.941231
5200,5200013,30183,1.519858
5201,5201011,42794,2.154882
5202,5202009,51644,2.600522
5203,5203013,53565,2.697253
5204,5204010,47691,2.401470
5205,5205014,36296,1.827677
5206,5206010,23653,1.191041
5207,5207014,14691,0.739762
5208,5208010,12787,0.643886
5209,5209010,18644,0.938814
5210,5210009,30055,1.513413
5211,5211013,42810,2.155688
5212,5212009,51676,2.602133
5213,5213013,53613,2.699670
5214,5214010,47723,2.403081
5215,5215014,36248,1.825260
5216,5216010,23701,1.193458
5217,5217015,14659,0.738151
5218,5218013,12803,0.644692
5219,5219010,18708,0.942037
5220,5220014,30103,1.515830
5221,5221010,42762,2.153271
5222,5222014,51676,2.602133
5223,5223011,53645,2.701282
5224,5224015,47659,2.399858
5225,5225013,36216,1.823648
5226,5226011,23653,1.191041
5227,5227015,14691,0.739762
5228,5228011,12819,0.645498
5229,5229015,18724,0.942843
5230,5230011,30135,1.517441
5231,5231008,42746,2.152465
5232,5232012,51740,2.605356
5233,5233011,53613,2.699670
5234,5234008,47691,2.401470
5235,5235012,36328,1.829288
5236,5236008,23685,1.192653
5237,5237012,14723,0.741373
5238,5238008,12803,0.644692
5239,5239012,18708,0.942037
5240,5240009,30103,1.515830
5241,5241008,42714,2.150854
5242,5242012,51708,2.603744
5243,5243009,53613,2.699670
5244,5244013,47787,2.406304
5245,5245009,36280,1.826871
5246,5246013,23653,1.191041
5247,5247009,14643,0.737345
5248,5248013,12819,0.645498
5249,5249012,18660,0.939620
5250,5250011,30119,1.516635
5251,5251015,42826,2.156494
5252,5252011,51772,2.606967
5253,5253008,53565,2.697253
5254,5254012,47675,2.400664
5255,5255008,36296,1.827677
5256,5256012,23653,1.191041
5257,5257012,14691,0.739762
5258,5258011,12819,0.645498
5259,5259014,18772,0.945260
5260,5260011,30135,1.517441
5261,5261015,42842,2.157299
5262,5262011,51676,2.602133
5263,5263008,53565,2.697253
5264,5264012,47707,2.402275
5265,5265011,36312,1.828482
5266,5266009,23637,1.190236
5267,5267013,14707,0.740568
5268,5268009,12803,0.644692
5269,5269013,18708,0.942037
5270,5270009,30087,1.515024
5271,5271013,42810,2.155688
5272,5272010,51740,2.605356
5273,5273011,53501,2.694030
5274,5274008,47723,2.403081
5275,5275012,36328,1.829288
5276,5276009,23669,1.191847
5277,5277013,14691,0.739762
5278,5278009,12803,0.644692
5279,5279013,18692,0.941231
5280,5280009,30103,1.515830
5281,5281010,42746,2.152465
5282,5282008,51676,2.602133
5283,5283012,53581,2.698059
5284,5284008,47755,2.404692
5285,5285012,36264,1.826065
5286,5286009,23685,1.192653
5287,5287013,14691,0.739762
5288,5288009,12819,0.645498
5289,5289010,18660,0.939620
5290,5290014,30183,1.519858
5291,5291011,42666,2.148436
5292,5292015,51708,2.603744
5293,5293011,53533,2.695642
5294,5294015,47627,2.398247
5295,5295011,36328,1.829288
5296,5296008,23701,1.193458
5297,5297009,14739,0.742179
5298,5298015,12803,0.644692
5299,5299012,18676,0.940426
5300,5300008,30071,1.514218
5301,5301012,42762,2.153271
5302,5302008,51644,2.600522
5303,5303012,53629,2.700476
5304,5304009,47723,2.403081
5305,5305010,36280,1.826871
5306,5306009,23589,1.187819
5307,5307013,14707,0.740568
5308,5308009,12819,0.645498
5309,5309013,18724,0.942843
5310,5310010,30119,1.516635
5311,5311014,42794,2.154882
5312,5312010,51692,2.602939
5313,5313012,53533,2.695642
5314,5314010,47723,2.403081
5315,5315014,36248,1.825260
5316,5316010,23621,1.189430
5317,5317014,14691,0.739762
5318,5318010,12771,0.643081
5319,5319014,18756,0.944454
5320,5320011,30135,1.517441
5321,5321012,42730,2.151659
5322,5322010,51676,2.602133
5323,5323014,53581,2.698059
5324,5324010,47723,2.403081
5325,5325014,36232,1.824454
5326,5326011,23637,1.190236
5327,5327015,14691,0.739762
5328,5328011,12819,0.645498
5329,5329013,18692,0.941231
5330,5330010,30103,1.515830
5331,5331014,42890,2.159716
5332,5332010,51708,2.603744
5333,5333014,53565,2.697253
5334,5334011,47691,2.401470
5335,5335015,36312,1.828482
5336,5336011,23637,1.190236
5337,5337013,14675,0.738956
5338,5338012,12819,0.645498
5339,5339008,18692,0.941231
5340,5340012,30167,1.519052
5341,5341009,42746,2.152465
5342,5342013,51708,2.603744
5343,5343009,53581,2.698059
5344,5344013,47659,2.399858
5345,5345008,36248,1.825260
5346,5346012,23621,1.189430
5347,5347009,14723,0.741373
5348,5348013,12835,0.646303
5349,5349009,18676,0.940426
5350,5350013,30167,1.519052
5351,5351009,42778,2.154076
5352,5352013,51724,2.604550
5353,5353008,53581,2.698059
5354,5354013,47659,2.399858
5355,5355010,36280,1.826871
5356,5356013,23605,1.188624
5357,5357010,14627,0.736539
5358,5358014,12819,0.645498
5359,5359010,18660,0.939620
5360,5360014,30135,1.517441
5361,5361009,42714,2.150854
5362,5362014,51692,2.602939
5363,5363010,53629,2.700476
5364,5364014,47579,2.395830
5365,5365011,36248,1.825260
5366,5366015,23605,1.188624
5367,5367011,14739,0.742179
5368,5368015,12867,0.647915
5369,5369010,18692,0.941231
5370,5370008,30055,1.513413
5371,5371012,42778,2.154076
5372,5372009,51660,2.601328
5373,5373013,53613,2.699670
5374,5374009,47723,2.403081
5375,5375013,36264,1.826065
5376,5376009,23669,1.191847
5377,5377012,14723,0.741373
5378,5378011,12851,0.647109
5379,5379014,18740,0.943648
5380,5380011,30151,1.518247
5381,5381015,42842,2.157299
5382,5382011,51660,2.601328
5383,5383008,53645,2.701282
5384,5384012,47691,2.401470
5385,5385015,36184,1.822037
5386,5386014,23589,1.187819
5387,5387011,14739,0.742179
5388,5388015,12819,0.645498
5389,5389011,18676,0.940426
5390,5390015,30151,1.518247
5391,5391011,42810,2.155688
5392,5392008,51628,2.599716
5393,5393011,53581,2.698059
5394,5394009,47723,2.403081
5395,5395013,36264,1.826065
5396,5396009,23685,1.192653
5397,5397013,14691,0.739762
5398,5398010,12819,0.645498
5399,5399014,18708,0.942037
5400,5400010,30135,1.517441
5401,5401015,42794,2.154882
5402,5402012,51756,2.606162
5403,5403008,53565,2.697253
5404,5404012,47691,2.401470
5405,5405009,36312,1.828482
5406,5406013,23637,1.190236
5407,5407009,14723,0.741373
5408,5408013,12819,0.645498
5409,5409011,18692,0.941231
5410,5410008,30119,1.516635
5411,5411012,42794,2.154882
5412,5412008,51756,2.606162
5413,5413012,53581,2.698059
5414,5414008,47787,2.406304
5415,5415012,36312,1.828482
5416,5416009,23701,1.193458
5417,5417015,14691,0.739762
5418,5418012,12803,0.644692
5419,5419008,18660,0.939620
5420,5420012,30119,1.516635
5421,5421008,42746,2.152465
5422,5422012,51660,2.601328
5423,5423009,53581,2.698059
5424,5424013,47771,2.405498
5425,5425010,36360,1.830900
5426,5426014,23589,1.187819
5427,5427011,14707,0.740568
5428,5428015,12835,0.646303
5429,5429011,18676,0.940426
5430,5430015,30167,1.519052
5431,5431011,42746,2.152465
5432,5432008,51724,2.604550
5433,5433014,53533,2.695642
5434,5434011,47691,2.401470
5435,5435015,36216,1.823648
5436,5436011,23653,1.191041
5437,5437008,14691,0.739762
5438,5438012,12819,0.645498
5439,5439008,18660,0.939620
5440,5440012,30167,1.519052
5441,5441010,42730,2.151659
5442,5442014,51708,2.603744
5443,5443011,53549,2.696448
5444,5444015,47803,2.407109
5445,5445011,36264,1.826065
5446,5446008,23701,1.193458
5447,5447012,14755,0.742985
5448,5448008,12803,0.644692
5449,5449014,18756,0.944454
5450,5450014,30135,1.517441
5451,5451012,42778,2.154076
5452,5452009,51612,2.598910
5453,5453013,53613,2.699670
5454,5454009,47691,2.401470
5455,5455013,36328,1.829288
5456,5456009,23685,1.192653
5457,5457008,14723,0.741373
5458,5458012,12787,0.643886
5459,5459009,18692,0.941231
5460,5460013,30167,1.519052
5461,5461009,42698,2.150048
5462,5462013,51660,2.601328
5463,5463010,53581,2.698059
5464,5464014,47675,2.400664
5465,5465013,36232,1.824454
5466,5466009,23653,1.191041
5467,5467013,14739,0.742179
5468,5468010,12819,0.645498
5469,5469014,18708,0.942037
5470,5470010,30103,1.515830
5471,5471014,42826,2.156494
5472,5472011,51676,2.602133
5473,5473011,53565,2.697253
5474,5474009,47739,2.403886
5475,5475013,36280,1.826871
5476,5476009,23605,1.188624
5477,5477013,14675,0.738956
5478,5478010,12835,0.646303
5479,5479014,18708,0.942037
5480,5480010,30135,1.517441
5481,5481009,42698,2.150048
5482,5482014,51724,2.604550
5483,5483010,53533,2.695642
5484,5484014,47627,2.398247
5485,5485010,36296,1.827677
5486,5486014,23605,1.188624
5487,5487011,14739,0.742179
5488,5488015,12851,0.647109
5489,5489014,18804,0.946871
5490,5490012,30215,1.521469
5491,5491009,42762,2.153271
5492,5492013,51788,2.607773
5493,5493009,53645,2.701282
5494,5494013,47675,2.400664
5495,5495010,36456,1.835734
5496,5496014,23605,1.188624
5497,5497013,14675,0.738956
5498,5498011,12803,0.644692
5499,5499015,18708,0.942037
5500,5500011,30071,1.514218
5501,5501015,42794,2.154882
5502,5502011,51660,2.601328
5503,5503008,53581,2.698059
5504,5504012,47707,2.402275
5505,5505012,36280,1.826871
5506,5506011,23637,1.190236
5507,5507008,14771,0.743790
5508,5508012,12803,0.644692
5509,5509008,18692,0.941231
5510,5510012,30135,1.517441
5511,5511009,42746,2.152465
5512,5512013,51756,2.606162
5513,5513013,53565,2.697253
5514,5514011,47707,2.402275
5515,5515015,36264,1.826065
5516,5516011,23621,1.189430
5517,5517008,14723,0.741373
5518,5518012,12835,0.646303
5519,5519008,18708,0.942037
5520,5520012,30167,1.519052
5521,5521012,42794,2.154882
5522,5522009,51692,2.602939
5523,5523013,53597,2.698865
5524,5524009,47739,2.403886
5525,5525013,36280,1.826871
5526,5526010,23653,1.191041
5527,5527014,14707,0.740568
5528,5528010,12803,0.644692
5529,5529011,18708,0.942037
5530,5530010,30135,1.517441
5531,5531014,42842,2.157299
5532,5532011,51692,2.602939
5533,5533015,53645,2.701282
5534,5534011,47723,2.403081
5535,5535015,36264,1.826065
5536,5536011,23653,1.191041
5537,5537013,14675,0.738956
5538,5538010,12803,0.644692
5539,5539014,18692,0.941231
5540,5540011,30135,1.517441
5541,5541015,42778,2.154076
5542,5542011,51692,2.602939
5543,5543015,53677,2.702893
5544,5544011,47739,2.403886
5545,5545013,36248,1.825260
5546,5546010,23669,1.191847
5547,5547014,14739,0.742179
5548,5548010,12787,0.643886
5549,5549014,18724,0.942843
5550,5550011,30151,1.518247
5551,5551015,42826,2.156494
5552,5552011,51724,2.604550
5553,5553013,53613,2.699670
5554,5554010,47755,2.404692
5555,5555014,36296,1.827677
5556,5556011,23637,1.190236
5557,5557015,14675,0.738956
5558,5558011,12803,0.644692
5559,5559015,18740,0.943648
5560,5560011,30135,1.517441
5561,5561014,42794,2.154882
5562,5562011,51708,2.603744
5563,5563015,53645,2.701282
5564,5564011,47659,2.399858
5565,5565015,36296,1.827677
5566,5566011,23605,1.188624
5567,5567008,14755,0.742985
5568,5568012,12787,0.643886
5569,5569014,18708,0.942037
5570,5570011,30135,1.517441
5571,5571015,42826,2.156494
5572,5572011,51740,2.605356
5573,5573008,53533,2.695642
5574,5574012,47739,2.403886
5575,5575008,36312,1.828482
5576,5576012,23637,1.190236
5577,5577015,14691,0.739762
5578,5578012,12819,0.645498
5579,5579008,18676,0.940426
5580,5580012,30135,1.517441
5581,5581009,42730,2.151659
5582,5582013,51660,2.601328
5583,5583009,53581,2.698059
5584,5584013,47691,2.401470
5585,5585015,36248,1.825260
5586,5586013,23653,1.191041
5587,5587010,14723,0.741373
5588,5588014,12835,0.646303
5589,5589011,18692,0.941231
5590,5590015,30199,1.520664
5591,5591011,42762,2.153271
5592,5592015,51724,2.604550
5593,5593010,53645,2.701282
5594,5594015,47643,2.399052
5595,5595012,36280,1.826871
5596,5596008,23717,1.194264
5597,5597012,14675,0.738956
5598,5598008,12819,0.645498
5599,5599012,18724,0.942843
5600,5600009,30103,1.515830
5601,5601013,42794,2.154882
5602,5602011,51708,2.603744
5603,5603008,53597,2.698865
5604,5604012,47659,2.399858
5605,5605008,36328,1.829288
5606,5606012,23621,1.189430
5607,5607008,14707,0.740568
5608,5608012,12835,0.646303
5609,5609009,18708,0.942037
5610,5610014,30151,1.518247
5611,5611011,42714,2.150854
5612,5612015,51692,2.602939
5613,5613011,53581,2.698059
5614,5614015,47643,2.399052
5615,5615011,36248,1.825260
5616,5616008,23701,1.193458
5617,5617011,14707,0.740568
5618,5618008,12787,0.643886
5619,5619012,18692,0.941231
5620,5620008,30103,1.515830
5621,5621012,42762,2.153271
5622,5622009,51724,2.604550
5623,5623013,53581,2.698059
5624,5624009,47771,2.405498
5625,5625014,36280,1.826871
5626,5626011,23701,1.193458
5627,5627014,14707,0.740568
5628,5628011,12835,0.646303
5629,5629015,18708,0.942037
5630,5630011,30103,1.515830
5631,5631008,42746,2.152465
5632,5632012,51676,2.602133
5633,5633009,53597,2.698865
5634,5634015,47643,2.399052
5635,5635012,36280,1.826871
5636,5636008,23669,1.191847
5637,5637012,14691,0.739762
5638,5638009,12787,0.643886
5639,5639013,18724,0.942843
5640,5640009,30119,1.516635
5641,5641014,42874,2.158910
5642,5642013,51708,2.603744
5643,5643009,53629,2.700476
5644,5644013,47707,2.402275
5645,5645010,36376,1.831705
5646,5646014,23621,1.189430
5647,5647010,14723,0.741373
5648,5648014,12787,0.643886
5649,5649011,18676,0.940426
5650,5650009,30039,1.512607
5651,5651012,42762,2.153271
5652,5652009,51612,2.598910
5653,5653013,53565,2.697253
5654,5654009,47803,2.407109
5655,5655013,36280,1.826871
5656,5656010,23669,1.191847
5657,5657014,14675,0.738956
5658,5658011,12835,0.646303
5659,5659015,18692,0.941231
5660,5660011,30119,1.516635
5661,5661008,42650,2.147631
5662,5662012,51676,2.602133
5663,5663008,53581,2.698059
5664,5664012,47659,2.399858
5665,5665010,36264,1.826065
5666,5666015,23605,1.188624
5667,5667011,14707,0.740568
5668,5668015,12835,0.646303
5669,5669011,18676,0.940426
5670,5670008,30119,1.516635
5671,5671012,42810,2.155688
5672,5672008,51644,2.600522
5673,5673015,53581,2.698059
5674,5674013,47611,2.397441
5675,5675010,36312,1.828482
5676,5676014,23573,1.187013
5677,5677010,14691,0.739762
5678,5678014,12819,0.645498
5679,5679010,18708,0.942037
5680,5680014,30183,1.519858
5681,5681013,42762,2.153271
5682,5682010,51724,2.604550
5683,5683014,53597,2.698865
5684,5684011,47707,2.402275
5685,5685015,36312,1.828482
5686,5686011,23685,1.192653
5687,5687015,14691,0.739762
5688,5688011,12835,0.646303
5689,5689011,18692,0.941231
5690,5690010,30103,1.515830
5691,5691014,42858,2.158105
5692,5692010,51692,2.602939
5693,5693014,53549,2.696448
5694,5694010,47707,2.402275
5695,5695014,36280,1.826871
5696,5696011,23653,1.191041
5697,5697010,14691,0.739762
5698,5698008,12787,0.643886
5699,5699012,18724,0.942843
5700,5700008,30151,1.518247
5701,5701012,42794,2.154882
5702,5702008,51708,2.603744
5703,5703012,53629,2.700476
5704,5704009,47803,2.407109
5705,5705009,36296,1.827677
5706,5706015,23621,1.189430
5707,5707011,14723,0.741373
5708,5708008,12835,0.646303
5709,5709012,18692,0.941231
5710,5710008,30071,1.514218
5711,5711012,42826,2.156494
5712,5712009,51660,2.601328
5713,5713009,53581,2.698059
5714,5714014,47707,2.402275
5715,5715010,36328,1.829288
5716,5716014,23573,1.187013
5717,5717011,14627,0.736539
5718,5718015,12835,0.646303
5719,5719011,18708,0.942037
5720,5720015,30151,1.518247
5721,5721015,42826,2.156494
5722,5722013,51692,2.602939
5723,5723010,53581,2.698059
5724,5724013,47691,2.401470
5725,5725010,36312,1.828482
5726,5726014,23589,1.187819
5727,5727010,14691,0.739762
5728,5728014,12851,0.647109
5729,5729013,18708,0.942037
5730,5730010,30103,1.515830
5731,5731014,42794,2.154882
5732,5732011,51724,2.604550
5733,5733015,53533,2.695642
5734,5734011,47691,2.401470
5735,5735015,36280,1.826871
5736,5736011,23637,1.190236
5737,5737012,14691,0.739762
5738,5738009,12787,0.643886
5739,5739013,18708,0.942037
5740,5740009,30119,1.516635
5741,5741013,42730,2.151659
5742,5742010,51676,2.602133
5743,5743014,53597,2.698865
5744,5744010,47771,2.405498
5745,5745010,36264,1.826065
5746,5746015,23589,1.187819
5747,5747011,14707,0.740568
5748,5748008,12835,0.646303
5749,5749012,18692,0.941231
5750,5750008,30023,1.511801
5751,5751012,42794,2.154882
5752,5752009,51708,2.603744
5753,5753010,53597,2.698865
5754,5754014,47659,2.399858
5755,5755011,36328,1.829288
5756,5756015,23621,1.189430
5757,5757011,14659,0.738151
5758,5758008,12835,0.646303
5759,5759012,18692,0.941231
5760,5760008,30119,1.516635
5761,5761010,42730,2.151659
5762,5762008,51676,2.602133
5763,5763012,53613,2.699670
5764,5764009,47787,2.406304
5765,5765013,36360,1.830900
5766,5766009,23589,1.187819
5767,5767013,14675,0.738956
5768,5768009,12787,0.643886
5769,5769010,18692,0.941231
5770,5770015,30167,1.519052
5771,5771011,42778,2.154076
5772,5772008,51580,2.597299
5773,5773012,53485,2.693225
5774,5774008,47739,2.403886
5775,5775012,36264,1.826065
5776,5776009,23733,1.195070
5777,5777010,14691,0.739762
5778,5778009,12803,0.644692
5779,5779013,18756,0.944454
5780,5780009,30103,1.515830
5781,5781013,42730,2.151659
5782,5782009,51676,2.602133
5783,5783013,53661,2.702087
5784,5784010,47707,2.402275
5785,5785012,36264,1.826065
5786,5786010,23669,1.191847
5787,5787013,14723,0.741373
5788,5788010,12787,0.643886
5789,5789014,18740,0.943648
5790,5790010,30039,1.512607
5791,5791014,42810,2.155688
5792,5792010,51708,2.603744
5793,5793013,53565,2.697253
5794,5794011,47707,2.402275
5795,5795015,36264,1.826065
5796,5796011,23717,1.194264
5797,5797015,14691,0.739762
5798,5798011,12883,0.648720
5799,5799008,18676,0.940426
5800,5800012,30119,1.516635
5801,5801014,42810,2.155688
5802,5802012,51676,2.602133
5803,5803008,53613,2.699670
5804,5804012,47691,2.401470
5805,5805009,36280,1.826871
5806,5806013,23669,1.191847
5807,5807009,14803,0.745402
5808,5808013,12835,0.646303
5809,5809009,18692,0.941231
5810,5810015,30167,1.519052
5811,5811012,42746,2.152465
5812,5812008,51788,2.607773
5813,5813012,53581,2.698059
5814,5814009,47675,2.400664
5815,5815012,36296,1.827677
5816,5816009,23669,1.191847
5817,5817012,14627,0.736539
5818,5818011,12803,0.644692
5819,5819015,18772,0.945260
5820,5820011,30119,1.516635
5821,5821008,42730,2.151659
5822,5822012,51692,2.602939
5823,5823008,53661,2.702087
5824,5824012,47691,2.401470
5825,5825008,36328,1.829288
5826,5826014,23605,1.188624
5827,5827011,14771,0.743790
5828,5828015,12819,0.645498
5829,5829011,18676,0.940426
5830,5830015,30151,1.518247
5831,5831011,42730,2.151659
5832,5832008,51660,2.601328
5833,5833011,53597,2.698865
5834,5834011,47723,2.403081
5835,5835008,36312,1.828482
5836,5836012,23637,1.190236
5837,5837008,14739,0.742179
5838,5838012,12819,0.645498
5839,5839009,18692,0.941231
5840,5840013,30135,1.517441
5841,5841010,42746,2.152465
5842,5842015,51708,2.603744
5843,5843011,53549,2.696448
5844,5844015,47755,2.404692
5845,5845011,36280,1.826871
5846,5846008,23669,1.191847
5847,5847012,14723,0.741373
5848,5848008,12755,0.642275
5849,5849011,18660,0.939620
5850,5850008,30103,1.515830
5851,5851012,42762,2.153271
5852,5852009,51692,2.602939
5853,5853013,53581,2.698059
5854,5854009,47787,2.406304
5855,5855013,36120,1.818814
5856,5856009,23685,1.192653
5857,5857013,14675,0.738956
5858,5858011,12835,0.646303
5859,5859008,18692,0.941231
5860,5860012,30167,1.519052
5861,5861008,42682,2.149242
5862,5862012,51724,2.604550
5863,5863009,53533,2.695642
5864,5864013,47723,2.403081
5865,5865010,36328,1.829288
5866,5866014,23557,1.186207
5867,5867010,14707,0.740568
5868,5868014,12851,0.647109
5869,5869011,18724,0.942843
5870,5870015,30167,1.519052
5871,5871011,42746,2.152465
5872,5872015,51740,2.605356
5873,5873013,53533,2.695642
5874,5874011,47707,2.402275
5875,5875015,36264,1.826065
5876,5876011,23653,1.191041
5877,5877015,14611,0.735734
5878,5878011,12803,0.644692
5879,5879008,18660,0.939620
5880,5880012,30151,1.518247
5881,5881009,42778,2.154076
5882,5882015,51628,2.599716
5883,5883012,53645,2.701282
5884,5884008,47755,2.404692
5885,5885012,36248,1.825260
5886,5886008,23717,1.194264
5887,5887012,14723,0.741373
5888,5888009,12787,0.643886
5889,5889014,18660,0.939620
5890,5890011,30087,1.515024
5891,5891014,42842,2.157299
5892,5892011,51676,2.602133
5893,5893015,53565,2.697253
5894,5894011,47659,2.399858
5895,5895015,36296,1.827677
5896,5896011,23637,1.190236
5897,5897010,14723,0.741373
5898,5898009,12867,0.647915
5899,5899013,18708,0.942037
5900,5900010,30151,1.518247
5901,5901014,42730,2.151659
5902,5902010,51676,2.602133
5903,5903014,53581,2.698059
5904,5904010,47819,2.407915
5905,5905009,36312,1.828482
5906,5906015,23717,1.194264
5907,5907012,14755,0.742985
5908,5908009,12851,0.647109
5909,5909013,18724,0.942843
5910,5910009,30087,1.515024
5911,5911013,42842,2.157299
5912,5912009,51644,2.600522
5913,5913008,53581,2.698059
5914,5914013,47675,2.400664
5915,5915010,36312,1.828482
5916,5916014,23605,1.188624
5917,5917010,14675,0.738956
5918,5918014,12819,0.645498
5919,5919011,18692,0.941231
5920,5920015,30135,1.517441
5921,5921013,42746,2.152465
5922,5922011,51644,2.600522
5923,5923015,53549,2.696448
5924,5924011,47755,2.404692
5925,5925015,36248,1.825260
5926,5926011,23589,1.187819
5927,5927008,14755,0.742985
5928,5928012,12835,0.646303
5929,5929011,18676,0.940426
5930,5930009,30039,1.512607
5931,5931013,42826,2.156494
5932,5932010,51676,2.602133
5933,5933014,53597,2.698865
5934,5934010,47707,2.402275
5935,5935014,36280,1.826871
5936,5936010,23653,1.191041
5937,5937010,14723,0.741373
5938,5938014,12819,0.645498
5939,5939011,18708,0.942037
5940,5940015,30167,1.519052
5941,5941011,42778,2.154076
5942,5942015,51724,2.604550
5943,5943012,53565,2.697253
5944,5944008,47739,2.403886
5945,5945008,36360,1.830900
5946,5946013,23637,1.190236
5947,5947009,14723,0.741373
5948,5948013,12803,0.644692
5949,5949010,18660,0.939620
5950,5950013,30215,1.521469
5951,5951010,42698,2.150048
5952,5952014,51740,2.605356
5953,5953014,53597,2.698865
5954,5954012,47739,2.403886
5955,5955009,36344,1.830094
5956,5956013,23653,1.191041
5957,5957009,14691,0.739762
5958,5958013,12787,0.643886
5959,5959010,18692,0.941231
5960,5960014,30183,1.519858
5961,5961014,42794,2.154882
5962,5962012,51676,2.602133
5963,5963009,53693,2.703699
5964,5964013,47723,2.403081
5965,5965009,36280,1.826871
5966,5966013,23605,1.188624
5967,5967009,14739,0.742179
5968,5968013,12835,0.646303
5969,5969014,18740,0.943648
5970,5970012,30183,1.519858
5971,5971008,42730,2.151659
5972,5972012,51724,2.604550
5973,5973009,53549,2.696448
5974,5974013,47707,2.402275
5975,5975009,36248,1.825260
5976,5976013,23621,1.189430
5977,5977014,14707,0.740568
5978,5978011,12851,0.647109
5979,5979015,18740,0.943648
5980,5980011,30055,1.513413
5981,5981008,42698,2.150048
5982,5982012,51740,2.605356
5983,5983008,53517,2.694836
5984,5984012,47723,2.403081
5985,5985014,36264,1.826065
5986,5986013,23653,1.191041
5987,5987009,14739,0.742179
5988,5988013,12803,0.644692
5989,5989009,18660,0.939620
5990,5990013,30215,1.521469
5991,5991010,42762,2.153271
5992,5992014,51724,2.604550
5993,5993014,53565,2.697253
5994,5994012,47755,2.404692
5995,5995008,36312,1.828482
5996,5996012,23557,1.186207
5997,5997009,14723,0.741373
5998,5998013,12835,0.646303
5999,5999009,18660,0.939620
6000,6000013,30183,1.519858
6001,6001015,42746,2.152465
6002,6002014,51756,2.606162
6003,6003010,53597,2.698865
6004,6004014,47723,2.403081
6005,6005010,36328,1.829288
6006,6006014,23589,1.187819
6007,6007011,14739,0.742179
6008,6008015,12819,0.645498
6009,6009009,18676,0.940426
6010,6010015,30167,1.519052
6011,6011012,42762,2.153271
6012,6012008,51676,2.602133
6013,6013012,53581,2.698059
6014,6014009,47787,2.406304
6015,6015013,36280,1.826871
6016,6016009,23637,1.190236
6017,6017011,14739,0.742179
6018,6018008,12755,0.642275
6019,6019012,18756,0.944454
6020,6020009,30103,1.515830
6021,6021013,42778,2.154076
6022,6022009,51692,2.602939
6023,6023013,53613,2.699670
6024,6024009,47755,2.404692
6025,6025012,36216,1.823648
6026,6026009,23685,1.192653
6027,6027013,14723,0.741373
6028,6028009,12787,0.643886
6029,6029013,18756,0.944454
6030,6030010,30071,1.514218
6031,6031014,42778,2.154076
6032,6032010,51724,2.604550
6033,6033012,53581,2.698059
6034,6034009,47771,2.405498
6035,6035013,36264,1.826065
6036,6036010,23685,1.192653
6037,6037014,14707,0.740568
6038,6038010,12787,0.643886
6039,6039014,18724,0.942843
6040,6040010,30087,1.515024
6041,6041013,42730,2.151659
6042,6042013,51692,2.602939
6043,6043009,53565,2.697253
6044,6044013,47707,2.402275
6045,6045010,36328,1.829288
6046,6046014,23669,1.191847
6047,6047010,14739,0.742179
6048,6048014,12787,0.643886
6049,6049010,18756,0.944454
6050,6050015,30167,1.519052
6051,6051011,42794,2.154882
6052,6052015,51708,2.603744
6053,6053011,53629,2.700476
6054,6054008,47739,2.403886
6055,6055012,36296,1.827677
6056,6056008,23653,1.191041
6057,6057011,14691,0.739762
6058,6058009,12851,0.647109
6059,6059013,18724,0.942843
6060,6060009,30055,1.513413
6061,6061013,42762,2.153271
6062,6062010,51724,2.604550
6063,6063014,53565,2.697253
6064,6064010,47691,2.401470
6065,6065015,36264,1.826065
6066,6066012,23621,1.189430
6067,6067008,14723,0.741373
6068,6068012,12803,0.644692
6069,6069009,18660,0.939620
6070,6070013,30103,1.515830
6071,6071009,42714,2.150854
6072,6072013,51692,2.602939
6073,6073010,53597,2.698865
6074,6074008,47739,2.403886
6075,6075012,36280,1.826871
6076,6076008,23573,1.187013
6077,6077012,14691,0.739762
6078,6078009,12803,0.644692
6079,6079013,18676,0.940426
6080,6080009,30103,1.515830
6081,6081013,42778,2.154076
6082,6082012,51740,2.605356
6083,6083009,53629,2.700476
6084,6084013,47723,2.403081
6085,6085009,36312,1.828482
6086,6086013,23621,1.189430
6087,6087010,14739,0.742179
6088,6088014,12819,0.645498
6089,6089011,18660,0.939620
6090,6090008,30071,1.514218
6091,6091012,42762,2.153271
6092,6092009,51740,2.605356
6093,6093013,53581,2.698059
6094,6094009,47707,2.402275
6095,6095013,36344,1.830094
6096,6096009,23685,1.192653
6097,6097014,14723,0.741373
6098,6098013,12819,0.645498
6099,6099010,18692,0.941231
6100,6100014,30119,1.516635
6101,6101011,42650,2.147631
6102,6102015,51708,2.603744
6103,6103011,53581,2.698059
6104,6104015,47643,2.399052
6105,6105013,36280,1.826871
6106,6106010,23669,1.191847
6107,6107014,14675,0.738956
6108,6108010,12819,0.645498
6109,6109014,18676,0.940426
6110,6110010,30023,1.511801
6111,6111014,42810,2.155688
6112,6112011,51740,2.605356
6113,6113008,53565,2.697253
6114,6114013,47707,2.402275
6115,6115010,36296,1.827677
6116,6116014,23653,1.191041
6117,6117011,14675,0.738956
6118,6118015,12803,0.644692
6119,6119011,18676,0.940426
6120,6120015,30151,1.518247
6121,6121012,42762,2.153271
6122,6122010,51692,2.602939
6123,6123014,53469,2.692419
6124,6124010,47691,2.401470
6125,6125014,36296,1.827677
6126,6126011,23717,1.194264
6127,6127015,14707,0.740568
6128,6128011,12787,0.643886
6129,6129009,18660,0.939620
6130,6130015,30183,1.519858
6131,6131011,42778,2.154076
6132,6132015,51756,2.606162
6133,6133011,53549,2.696448
6134,6134008,47771,2.405498
6135,6135012,36264,1.826065
6136,6136008,23653,1.191041
6137,6137015,14643,0.737345
6138,6138012,12835,0.646303
6139,6139009,18660,0.939620
6140,6140013,30103,1.515830
6141,6141009,42730,2.151659
6142,6142013,51724,2.604550
6143,6143009,53645,2.701282
6144,6144013,47675,2.400664
6145,6145012,36200,1.822843
6146,6146010,23669,1.191847
6147,6147014,14675,0.738956
6148,6148011,12771,0.643081
6149,6149015,18708,0.942037
6150,6150011,30103,1.515830
6151,6151015,42810,2.155688
6152,6152011,51644,2.600522
6153,6153010,53629,2.700476
6154,6154015,47675,2.400664
6155,6155011,36312,1.828482
6156,6156008,23685,1.192653
6157,6157012,14707,0.740568
6158,6158008,12787,0.643886
6159,6159012,18660,0.939620
6160,6160008,30039,1.512607
6161,6161015,42762,2.153271
6162,6162013,51724,2.604550
6163,6163009,53581,2.698059
6164,6164013,47739,2.403886
6165,6165010,36280,1.826871
6166,6166014,23653,1.191041
6167,6167010,14691,0.739762
6168,6168014,12835,0.646303
6169,6169013,18676,0.940426
6170,6170010,30087,1.515024
6171,6171014,42810,2.155688
6172,6172010,51660,2.601328
6173,6173014,53533,2.695642
6174,6174011,47739,2.403886
6175,6175015,36280,1.826871
6176,6176011,23637,1.190236
6177,6177011,14707,0.740568
6178,6178011,12803,0.644692
6179,6179009,18660,0.939620
6180,6180014,30151,1.518247
6181,6181010,42762,2.153271
6182,6182014,51724,2.604550
6183,6183010,53661,2.702087
6184,6184014,47723,2.403081
6185,6185014,36168,1.821231
6186,6186013,23637,1.190236
6187,6187011,14691,0.739762
6188,6188015,12819,0.645498
6189,6189011,18660,0.939620
6190,6190015,30151,1.518247
6191,6191011,42698,2.150048
6192,6192008,51708,2.603744
6193,6193008,53501,2.694030
6194,6194014,47691,2.401470
6195,6195010,36296,1.827677
6196,6196014,23653,1.191041
6197,6197011,14675,0.738956
6198,6198015,12803,0.644692
6199,6199011,18676,0.940426
6200,6200015,30167,1.519052
6201,6201008,42682,2.149242
6202,6202012,51708,2.603744
6203,6203009,53661,2.702087
6204,6204013,47723,2.403081
6205,6205009,36296,1.827677
6206,6206013,23637,1.190236
6207,6207010,14723,0.741373
6208,6208014,12787,0.643886
6209,6209015,18756,0.944454
6210,6210013,30103,1.515830
6211,6211010,42698,2.150048
6212,6212013,51708,2.603744
6213,6213010,53613,2.699670
6214,6214014,47723,2.403081
6215,6215010,36328,1.829288
6216,6216014,23637,1.190236
6217,6217009,14787,0.744596
6218,6218015,12867,0.647915
6219,6219012,18692,0.941231
6220,6220009,30119,1.516635
6221,6221013,42746,2.152465
6222,6222009,51676,2.602133
6223,6223013,53549,2.696448
6224,6224009,47771,2.405498
6225,6225011,36232,1.824454
6226,6226010,23685,1.192653
6227,6227014,14739,0.742179
6228,6228011,12787,0.643886
6229,6229015,18724,0.942843
6230,6230011,30103,1.515830
6231,6231015,42858,2.158105
6232,6232011,51676,2.602133
6233,6233013,53581,2.698059
6234,6234012,47771,2.405498
6235,6235009,36312,1.828482
6236,6236013,23589,1.187819
6237,6237009,14723,0.741373
6238,6238013,12851,0.647109
6239,6239009,18692,0.941231
6240,6240013,30231,1.522275
6241,6241009,42650,2.147631
6242,6242009,51628,2.599716
6243,6243014,53549,2.696448
6244,6244010,47755,2.404692
6245,6245014,36232,1.824454
6246,6246010,23685,1.192653
6247,6247014,14691,0.739762
6248,6248011,12835,0.646303
6249,6249014,18676,0.940426
6250,6250012,30119,1.516635
6251,6251008,42730,2.151659
6252,6252012,51724,2.604550
6253,6253009,53597,2.698865
6254,6254013,47691,2.401470
6255,6255009,36296,1.827677
6256,6256013,23637,1.190236
6257,6257008,14691,0.739762
6258,6258012,12835,0.646303
6259,6259009,18644,0.938814
6260,6260013,30151,1.518247
6261,6261009,42746,2.152465
6262,6262013,51724,2.604550
6263,6263009,53581,2.698059
6264,6264013,47691,2.401470
6265,6265009,36312,1.828482
6266,6266014,23621,1.189430
6267,6267010,14739,0.742179
6268,6268014,12819,0.645498
6269,6269011,18660,0.939620
6270,6270015,30151,1.518247
6271,6271011,42746,2.152465
6272,6272015,51740,2.605356
6273,6273011,53597,2.698865
6274,6274009,47707,2.402275
6275,6275013,36328,1.829288
6276,6276009,23605,1.188624
6277,6277013,14707,0.740568
6278,6278010,12835,0.646303
6279,6279014,18676,0.940426
6280,6280010,30135,1.517441
6281,6281013,42682,2.149242
6282,6282009,51836,2.610190
6283,6283013,53565,2.697253
6284,6284010,47787,2.406304
6285,6285014,36232,1.824454
6286,6286010,23669,1.191847
6287,6287014,14723,0.741373
6288,6288010,12787,0.643886
6289,6289015,18756,0.944454
6290,6290012,30119,1.516635
6291,6291009,42730,2.151659
6292,6292013,51724,2.604550
6293,6293009,53581,2.698059
6294,6294013,47755,2.404692
6295,6295009,36296,1.827677
6296,6296013,23621,1.189430
6297,6297010,14723,0.741373
6298,6298015,12819,0.645498
6299,6299011,18692,0.941231
6300,6300008,30087,1.515024
6301,6301012,42810,2.155688
6302,6302008,51676,2.602133
6303,6303012,53549,2.696448
6304,6304009,47691,2.401470
6305,6305013,36248,1.825260
6306,6306009,23701,1.193458
6307,6307013,14707,0.740568
6308,6308010,12835,0.646303
6309,6309014,18740,0.943648
6310,6310010,30119,1.516635
6311,6311014,42730,2.151659
6312,6312010,51676,2.602133
6313,6313014,53597,2.698865
6314,6314013,47707,2.402275
6315,6315009,36280,1.826871
6316,6316013,23573,1.187013
6317,6317010,14755,0.742985
6318,6318014,12867,0.647915
6319,6319010,18676,0.940426
6320,6320014,30247,1.523081
6321,6321011,42730,2.151659
6322,6322008,51660,2.601328
6323,6323012,53629,2.700476
6324,6324008,47787,2.406304
6325,6325012,36296,1.827677
6326,6326009,23605,1.188624
6327,6327013,14723,0.741373
6328,6328009,12803,0.644692
6329,6329014,18708,0.942037
6330,6330011,30103,1.515830
6331,6331015,42810,2.155688
6332,6332011,51724,2.604550
6333,6333008,53549,2.696448
6334,6334012,47723,2.403081
6335,6335008,36344,1.830094
6336,6336012,23653,1.191041
6337,6337009,14691,0.739762
6338,6338013,12819,0.645498
6339,6339010,18676,0.940426
6340,6340014,30119,1.516635
6341,6341010,42746,2.152465
6342,6342014,51740,2.605356
6343,6343010,53581,2.698059
6344,6344014,47707,2.402275
6345,6345012,36264,1.826065
6346,6346009,23717,1.194264
6347,6347013,14707,0.740568
6348,6348009,12787,0.643886
6349,6349013,18708,0.942037
6350,6350009,30087,1.515024
6351,6351013,42794,2.154882
6352,6352010,51660,2.601328
6353,6353015,53581,2.698059
6354,6354012,47707,2.402275
6355,6355008,36360,1.830900
6356,6356012,23669,1.191847
6357,6357008,14755,0.742985
6358,6358012,12819,0.645498
6359,6359009,18660,0.939620
6360,6360013,30135,1.517441
6361,6361011,42698,2.150048
6362,6362015,51724,2.604550
6363,6363012,53581,2.698059
6364,6364008,47771,2.405498
6365,6365012,36264,1.826065
6366,6366008,23669,1.191847
6367,6367012,14739,0.742179
6368,6368009,12819,0.645498
6369,6369015,18740,0.943648
6370,6370013,30167,1.519052
6371,6371009,42746,2.152465
6372,6372013,51724,2.604550
6373,6373010,53549,2.696448
6374,6374014,47739,2.403886
6375,6375010,36328,1.829288
6376,6376014,23621,1.189430
6377,6377012,14675,0.738956
6378,6378010,12851,0.647109
6379,6379014,18708,0.942037
6380,6380010,30103,1.515830
6381,6381014,42746,2.152465
6382,6382011,51724,2.604550
6383,6383015,53597,2.698865
6384,6384011,47723,2.403081
6385,6385010,36328,1.829288
6386,6386008,23749,1.195875
6387,6387012,14723,0.741373
6388,6388008,12851,0.647109
6389,6389012,18692,0.941231
6390,6390008,30071,1.514218
6391,6391012,42730,2.151659
6392,6392009,51644,2.600522
6393,6393009,53597,2.698865
6394,6394015,47723,2.403081
6395,6395011,36264,1.826065
6396,6396008,23669,1.191847
6397,6397012,14707,0.740568
6398,6398008,12803,0.644692
6399,6399012,18708,0.942037
6400,6400009,30039,1.512607
6401,6401015,42778,2.154076
6402,6402012,51676,2.602133
6403,6403008,53597,2.698865
6404,6404012,47723,2.403081
6405,6405009,36344,1.830094
6406,6406013,23637,1.190236
6407,6407009,14707,0.740568
6408,6408013,12835,0.646303
6409,6409014,18756,0.944454
6410,6410013,30119,1.516635
6411,6411009,42714,2.150854
6412,6412013,51676,2.602133
6413,6413009,53549,2.696448
6414,6414013,47739,2.403886
6415,6415010,36376,1.831705
6416,6416014,23621,1.189430
6417,6417014,14659,0.738151
6418,6418011,12755,0.642275
6419,6419008,18644,0.938814
6420,6420012,30119,1.516635
6421,6421008,42682,2.149242
6422,6422012,51820,2.609384
6423,6423009,53581,2.698059
6424,6424013,47867,2.410332
6425,6425013,36264,1.826065
6426,6426012,23637,1.190236
6427,6427009,14675,0.738956
6428,6428013,12819,0.645498
6429,6429009,18660,0.939620
6430,6430013,30103,1.515830
6431,6431009,42730,2.151659
6432,6432013,51708,2.603744
6433,6433014,53597,2.698865
6434,6434011,47771,2.405498
6435,6435015,36232,1.824454
6436,6436011,23685,1.192653
6437,6437008,14691,0.739762
6438,6438012,12899,0.649526
6439,6439008,18676,0.940426
6440,6440012,30151,1.518247
6441,6441013,42714,2.150854
6442,6442011,51708,2.603744
6443,6443008,53677,2.702893
6444,6444012,47707,2.402275
6445,6445008,36296,1.827677
6446,6446012,23637,1.190236
6447,6447008,14771,0.743790
6448,6448012,12819,0.645498
6449,6449013,18692,0.941231
6450,6450011,30103,1.515830
6451,6451014,42778,2.154076
6452,6452011,51676,2.602133
6453,6453015,53533,2.695642
6454,6454011,47755,2.404692
6455,6455015,36296,1.827677
6456,6456011,23621,1.189430
6457,6457014,14675,0.738956
6458,6458012,12819,0.645498
6459,6459008,18804,0.946871
6460,6460012,30119,1.516635
6461,6461008,42730,2.151659
6462,6462012,51644,2.600522
6463,6463009,53581,2.698059
6464,6464013,47691,2.401470
6465,6465014,36248,1.825260
6466,6466011,23701,1.193458
6467,6467015,14723,0.741373
6468,6468011,12819,0.645498
6469,6469008,18580,0.935592
6470,6470012,30183,1.519858
6471,6471008,42714,2.150854
6472,6472012,51708,2.603744
6473,6473015,53533,2.695642
6474,6474012,47771,2.405498
6475,6475008,36248,1.825260
6476,6476012,23621,1.189430
6477,6477009,14739,0.742179
6478,6478013,12819,0.645498
6479,6479009,18692,0.941231
6480,6480013,30135,1.517441
6481,6481008,42650,2.147631
6482,6482014,51676,2.602133
6483,6483010,53645,2.701282
6484,6484014,47659,2.399858
6485,6485011,36248,1.825260
6486,6486015,23637,1.190236
6487,6487011,14723,0.741373
6488,6488015,12851,0.647109
6489,6489011,18644,0.938814
6490,6490015,30167,1.519052
6491,6491011,42714,2.150854
6492,6492008,51564,2.596494
6493,6493012,53613,2.699670
6494,6494008,47755,2.404692
6495,6495012,36312,1.828482
6496,6496009,23701,1.193458
6497,6497011,14691,0.739762
6498,6498008,12787,0.643886
6499,6499012,18708,0.942037
6500,6500008,30007,1.510996
6501,6501012,42826,2.156494
6502,6502009,51660,2.601328
6503,6503013,53613,2.699670
6504,6504009,47723,2.403081
6505,6505012,36232,1.824454
6506,6506009,23701,1.193458
6507,6507013,14723,0.741373
6508,6508009,12803,0.644692
6509,6509013,18644,0.938814
6510,6510010,30103,1.515830
6511,6511014,42810,2.155688
6512,6512010,51660,2.601328
6513,6513014,53597,2.698865
6514,6514014,47723,2.403081
6515,6515011,36312,1.828482
6516,6516015,23557,1.186207
6517,6517011,14755,0.742985
6518,6518008,12787,0.643886
6519,6519012,18708,0.942037
6520,6520008,30071,1.514218
6521,6521012,42714,2.150854
6522,6522009,51644,2.600522
6523,6523013,53517,2.694836
6524,6524009,47851,2.409526
6525,6525013,36232,1.824454
6526,6526009,23781,1.197487
6527,6527013,14739,0.742179
6528,6528010,12787,0.643886
6529,6529013,18708,0.942037
6530,6530011,30135,1.517441
6531,6531015,42810,2.155688
6532,6532011,51692,2.602939
6533,6533015,53597,2.698865
6534,6534011,47723,2.403081
6535,6535008,36360,1.830900
6536,6536012,23637,1.190236
6537,6537010,14691,0.739762
6538,6538015,12835,0.646303
6539,6539011,18692,0.941231
6540,6540008,30039,1.512607
6541,6541012,42730,2.151659
6542,6542008,51612,2.598910
6543,6543012,53597,2.698865
6544,6544009,47723,2.403081
6545,6545013,36280,1.826871
6546,6546012,23621,1.189430
6547,6547009,14739,0.742179
6548,6548013,12835,0.646303
6549,6549010,18660,0.939620
6550,6550014,30183,1.519858
6551,6551010,42794,2.154882
6552,6552014,51708,2.603744
6553,6553011,53613,2.699670
6554,6554010,47755,2.404692
6555,6555015,36296,1.827677
6556,6556011,23653,1.191041
6557,6557015,14675,0.738956
6558,6558011,12787,0.643886
6559,6559008,18660,0.939620
6560,6560012,30135,1.517441
6561,6561010,42714,2.150854
6562,6562009,51724,2.604550
6563,6563014,53677,2.702893
6564,6564010,47707,2.402275
6565,6565014,36200,1.822843
6566,6566011,23701,1.193458
6567,6567015,14707,0.740568
6568,6568011,12819,0.645498
6569,6569010,18628,0.938009
6570,6570009,30023,1.511801
6571,6571012,42746,2.152465
6572,6572009,51644,2.600522
6573,6573013,53613,2.699670
6574,6574009,47755,2.404692
6575,6575013,36200,1.822843
6576,6576009,23669,1.191847
6577,6577015,14771,0.743790
6578,6578012,12819,0.645498
6579,6579008,18676,0.940426
6580,6580012,30151,1.518247
6581,6581009,42666,2.148436
6582,6582013,51564,2.596494
6583,6583009,53613,2.699670
6584,6584013,47643,2.399052
6585,6585011,36296,1.827677
6586,6586008,23669,1.191847
6587,6587012,14707,0.740568
6588,6588009,12819,0.645498
6589,6589013,18676,0.940426
6590,6590009,29991,1.510190
6591,6591013,42730,2.151659
6592,6592009,51644,2.600522
6593,6593009,53565,2.697253
6594,6594015,47675,2.400664
6595,6595011,36328,1.829288
6596,6596008,23701,1.193458
6597,6597012,14707,0.740568
6598,6598008,12819,0.645498
6599,6599012,18692,0.941231
6600,6600008,29991,1.510190
6601,6601015,42746,2.152465
6602,6602014,51676,2.602133
6603,6603012,53613,2.699670
6604,6604008,47803,2.407109
6605,6605012,36264,1.826065
6606,6606008,23701,1.193458
6607,6607012,14723,0.741373
6608,6608009,12755,0.642275
6609,6609008,18596,0.936397
6610,6610013,30151,1.518247
6611,6611009,42650,2.147631
6612,6612013,51740,2.605356
6613,6613010,53597,2.698865
6614,6614014,47723,2.403081
6615,6615010,36280,1.826871
6616,6616014,23605,1.188624
6617,6617013,14707,0.740568
6618,6618011,12819,0.645498
6619,6619014,18724,0.942843
6620,6620011,30023,1.511801
6621,6621015,42746,2.152465
6622,6622011,51692,2.602939
6623,6623015,53677,2.702893
6624,6624011,47675,2.400664
6625,6625012,36280,1.826871
6626,6626011,23685,1.192653
6627,6627008,14739,0.742179
6628,6628012,12819,0.645498
6629,6629008,18660,0.939620
6630,6630012,30119,1.516635
6631,6631009,42714,2.150854
6632,6632013,51676,2.602133
6633,6633013,53549,2.696448
6634,6634012,47755,2.404692
6635,6635009,36328,1.829288
6636,6636013,23685,1.192653
6637,6637009,14675,0.738956
6638,6638013,12819,0.645498
6639,6639009,18660,0.939620
6640,6640013,30119,1.516635
6641,6641013,42746,2.152465
6642,6642011,51660,2.601328
6643,6643008,53549,2.696448
6644,6644012,47691,2.401470
6645,6645008,36312,1.828482
6646,6646012,23685,1.192653
6647,6647009,14691,0.739762
6648,6648013,12787,0.643886
6649,6649012,18692,0.941231
6650,6650011,30087,1.515024
6651,6651014,42778,2.154076
6652,6652011,51660,2.601328
6653,6653015,53565,2.697253
6654,6654011,47691,2.401470
6655,6655015,36280,1.826871
6656,6656011,23685,1.192653
6657,6657012,14723,0.741373
6658,6658009,12803,0.644692
6659,6659013,18740,0.943648
6660,6660009,30055,1.513413
6661,6661013,42762,2.153271
6662,6662009,51644,2.600522
6663,6663013,53533,2.695642
6664,6664010,47579,2.395830
6665,6665011,36264,1.826065
6666,6666015,23637,1.190236
6667,6667011,14723,0.741373
6668,6668008,12755,0.642275
6669,6669012,18676,0.940426
6670,6670008,30071,1.514218
6671,6671012,42666,2.148436
6672,6672009,51644,2.600522
6673,6673010,53597,2.698865
6674,6674009,47819,2.407915
6675,6675013,36232,1.824454
6676,6676010,23749,1.195875
6677,6677014,14723,0.741373
6678,6678010,12835,0.646303
6679,6679014,18708,0.942037
6680,6680010,30087,1.515024
6681,6681012,42746,2.152465
6682,6682010,51660,2.601328
6683,6683014,53613,2.699670
6684,6684010,47739,2.403886
6685,6685014,36296,1.827677
6686,6686010,23701,1.193458
6687,6687014,14691,0.739762
6688,6688011,12803,0.644692
6689,6689012,18660,0.939620
6690,6690009,30023,1.511801
6691,6691013,42794,2.154882
6692,6692009,51740,2.605356
6693,6693013,53661,2.702087
6694,6694010,47643,2.399052
6695,6695014,36296,1.827677
6696,6696010,23701,1.193458
6697,6697012,14755,0.742985
6698,6698009,12995,0.654360
6699,6699013,18724,0.942843
6700,6700010,29991,1.510190
6701,6701014,42746,2.152465
6702,6702010,51724,2.604550
6703,6703014,53581,2.698059
6704,6704010,47595,2.396635
6705,6705013,36264,1.826065
6706,6706012,23685,1.192653
6707,6707008,14739,0.742179
6708,6708012,12803,0.644692
6709,6709009,18644,0.938814
6710,6710013,30151,1.518247
6711,6711009,42746,2.152465
6712,6712013,51724,2.604550
6713,6713015,53581,2.698059
6714,6714013,47723,2.403081
6715,6715009,36280,1.826871
6716,6716013,23621,1.189430
6717,6717009,14803,0.745402
6718,6718013,12803,0.644692
6719,6719010,18644,0.938814
6720,6720014,30135,1.517441
6721,6721009,42666,2.148436
6722,6722013,51676,2.602133
6723,6723009,53645,2.701282
6724,6724013,47627,2.398247
6725,6725010,36312,1.828482
6726,6726014,23685,1.192653
6727,6727010,14643,0.737345
6728,6728014,12787,0.643886
6729,6729009,18660,0.939620
6730,6730014,30167,1.519052
6731,6731011,42730,2.151659
6732,6732015,51708,2.603744
6733,6733011,53677,2.702893
6734,6734015,47675,2.400664
6735,6735011,36344,1.830094
6736,6736008,23685,1.192653
6737,6737011,14675,0.738956
6738,6738009,12819,0.645498
6739,6739013,18708,0.942037
6740,6740009,30087,1.515024
6741,6741013,42794,2.154882
6742,6742009,51692,2.602939
6743,6743013,53565,2.697253
6744,6744010,47867,2.410332
6745,6745014,36312,1.828482
6746,6746014,23621,1.189430
6747,6747010,14707,0.740568
6748,6748014,12819,0.645498
6749,6749011,18660,0.939620
6750,6750015,30167,1.519052
6751,6751011,42730,2.151659
6752,6752015,51772,2.606967
6753,6753013,53581,2.698059
6754,6754012,47755,2.404692
6755,6755008,36328,1.829288
6756,6756012,23669,1.191847
6757,6757009,14723,0.741373
6758,6758013,12819,0.645498
6759,6759009,18708,0.942037
6760,6760013,30119,1.516635
6761,6761009,42666,2.148436
6762,6762014,51692,2.602939
6763,6763011,53629,2.700476
6764,6764015,47643,2.399052
6765,6765011,36344,1.830094
6766,6766015,23621,1.189430
6767,6767011,14675,0.738956
6768,6768008,12787,0.643886
6769,6769011,18660,0.939620
6770,6770008,30103,1.515830
6771,6771012,42762,2.153271
6772,6772008,51644,2.600522
6773,6773012,53677,2.702893
6774,6774008,47755,2.404692
6775,6775012,36280,1.826871
6776,6776009,23733,1.195070
6777,6777013,14691,0.739762
6778,6778010,12819,0.645498
6779,6779014,18708,0.942037
6780,6780010,30103,1.515830
6781,6781014,42794,2.154882
6782,6782010,51676,2.602133
6783,6783014,53565,2.697253
6784,6784011,47723,2.403081
6785,6785009,36520,1.838956
6786,6786014,23653,1.191041
6787,6787011,14691,0.739762
6788,6788008,12835,0.646303
6789,6789012,18644,0.938814
6790,6790008,30087,1.515024
6791,6791012,42762,2.153271
6792,6792009,51596,2.598105
6793,6793014,53581,2.698059
6794,6794012,47755,2.404692
6795,6795008,36280,1.826871
6796,6796012,23669,1.191847
6797,6797008,14739,0.742179
6798,6798012,12851,0.647109
6799,6799009,18676,0.940426
6800,6800013,30135,1.517441
6801,6801010,42698,2.150048
6802,6802014,51676,2.602133
6803,6803011,53581,2.698059
6804,6804015,47643,2.399052
6805,6805011,36280,1.826871
6806,6806008,23797,1.198292
6807,6807012,14691,0.739762
6808,6808008,12835,0.646303
6809,6809015,18692,0.941231
6810,6810014,30199,1.520664
6811,6811011,42762,2.153271
6812,6812015,51692,2.602939
6813,6813011,53645,2.701282
6814,6814015,47659,2.399858
6815,6815011,36328,1.829288
6816,6816008,23717,1.194264
6817,6817015,14723,0.741373
6818,6818012,12835,0.646303
6819,6819008,18692,0.941231
6820,6820012,30135,1.517441
6821,6821008,42554,2.142797
6822,6822012,51692,2.602939
6823,6823009,53677,2.702893
6824,6824013,47755,2.404692
6825,6825012,36296,1.827677
6826,6826011,23669,1.191847
6827,6827008,14755,0.742985
6828,6828012,12803,0.644692
6829,6829009,18644,0.938814
6830,6830013,30135,1.517441
6831,6831009,42666,2.148436
6832,6832013,51692,2.602939
6833,6833012,53613,2.699670
6834,6834010,47723,2.403081
6835,6835014,36296,1.827677
6836,6836010,23685,1.192653
6837,6837014,14691,0.739762
6838,6838011,12819,0.645498
6839,6839015,18692,0.941231
6840,6840011,30087,1.515024
6841,6841010,42570,2.143603
6842,6842015,51740,2.605356
6843,6843012,53565,2.697253
6844,6844008,47771,2.405498
6845,6845012,36280,1.826871
6846,6846008,23605,1.188624
6847,6847012,14691,0.739762
6848,6848009,12771,0.643081
6849,6849008,18692,0.941231
6850,6850012,30103,1.515830
6851,6851009,42682,2.149242
6852,6852013,51676,2.602133
6853,6853009,53581,2.698059
6854,6854013,47723,2.403081
6855,6855010,36360,1.830900
6856,6856014,23621,1.189430
6857,6857013,14675,0.738956
6858,6858011,12803,0.644692
6859,6859014,18708,0.942037
6860,6860011,29991,1.510190
6861,6861015,42730,2.151659
6862,6862011,51676,2.602133
6863,6863008,53613,2.699670
6864,6864012,47691,2.401470
6865,6865011,36312,1.828482
6866,6866008,23701,1.193458
6867,6867012,14707,0.740568
6868,6868008,12787,0.643886
6869,6869012,18644,0.938814
6870,6870009,30087,1.515024
6871,6871012,42746,2.152465
6872,6872009,51644,2.600522
6873,6873009,53629,2.700476
6874,6874013,47691,2.401470
6875,6875010,36328,1.829288
6876,6876014,23637,1.190236
6877,6877010,14723,0.741373
6878,6878014,12851,0.647109
6879,6879011,18644,0.938814
6880,6880015,30151,1.518247
6881,6881008,42666,2.148436
6882,6882014,51724,2.604550
6883,6883012,53581,2.698059
6884,6884008,47803,2.407109
6885,6885012,36264,1.826065
6886,6886009,23685,1.192653
6887,6887012,14723,0.741373
6888,6888009,12771,0.643081
6889,6889009,18644,0.938814
6890,6890013,30119,1.516635
6891,6891010,42698,2.150048
6892,6892014,51676,2.602133
6893,6893010,53661,2.702087
6894,6894014,47707,2.402275
6895,6895010,36344,1.830094
6896,6896014,23653,1.191041
6897,6897015,14691,0.739762
6898,6898012,12851,0.647109
6899,6899009,18692,0.941231
6900,6900013,30135,1.517441
6901,6901009,42650,2.147631
6902,6902013,51724,2.604550
6903,6903009,53485,2.693225
6904,6904013,47611,2.397441
6905,6905015,36296,1.827677
6906,6906012,23685,1.192653
6907,6907008,14739,0.742179
6908,6908012,12819,0.645498
6909,6909008,18612,0.937203
6910,6910012,30151,1.518247
6911,6911009,42666,2.148436
6912,6912013,51516,2.594076
6913,6913014,53565,2.697253
6914,6914013,47739,2.403886
6915,6915010,36328,1.829288
6916,6916014,23621,1.189430
6917,6917011,14675,0.738956
6918,6918015,12803,0.644692
6919,6919011,18676,0.940426
6920,6920015,30135,1.517441
6921,6921009,42666,2.148436
6922,6922015,51740,2.605356
6923,6923011,53517,2.694836
6924,6924008,47851,2.409526
6925,6925012,36312,1.828482
6926,6926008,23637,1.190236
6927,6927012,14707,0.740568
6928,6928009,12851,0.647109
6929,6929011,18708,0.942037
6930,6930010,30055,1.513413
6931,6931015,42730,2.151659
6932,6932011,51628,2.599716
6933,6933008,53533,2.695642
6934,6934012,47755,2.404692
6935,6935008,36328,1.829288
6936,6936012,23653,1.191041
6937,6937014,14691,0.739762
6938,6938011,12819,0.645498
6939,6939015,18708,0.942037
6940,6940011,30279,1.524692
6941,6941015,42762,2.153271
6942,6942011,51788,2.607773
6943,6943008,53581,2.698059
6944,6944012,47755,2.404692
6945,6945014,36200,1.822843
6946,6946012,23685,1.192653
6947,6947009,14755,0.742985
6948,6948013,12787,0.643886
6949,6949010,18628,0.938009
6950,6950014,30135,1.517441
6951,6951010,42698,2.150048
6952,6952014,51724,2.604550
6953,6953009,53549,2.696448
6954,6954014,47627,2.398247
6955,6955011,36312,1.828482
6956,6956014,23621,1.189430
6957,6957011,14723,0.741373
6958,6958015,12803,0.644692
6959,6959011,18692,0.941231
6960,6960008,30039,1.512607
6961,6961011,42730,2.151659
6962,6962009,51708,2.603744
6963,6963013,53565,2.697253
6964,6964009,47707,2.402275
6965,6965013,36264,1.826065
6966,6966010,23621,1.189430
6967,6967014,14675,0.738956
6968,6968010,12803,0.644692
6969,6969013,18708,0.942037
6970,6970010,30119,1.516635
6971,6971014,42746,2.152465
6972,6972011,51612,2.598910
6973,6973015,53565,2.697253
6974,6974011,47723,2.403081
6975,6975015,36248,1.825260
6976,6976011,23621,1.189430
6977,6977014,14707,0.740568
6978,6978012,12803,0.644692
6979,6979008,18660,0.939620
6980,6980012,30119,1.516635
6981,6981009,42682,2.149242
6982,6982013,51820,2.609384
6983,6983009,53597,2.698865
6984,6984013,47723,2.403081
6985,6985009,36328,1.829288
6986,6986014,23637,1.190236
6987,6987010,14739,0.742179
6988,6988014,12787,0.643886
6989,6989011,18708,0.942037
6990,6990015,30151,1.518247
6991,6991011,42730,2.151659
6992,6992015,51676,2.602133
6993,6993012,53517,2.694836
6994,6994008,47739,2.403886
6995,6995012,36360,1.830900
6996,6996009,23701,1.193458
6997,6997013,14707,0.740568
6998,6998009,12771,0.643081
6999,6999013,18676,0.940426
7000,7000010,30055,1.513413
7001,7001014,42778,2.154076
7002,7002013,51628,2.599716
7003,7003009,53709,2.704504
7004,7004013,47675,2.400664
7005,7005009,36312,1.828482
7006,7006013,23621,1.189430
7007,7007010,14595,0.734928
7008,7008014,12803,0.644692
7009,7009011,18644,0.938814
7010,7010015,30183,1.519858
7011,7011012,42874,2.158910
7012,7012008,51660,2.601328
7013,7013012,53581,2.698059
7014,7014008,47723,2.403081
7015,7015012,36328,1.829288
7016,7016009,23701,1.193458
7017,7017014,14691,0.739762
7018,7018013,12819,0.645498
7019,7019009,18660,0.939620
7020,7020013,30119,1.516635
7021,7021009,42778,2.154076
7022,7022013,51724,2.604550
7023,7023010,53453,2.691614
7024,7024014,47723,2.403081
7025,7025012,36296,1.827677
7026,7026010,23717,1.194264
7027,7027014,14707,0.740568
7028,7028011,12755,0.642275
7029,7029015,18740,0.943648
7030,7030011,30087,1.515024
7031,7031015,42810,2.155688
7032,7032011,51644,2.600522
7033,7033009,53453,2.691614
7034,7034008,47723,2.403081
7035,7035012,36168,1.821231
7036,7036008,23637,1.190236
7037,7037012,14691,0.739762
7038,7038009,12771,0.643081
7039,7039013,18708,0.942037
7040,7040009,30087,1.515024
7041,7041014,42794,2.154882
7042,7042012,51740,2.605356
7043,7043010,53597,2.698865
7044,7044014,47627,2.398247
7045,7045010,36344,1.830094
7046,7046014,23653,1.191041
7047,7047011,14787,0.744596
7048,7048015,12675,0.638247
7049,7049013,18708,0.942037
7050,7050011,30103,1.515830
7051,7051008,42666,2.148436
7052,7052012,51740,2.605356
7053,7053008,53597,2.698865
7054,7054012,47659,2.399858
7055,7055009,36328,1.829288
7056,7056013,23653,1.191041
7057,7057011,14675,0.738956
7058,7058008,12835,0.646303
7059,7059012,18676,0.940426
7060,7060009,30103,1.515830
7061,7061013,42714,2.150854
7062,7062009,51676,2.602133
7063,7063013,53613,2.699670
7064,7064009,47691,2.401470
7065,7065008,36360,1.830900
7066,7066008,23717,1.194264
7067,7067012,14883,0.749430
7068,7068009,12755,0.642275
7069,7069013,18676,0.940426
7070,7070009,30087,1.515024
7071,7071013,42730,2.151659
7072,7072009,51628,2.599716
7073,7073009,53629,2.700476
7074,7074015,47739,2.403886
7075,7075012,36328,1.829288
7076,7076008,23669,1.191847
7077,7077012,14659,0.738151
7078,7078008,12867,0.647915
7079,7079012,18692,0.941231
7080,7080009,30039,1.512607
7081,7081009,42778,2.154076
7082,7082013,51660,2.601328
7083,7083010,53597,2.698865
7084,7084014,47723,2.403081
7085,7085010,36312,1.828482
7086,7086014,23653,1.191041
7087,7087010,14771,0.743790
7088,7088014,12803,0.644692
7089,7089014,18692,0.941231
7090,7090013,30167,1.519052
7091,7091009,42698,2.150048
7092,7092013,51740,2.605356
7093,7093009,53581,2.698059
7094,7094013,47691,2.401470
7095,7095010,36312,1.828482
7096,7096014,23605,1.188624
7097,7097014,14707,0.740568
7098,7098013,12803,0.644692
7099,7099009,18676,0.940426
7100,7100013,30103,1.515830
7101,7101010,42522,2.141186
7102,7102014,51740,2.605356
7103,7103010,53565,2.697253
7104,7104014,47707,2.402275
7105,7105014,36344,1.830094
7106,7106012,23653,1.191041
7107,7107008,14739,0.742179
7108,7108012,12803,0.644692
7109,7109008,18644,0.938814
7110,7110012,29991,1.510190
7111,7111009,42714,2.150854
7112,7112013,51708,2.603744
7113,7113013,53597,2.698865
7114,7114011,47755,2.404692
7115,7115015,36248,1.825260
7116,7116011,23701,1.193458
7117,7117008,14755,0.742985
7118,7118012,12803,0.644692
7119,7119008,18660,0.939620
7120,7120012,30119,1.516635
7121,7121013,42650,2.147631
7122,7122010,51724,2.604550
7123,7123014,53581,2.698059
7124,7124010,47691,2.401470
7125,7125014,36264,1.826065
7126,7126010,23685,1.192653
7127,7127014,14659,0.738151
7128,7128011,12819,0.645498
7129,7129012,18660,0.939620
7130,7130011,30055,1.513413
7131,7131015,42778,2.154076
7132,7132011,51628,2.599716
7133,7133015,53581,2.698059
7134,7134011,47755,2.404692
7135,7135008,36408,1.833316
7136,7136012,23717,1.194264
7137,7137014,14739,0.742179
7138,7138011,12755,0.642275
7139,7139008,18676,0.940426
7140,7140012,30055,1.513413
7141,7141008,42650,2.147631
7142,7142012,51644,2.600522
7143,7143008,53693,2.703699
7144,7144012,47675,2.400664
7145,7145014,36296,1.827677
7146,7146013,23653,1.191041
7147,7147010,14755,0.742985
7148,7148014,12803,0.644692
7149,7149010,18660,0.939620
7150,7150014,30199,1.520664
7151,7151011,42746,2.152465
7152,7152015,51692,2.602939
7153,7153008,53645,2.701282
7154,7154013,47723,2.403081
7155,7155009,36328,1.829288
7156,7156013,23733,1.195070
7157,7157009,14755,0.742985
7158,7158013,12803,0.644692
7159,7159010,18724,0.942843
7160,7160014,30135,1.517441
7161,7161008,42666,2.148436
7162,7162013,51756,2.606162
7163,7163010,53613,2.699670
7164,7164014,47707,2.402275
7165,7165010,36344,1.830094
7166,7166014,23669,1.191847
7167,7167010,14819,0.746207
7168,7168014,12787,0.643886
7169,7169010,18660,0.939620
7170,7170014,30119,1.516635
7171,7171011,42794,2.154882
7172,7172015,51708,2.603744
7173,7173011,53613,2.699670
7174,7174008,47835,2.408720
7175,7175012,36264,1.826065
7176,7176008,23717,1.194264
7177,7177011,14723,0.741373
7178,7178015,12803,0.644692
7179,7179011,18644,0.938814
7180,7180008,30055,1.513413
7181,7181012,42730,2.151659
7182,7182008,51692,2.602939
7183,7183012,53613,2.699670
7184,7184008,47755,2.404692
7185,7185012,36264,1.826065
7186,7186008,23717,1.194264
7187,7187012,14675,0.738956
7188,7188009,12787,0.643886
7189,7189013,18692,0.941231
7190,7190009,30103,1.515830
7191,7191013,42890,2.159716
7192,7192009,51644,2.600522
7193,7193013,53629,2.700476
7194,7194010,47723,2.403081
7195,7195014,36232,1.824454
7196,7196011,23669,1.191847
7197,7197015,14723,0.741373
7198,7198011,12675,0.638247
7199,7199015,18724,0.942843
7200,7200011,30135,1.517441
7201,7201008,42682,2.149242
7202,7202012,51740,2.605356
7203,7203009,53613,2.699670
7204,7204013,47739,2.403886
7205,7205009,36296,1.827677
7206,7206013,23589,1.187819
7207,7207009,14707,0.740568
7208,7208013,12819,0.645498
7209,7209009,18676,0.940426
7210,7210014,30119,1.516635
7211,7211010,42666,2.148436
7212,7212014,51708,2.603744
7213,7213011,53597,2.698865
7214,7214015,47755,2.404692
7215,7215011,36440,1.834928
7216,7216015,23621,1.189430
7217,7217012,14755,0.742985
7218,7218009,12835,0.646303
7219,7219013,18644,0.938814
7220,7220009,30007,1.510996
7221,7221013,42730,2.151659
7222,7222009,51660,2.601328
7223,7223013,53597,2.698865
7224,7224010,47675,2.400664
7225,7225015,36264,1.826065
7226,7226012,23685,1.192653
7227,7227008,14739,0.742179
7228,7228012,12771,0.643081
7229,7229009,18644,0.938814
7230,7230013,30135,1.517441
7231,7231009,42778,2.154076
7232,7232013,51628,2.599716
7233,7233010,53629,2.700476
7234,7234010,47739,2.403886
7235,7235014,36312,1.828482
7236,7236010,23701,1.193458
7237,7237014,14723,0.741373
7238,7238010,12803,0.644692
7239,7239014,18708,0.942037
7240,7240011,30135,1.517441
7241,7241009,42762,2.153271
7242,7242013,51724,2.604550
7243,7243009,53597,2.698865
7244,7244013,47723,2.403081
7245,7245009,36376,1.831705
7246,7246013,23653,1.191041
7247,7247010,14739,0.742179
7248,7248014,12803,0.644692
7249,7249011,18692,0.941231
7250,7250009,30103,1.515830
7251,7251013,42650,2.147631
7252,7252009,51676,2.602133
7253,7253013,53389,2.688391
7254,7254010,47771,2.405498
7255,7255014,36312,1.828482
7256,7256010,23653,1.191041
7257,7257014,14659,0.738151
7258,7258011,12819,0.645498
7259,7259015,18708,0.942037
7260,7260011,30087,1.515024
7261,7261008,42682,2.149242
7262,7262012,51708,2.603744
7263,7263008,53629,2.700476
7264,7264012,47723,2.403081
7265,7265010,36296,1.827677
7266,7266014,23653,1.191041
7267,7267011,14755,0.742985
7268,7268015,12803,0.644692
7269,7269011,18692,0.941231
7270,7270008,30039,1.512607
7271,7271012,42730,2.151659
7272,7272008,51660,2.601328
7273,7273014,53613,2.699670
7274,7274012,47755,2.404692
7275,7275008,36312,1.828482
7276,7276012,23685,1.192653
7277,7277009,14755,0.742985
7278,7278013,12803,0.644692
7279,7279009,18644,0.938814
7280,7280013,30087,1.515024
7281,7281012,42746,2.152465
7282,7282011,51724,2.604550
7283,7283015,53613,2.699670
7284,7284011,47723,2.403081
7285,7285015,36264,1.826065
7286,7286011,23589,1.187819
7287,7287008,14739,0.742179
7288,7288012,12851,0.647109
7289,7289010,18676,0.940426
7290,7290009,30055,1.513413
7291,7291012,42698,2.150048
7292,7292009,51676,2.602133
7293,7293013,53549,2.696448
7294,7294009,47787,2.406304
7295,7295013,36312,1.828482
7296,7296009,23685,1.192653
7297,7297009,14739,0.742179
7298,7298013,12819,0.645498
7299,7299010,18692,0.941231
7300,7300014,30087,1.515024
7301,7301010,42618,2.146020
7302,7302014,51724,2.604550
7303,7303010,53645,2.701282
7304,7304014,47675,2.400664
7305,7305013,36344,1.830094
7306,7306011,23717,1.194264
7307,7307015,14643,0.737345
7308,7308011,12835,0.646303
7309,7309008,18644,0.938814
7310,7310012,30247,1.523081
7311,7311008,42698,2.150048
7312,7312012,51692,2.602939
7313,7313012,53533,2.695642
7314,7314011,47771,2.405498
7315,7315015,36264,1.826065
7316,7316011,23669,1.191847
7317,7317015,14707,0.740568
7318,7318011,12787,0.643886
7319,7319008,18612,0.937203
7320,7320012,30103,1.515830
7321,7321011,42730,2.151659
7322,7322009,51644,2.600522
7323,7323013,53549,2.696448
7324,7324009,47659,2.399858
7325,7325013,36296,1.827677
7326,7326009,23701,1.193458
7327,7327013,14755,0.742985
7328,7328010,12787,0.643886
7329,7329010,18708,0.942037
7330,7330015,30135,1.517441
7331,7331012,42650,2.147631
7332,7332008,51628,2.599716
7333,7333012,53501,2.694030
7334,7334008,47771,2.405498
7335,7335012,36344,1.830094
7336,7336009,23717,1.194264
7337,7337009,14739,0.742179
7338,7338014,12787,0.643886
7339,7339011,18692,0.941231
7340,7340015,30135,1.517441
7341,7341011,42778,2.154076
7342,7342015,51740,2.605356
7343,7343011,53661,2.702087
7344,7344008,47739,2.403886
7345,7345008,36360,1.830900
7346,7346013,23669,1.191847
7347,7347009,14723,0.741373
7348,7348013,12787,0.643886
7349,7349009,18628,0.938009
7350,7350013,30135,1.517441
7351,7351010,42714,2.150854
7352,7352014,51660,2.601328
7353,7353008,53661,2.702087
7354,7354015,47691,2.401470
7355,7355011,36280,1.826871
7356,7356015,23653,1.191041
7357,7357012,14691,0.739762
7358,7358008,12819,0.645498
7359,7359012,18756,0.944454
7360,7360008,30039,1.512607
7361,7361011,42714,2.150854
7362,7362010,51724,2.604550
7363,7363015,53533,2.695642
7364,7364011,47787,2.406304
7365,7365015,36344,1.830094
7366,7366012,23701,1.193458
7367,7367008,14723,0.741373
7368,7368012,12819,0.645498
7369,7369014,18740,0.943648
7370,7370013,30119,1.516635
7371,7371010,42682,2.149242
7372,7372014,51692,2.602939
7373,7373011,53629,2.700476
7374,7374015,47675,2.400664
7375,7375011,36328,1.829288
7376,7376015,23605,1.188624
7377,7377009,14691,0.739762
7378,7378015,12803,0.644692
7379,7379012,18660,0.939620
7380,7380008,30055,1.513413
7381,7381012,42746,2.152465
7382,7382008,51660,2.601328
7383,7383012,53549,2.696448
7384,7384009,47771,2.405498
7385,7385011,36120,1.818814
7386,7386009,23733,1.195070
7387,7387013,14691,0.739762
7388,7388009,12819,0.645498
7389,7389013,18660,0.939620
7390,7390009,30055,1.513413
7391,7391013,42698,2.150048
7392,7392010,51644,2.600522
7393,7393012,53581,2.698059
7394,7394009,47787,2.406304
7395,7395013,36296,1.827677
7396,7396009,23669,1.191847
7397,7397013,14707,0.740568
7398,7398010,12835,0.646303
7399,7399014,18660,0.939620
7400,7400010,30023,1.511801
7401,7401012,42762,2.153271
7402,7402010,51708,2.603744
7403,7403014,53485,2.693225
7404,7404010,47723,2.403081
7405,7405014,36232,1.824454
7406,7406011,23701,1.193458
7407,7407015,14531,0.731705
7408,7408011,12803,0.644692
7409,7409013,18708,0.942037
7410,7410012,30119,1.516635
7411,7411010,42730,2.151659
7412,7412013,51660,2.601328
7413,7413010,53645,2.701282
7414,7414014,47707,2.402275
7415,7415010,36296,1.827677
7416,7416014,23637,1.190236
7417,7417009,14739,0.742179
7418,7418015,12771,0.643081
7419,7419013,18692,0.941231
7420,7420010,30055,1.513413
7421,7421014,42714,2.150854
7422,7422010,51724,2.604550
7423,7423014,53549,2.696448
7424,7424010,47675,2.400664
7425,7425014,36248,1.825260
7426,7426011,23717,1.194264
7427,7427014,14739,0.742179
7428,7428011,12819,0.645498
7429,7429015,18516,0.932369
7430,7430011,30039,1.512607
7431,7431008,42666,2.148436
7432,7432012,51612,2.598910
7433,7433008,53549,2.696448
7434,7434013,47707,2.402275
7435,7435010,36376,1.831705
7436,7436014,23637,1.190236
7437,7437010,14771,0.743790
7438,7438014,12819,0.645498
7439,7439011,18644,0.938814
7440,7440015,30215,1.521469
7441,7441011,42714,2.150854
7442,7442009,51740,2.605356
7443,7443013,53677,2.702893
7444,7444009,47723,2.403081
7445,7445013,36264,1.826065
7446,7446010,23733,1.195070
7447,7447014,14675,0.738956
7448,7448010,12707,0.639858
7449,7449014,18676,0.940426
7450,7450011,30071,1.514218
7451,7451015,42762,2.153271
7452,7452011,51692,2.602939
7453,7453015,53677,2.702893
7454,7454011,47771,2.405498
7455,7455008,36392,1.832511
7456,7456012,23573,1.187013
7457,7457009,14755,0.742985
7458,7458014,12819,0.645498
7459,7459011,18708,0.942037
7460,7460015,30119,1.516635
7461,7461011,42714,2.150854
7462,7462015,51756,2.606162
7463,7463011,53597,2.698865
7464,7464008,47771,2.405498
7465,7465013,36264,1.826065
7466,7466011,23701,1.193458
7467,7467015,14531,0.731705
7468,7468011,12979,0.653555
7469,7469008,18644,0.938814
7470,7470012,30087,1.515024
7471,7471008,42698,2.150048
7472,7472012,51660,2.601328
7473,7473009,53565,2.697253
7474,7474013,47659,2.399858
7475,7475010,36344,1.830094
7476,7476014,23653,1.191041
7477,7477010,14739,0.742179
7478,7478014,12803,0.644692
7479,7479010,18660,0.939620
7480,7480014,30119,1.516635
7481,7481012,42730,2.151659
7482,7482009,51676,2.602133
7483,7483013,53581,2.698059
7484,7484009,47771,2.405498
7485,7485013,36264,1.826065
7486,7486010,23717,1.194264
7487,7487014,14723,0.741373
7488,7488010,12755,0.642275
7489,7489009,18676,0.940426
7490,7490013,30119,1.516635
7491,7491010,42682,2.149242
7492,7492014,51660,2.601328
7493,7493010,53629,2.700476
7494,7494014,47755,2.404692
7495,7495011,36264,1.826065
7496,7496015,23621,1.189430
7497,7497014,14691,0.739762
7498,7498011,12803,0.644692
7499,7499015,18788,0.946065
7500,7500011,30055,1.513413
7501,7501015,42650,2.147631
7502,7502011,51724,2.604550
7503,7503008,53613,2.699670
7504,7504012,47691,2.401470
7505,7505010,36312,1.828482
7506,7506015,23685,1.192653
7507,7507011,14723,0.741373
7508,7508008,12787,0.643886
7509,7509012,18692,0.941231
7510,7510008,30087,1.515024
7511,7511012,42714,2.150854
7512,7512009,51708,2.603744
7513,7513015,53549,2.696448
7514,7514015,47707,2.402275
7515,7515011,36296,1.827677
7516,7516015,23653,1.191041
7517,7517011,14707,0.740568
7518,7518008,12803,0.644692
7519,7519012,18644,0.938814
7520,7520008,30007,1.510996
7521,7521014,42778,2.154076
7522,7522012,51692,2.602939
7523,7523008,53597,2.698865
7524,7524012,47755,2.404692
7525,7525009,36536,1.839762
7526,7526013,23717,1.194264
7527,7527009,14755,0.742985
7528,7528013,12835,0.646303
7529,7529012,18724,0.942843
7530,7530010,30103,1.515830
7531,7531014,42714,2.150854
7532,7532010,51692,2.602939
7533,7533014,53597,2.698865
7534,7534011,47691,2.401470
7535,7535015,36264,1.826065
7536,7536011,23717,1.194264
7537,7537011,14755,0.742985
7538,7538010,12755,0.642275
7539,7539014,18676,0.940426
7540,7540010,30023,1.511801
7541,7541014,42730,2.151659
7542,7542010,51676,2.602133
7543,7543014,53581,2.698059
7544,7544011,47723,2.403081
7545,7545010,36408,1.833316
7546,7546008,23733,1.195070
7547,7547012,14707,0.740568
7548,7548009,12787,0.643886
7549,7549013,18660,0.939620
7550,7550009,29975,1.509384
7551,7551013,42746,2.152465
7552,7552009,51676,2.602133
7553,7553009,53597,2.698865
7554,7554014,47707,2.402275
7555,7555011,36328,1.829288
7556,7556014,23605,1.188624
7557,7557011,14755,0.742985
7558,7558015,12819,0.645498
7559,7559011,18644,0.938814
7560,7560008,30039,1.512607
7561,7561008,42650,2.147631
7562,7562013,51724,2.604550
7563,7563010,53629,2.700476
7564,7564013,47659,2.399858
7565,7565010,36328,1.829288
7566,7566014,23685,1.192653
7567,7567010,14739,0.742179
7568,7568014,12787,0.643886
7569,7569014,18676,0.940426
7570,7570013,30135,1.517441
7571,7571010,42714,2.150854
7572,7572014,51708,2.603744
7573,7573011,53565,2.697253
7574,7574015,47691,2.401470
7575,7575011,36264,1.826065
7576,7576015,23621,1.189430
7577,7577009,14771,0.743790
7578,7578008,12787,0.643886
7579,7579012,18692,0.941231
7580,7580009,30023,1.511801
7581,7581013,42794,2.154882
7582,7582009,51692,2.602939
7583,7583013,53597,2.698865
7584,7584009,47739,2.403886
7585,7585010,36360,1.830900
7586,7586015,23685,1.192653
7587,7587011,14771,0.743790
7588,7588008,12819,0.645498
7589,7589012,18628,0.938009
7590,7590008,30071,1.514218
7591,7591012,42714,2.150854
7592,7592009,51596,2.598105
7593,7593010,53613,2.699670
7594,7594010,47691,2.401470
7595,7595014,36264,1.826065
7596,7596010,23669,1.191847
7597,7597014,14691,0.739762
7598,7598010,12803,0.644692
7599,7599014,18676,0.940426
7600,7600011,30119,1.516635
7601,7601012,42730,2.151659
7602,7602009,51660,2.601328
7603,7603013,53533,2.695642
7604,7604009,47803,2.407109
7605,7605013,36280,1.826871
7606,7606010,23685,1.192653
7607,7607014,14755,0.742985
7608,7608010,12787,0.643886
7609,7609012,18596,0.936397
7610,7610008,30055,1.513413
7611,7611012,42778,2.154076
7612,7612009,51644,2.600522
7613,7613013,53645,2.701282
7614,7614009,47739,2.403886
7615,7615013,36312,1.828482
7616,7616010,23637,1.190236
7617,7617011,14803,0.745402
7618,7618008,12771,0.643081
7619,7619012,18660,0.939620
7620,7620008,30039,1.512607
7621,7621012,42746,2.152465
7622,7622009,51788,2.607773
7623,7623013,53581,2.698059
7624,7624009,47771,2.405498
7625,7625011,36328,1.829288
7626,7626008,23749,1.195875
7627,7627012,14739,0.742179
7628,7628009,12803,0.644692
7629,7629013,18692,0.941231
7630,7630009,30039,1.512607
7631,7631013,42778,2.154076
7632,7632009,51644,2.600522
7633,7633011,53581,2.698059
7634,7634010,47723,2.403081
7635,7635014,36376,1.831705
7636,7636010,23701,1.193458
7637,7637014,14787,0.744596
7638,7638010,12819,0.645498
7639,7639014,18644,0.938814
7640,7640011,30071,1.514218
7641,7641014,42826,2.156494
7642,7642012,51628,2.599716
7643,7643009,53629,2.700476
7644,7644013,47723,2.403081
7645,7645009,36312,1.828482
7646,7646013,23701,1.193458
7647,7647009,14739,0.742179
7648,7648013,12803,0.644692
7649,7649009,18676,0.940426
7650,7650014,30199,1.520664
7651,7651010,42650,2.147631
7652,7652014,51612,2.598910
7653,7653011,53645,2.701282
7654,7654015,47691,2.401470
7655,7655011,36312,1.828482
7656,7656015,23605,1.188624
7657,7657011,14691,0.739762
7658,7658008,12835,0.646303
7659,7659012,18676,0.940426
7660,7660008,29991,1.510190
7661,7661012,42762,2.153271
7662,7662009,51676,2.602133
7663,7663013,53645,2.701282
7664,7664009,47723,2.403081
7665,7665013,36312,1.828482
7666,7666011,23701,1.193458
7667,7667015,14707,0.740568
7668,7668011,12803,0.644692
7669,7669008,18676,0.940426
7670,7670012,30039,1.512607
7671,7671008,42682,2.149242
7672,7672012,51596,2.598105
7673,7673009,53581,2.698059
7674,7674014,47803,2.407109
7675,7675011,36312,1.828482
7676,7676015,23637,1.190236
7677,7677011,14707,0.740568
7678,7678008,12803,0.644692
7679,7679012,18708,0.942037
7680,7680008,30055,1.513413
7681,7681013,42746,2.152465
7682,7682012,51644,2.600522
7683,7683009,53629,2.700476
7684,7684013,47643,2.399052
7685,7685009,36328,1.829288
7686,7686013,23653,1.191041
7687,7687010,14739,0.742179
7688,7688014,12803,0.644692
7689,7689011,18644,0.938814
7690,7690008,30039,1.512607
7691,7691012,42730,2.151659
7692,7692009,51660,2.601328
7693,7693013,53565,2.697253
7694,7694009,47771,2.405498
7695,7695013,36360,1.830900
7696,7696009,23701,1.193458
7697,7697014,14659,0.738151
7698,7698012,12819,0.645498
7699,7699009,18660,0.939620
7700,7700013,30103,1.515830
7701,7701009,42682,2.149242
7702,7702013,51740,2.605356
7703,7703009,53565,2.697253
7704,7704013,47723,2.403081
7705,7705011,36280,1.826871
7706,7706009,23765,1.196681
7707,7707013,14755,0.742985
7708,7708009,12803,0.644692
7709,7709013,18708,0.942037
7710,7710010,30087,1.515024
7711,7711014,42730,2.151659
7712,7712010,51692,2.602939
7713,7713008,53677,2.702893
7714,7714012,47755,2.404692
7715,7715009,36360,1.830900
7716,7716013,23653,1.191041
7717,7717009,14723,0.741373
7718,7718013,12803,0.644692
7719,7719009,18644,0.938814
7720,7720013,30055,1.513413
7721,7721012,42762,2.153271
7722,7722009,51660,2.601328
7723,7723013,53597,2.698865
7724,7724009,47707,2.402275
7725,7725013,36280,1.826871
7726,7726010,23717,1.194264
7727,7727014,14675,0.738956
7728,7728010,12835,0.646303
7729,7729009,18612,0.937203
7730,7730014,30167,1.519052
7731,7731010,42666,2.148436
7732,7732014,51660,2.601328
7733,7733011,53613,2.699670
7734,7734014,47771,2.405498
7735,7735011,36264,1.826065
7736,7736015,23701,1.193458
7737,7737013,14723,0.741373
7738,7738010,12787,0.643886
7739,7739014,18660,0.939620
7740,7740011,30071,1.514218
7741,7741015,42810,2.155688
7742,7742011,51692,2.602939
7743,7743015,53613,2.699670
7744,7744011,47787,2.406304
7745,7745010,36328,1.829288
7746,7746015,23685,1.192653
7747,7747011,14707,0.740568
7748,7748015,12787,0.643886
7749,7749011,18692,0.941231
7750,7750008,30039,1.512607
7751,7751012,42682,2.149242
7752,7752008,51724,2.604550
7753,7753014,53517,2.694836
7754,7754011,47723,2.403081
7755,7755015,36248,1.825260
7756,7756011,23701,1.193458
7757,7757008,14771,0.743790
7758,7758012,12851,0.647109
7759,7759008,18660,0.939620
7760,7760012,30055,1.513413
7761,7761012,42778,2.154076
7762,7762011,51660,2.601328
7763,7763014,53677,2.702893
7764,7764011,47771,2.405498
7765,7765015,36280,1.826871
7766,7766011,23701,1.193458
7767,7767008,14707,0.740568
7768,7768012,12851,0.647109
7769,7769012,18708,0.942037
7770,7770010,30087,1.515024
7771,7771014,42762,2.153271
7772,7772010,51692,2.602939
7773,7773014,53613,2.699670
7774,7774010,47739,2.403886
7775,7775014,36328,1.829288
7776,7776011,23669,1.191847
7777,7777010,14755,0.742985
7778,7778015,12787,0.643886
7779,7779012,18660,0.939620
7780,7780008,30023,1.511801
7781,7781012,42762,2.153271
7782,7782008,51644,2.600522
7783,7783012,53597,2.698865
7784,7784009,47691,2.401470
7785,7785009,36408,1.833316
7786,7786013,23685,1.192653
7787,7787010,14771,0.743790
7788,7788014,12851,0.647109
7789,7789010,18692,0.941231
7790,7790014,30215,1.521469
7791,7791011,42698,2.150048
7792,7792015,51676,2.602133
7793,7793014,53677,2.702893
7794,7794013,47739,2.403886
7795,7795009,36360,1.830900
7796,7796013,23653,1.191041
7797,7797009,14771,0.743790
7798,7798013,12851,0.647109
7799,7799010,18612,0.937203
7800,7800014,30103,1.515830
7801,7801015,42762,2.153271
7802,7802013,51740,2.605356
7803,7803010,53597,2.698865
7804,7804014,47691,2.401470
7805,7805010,36376,1.831705
7806,7806014,23653,1.191041
7807,7807011,14739,0.742179
7808,7808015,12851,0.647109
7809,7809008,18676,0.940426
7810,7810012,30071,1.514218
7811,7811009,42666,2.148436
7812,7812013,51644,2.600522
7813,7813009,53613,2.699670
7814,7814013,47739,2.403886
7815,7815009,36344,1.830094
7816,7816013,23589,1.187819
7817,7817015,14723,0.741373
7818,7818013,12851,0.647109
7819,7819010,18612,0.937203
7820,7820014,30055,1.513413
7821,7821010,42730,2.151659
7822,7822014,51724,2.604550
7823,7823011,53549,2.696448
7824,7824015,47723,2.403081
7825,7825010,36312,1.828482
7826,7826008,23749,1.195875
7827,7827012,14723,0.741373
7828,7828009,12771,0.643081
7829,7829013,18708,0.942037
7830,7830009,30055,1.513413
7831,7831013,42682,2.149242
7832,7832009,51692,2.602939
7833,7833011,53629,2.700476
7834,7834009,47723,2.403081
7835,7835013,36312,1.828482
7836,7836009,23717,1.194264
7837,7837013,14691,0.739762
7838,7838009,12803,0.644692
7839,7839013,18644,0.938814
7840,7840010,30007,1.510996
7841,7841013,42730,2.151659
7842,7842012,51644,2.600522
7843,7843009,53581,2.698059
7844,7844013,47723,2.403081
7845,7845009,36344,1.830094
7846,7846013,23685,1.192653
7847,7847009,14739,0.742179
7848,7848013,12835,0.646303
7849,7849009,18660,0.939620
7850,7850009,30039,1.512607
7851,7851013,42730,2.151659
7852,7852010,51708,2.603744
7853,7853014,53565,2.697253
7854,7854010,47739,2.403886
7855,7855014,36232,1.824454
7856,7856010,23685,1.192653
7857,7857014,14803,0.745402
7858,7858012,12819,0.645498
7859,7859008,18628,0.938009
7860,7860012,30103,1.515830
7861,7861008,42666,2.148436
7862,7862012,51772,2.606967
7863,7863009,53549,2.696448
7864,7864013,47723,2.403081
7865,7865008,36392,1.832511
7866,7866013,23685,1.192653
7867,7867009,14723,0.741373
7868,7868013,12899,0.649526
7869,7869010,18628,0.938009
7870,7870014,30119,1.516635
7871,7871010,42682,2.149242
7872,7872014,51676,2.602133
7873,7873010,53629,2.700476
7874,7874014,47691,2.401470
7875,7875011,36344,1.830094
7876,7876015,23653,1.191041
7877,7877011,14723,0.741373
7878,7878008,12787,0.643886
7879,7879012,18644,0.938814
7880,7880008,30039,1.512607
7881,7881012,42762,2.153271
7882,7882009,51692,2.602939
7883,7883013,53517,2.694836
7884,7884009,47707,2.402275
7885,7885013,36312,1.828482
7886,7886010,23701,1.193458
7887,7887014,14723,0.741373
7888,7888010,12803,0.644692
7889,7889014,18756,0.944454
7890,7890011,30055,1.513413
7891,7891015,42682,2.149242
7892,7892011,51676,2.602133
7893,7893015,53629,2.700476
7894,7894011,47707,2.402275
7895,7895008,36424,1.834122
7896,7896012,23685,1.192653
7897,7897008,14787,0.744596
7898,7898013,12819,0.645498
7899,7899010,18644,0.938814
7900,7900013,30119,1.516635
7901,7901010,42698,2.150048
7902,7902014,51756,2.606162
7903,7903010,53581,2.698059
7904,7904014,47691,2.401470
7905,7905011,36328,1.829288
7906,7906008,23685,1.192653
7907,7907012,14659,0.738151
7908,7908008,12803,0.644692
7909,7909012,18692,0.941231
7910,7910008,30055,1.513413
7911,7911012,42714,2.150854
7912,7912009,51692,2.602939
7913,7913013,53613,2.699670
7914,7914010,47723,2.403081
7915,7915014,36296,1.827677
7916,7916011,23701,1.193458
7917,7917015,14755,0.742985
7918,7918011,12803,0.644692
7919,7919015,18644,0.938814
7920,7920012,30055,1.513413
7921,7921010,42730,2.151659
7922,7922009,51724,2.604550
7923,7923013,53581,2.698059
7924,7924009,47739,2.403886
7925,7925013,36152,1.820426
7926,7926009,23765,1.196681
7927,7927013,14755,0.742985
7928,7928010,12819,0.645498
7929,7929015,18724,0.942843
7930,7930014,30135,1.517441
7931,7931011,42730,2.151659
7932,7932015,51676,2.602133
7933,7933011,53629,2.700476
7934,7934008,47755,2.404692
7935,7935012,36328,1.829288
7936,7936008,23717,1.194264
7937,7937013,14739,0.742179
7938,7938011,12819,0.645498
7939,7939015,18724,0.942843
7940,7940011,30087,1.515024
7941,7941015,42762,2.153271
7942,7942011,51708,2.603744
7943,7943008,53581,2.698059
7944,7944012,47771,2.405498
7945,7945010,36344,1.830094
7946,7946008,23749,1.195875
7947,7947012,14723,0.741373
7948,7948008,12771,0.643081
7949,7949012,18660,0.939620
7950,7950009,30055,1.513413
7951,7951013,42666,2.148436
7952,7952009,51740,2.605356
7953,7953008,53485,2.693225
7954,7954012,47755,2.404692
7955,7955009,36344,1.830094
7956,7956013,23701,1.193458
7957,7957009,14755,0.742985
7958,7958013,12851,0.647109
7959,7959009,18660,0.939620
7960,7960013,30151,1.518247
7961,7961011,42746,2.152465
7962,7962009,51708,2.603744
7963,7963013,53597,2.698865
7964,7964009,47691,2.401470
7965,7965013,36328,1.829288
7966,7966010,23733,1.195070
7967,7967014,14755,0.742985
7968,7968010,12835,0.646303
7969,7969009,18660,0.939620
7970,7970008,30055,1.513413
7971,7971012,42698,2.150048
7972,7972008,51676,2.602133
7973,7973012,53645,2.701282
7974,7974009,47755,2.404692
7975,7975012,36280,1.826871
7976,7976009,23717,1.194264
7977,7977009,14771,0.743790
7978,7978013,12803,0.644692
7979,7979009,18644,0.938814
7980,7980013,30151,1.518247
7981,7981010,42730,2.151659
7982,7982014,51756,2.606162
7983,7983010,53581,2.698059
7984,7984014,47723,2.403081
7985,7985014,36248,1.825260
7986,7986011,23701,1.193458
7987,7987008,14755,0.742985
7988,7988012,12819,0.645498
7989,7989008,18644,0.938814
7990,7990012,30087,1.515024
7991,7991008,42714,2.150854
7992,7992012,51724,2.604550
7993,7993012,53565,2.697253
7994,7994011,47755,2.404692
7995,7995015,36248,1.825260
7996,7996011,23701,1.193458
7997,7997008,14771,0.743790
7998,7998012,12819,0.645498
7999,7999008,18644,0.938814
8000,8000012,30103,1.515830
8001,8001011,42730,2.151659
8002,8002008,51676,2.602133
8003,8003012,53581,2.698059
8004,8004008,47723,2.403081
8005,8005012,36344,1.830094
8006,8006008,23717,1.194264
8007,8007012,14723,0.741373
8008,8008009,12787,0.643886
8009,8009009,18692,0.941231
8010,8010013,30103,1.515830
8011,8011010,42682,2.149242
8012,8012014,51724,2.604550
8013,8013010,53533,2.695642
8014,8014014,47739,2.403886
8015,8015010,36312,1.828482
8016,8016014,23685,1.192653
8017,8017008,14803,0.745402
8018,8018014,12867,0.647915
8019,8019010,18644,0.938814
8020,8020014,30103,1.515830
8021,8021011,42698,2.150048
8022,8022015,51692,2.602939
8023,8023011,53581,2.698059
8024,8024015,47883,2.411138
8025,8025008,36408,1.833316
8026,8026013,23685,1.192653
8027,8027010,14739,0.742179
8028,8028014,12851,0.647109
8029,8029010,18644,0.938814
8030,8030014,30103,1.515830
8031,8031010,42730,2.151659
8032,8032014,51708,2.603744
8033,8033008,53613,2.699670
8034,8034013,47771,2.405498
8035,8035009,36328,1.829288
8036,8036013,23653,1.191041
8037,8037009,14723,0.741373
8038,8038013,12835,0.646303
8039,8039010,18644,0.938814
8040,8040014,30119,1.516635
8041,8041015,42778,2.154076
8042,8042011,51676,2.602133
8043,8043008,53629,2.700476
8044,8044012,47675,2.400664
8045,8045008,36392,1.832511
8046,8046012,23669,1.191847
8047,8047009,14739,0.742179
8048,8048013,12803,0.644692
8049,8049013,18692,0.941231
8050,8050012,30167,1.519052
8051,8051009,42666,2.148436
8052,8052013,51708,2.603744
8053,8053009,53597,2.698865
8054,8054013,47723,2.403081
8055,8055009,36312,1.828482
8056,8056013,23685,1.192653
8057,8057015,14707,0.740568
8058,8058013,12835,0.646303
8059,8059009,18724,0.942843
8060,8060013,30135,1.517441
8061,8061010,42682,2.149242
8062,8062014,51708,2.603744
8063,8063010,53565,2.697253
8064,8064014,47723,2.403081
8065,8065009,36360,1.830900
8066,8066008,23749,1.195875
8067,8067013,14675,0.738956
8068,8068009,12787,0.643886
8069,8069013,18724,0.942843
8070,8070009,30055,1.513413
8071,8071013,42698,2.150048
8072,8072010,51676,2.602133
8073,8073012,53629,2.700476
8074,8074011,47707,2.402275
8075,8075015,36280,1.826871
8076,8076011,23717,1.194264
8077,8077008,14755,0.742985
8078,8078012,12819,0.645498
8079,8079008,18644,0.938814
8080,8080012,30103,1.515830
8081,8081015,42778,2.154076
8082,8082013,51660,2.601328
8083,8083010,53565,2.697253
8084,8084014,47691,2.401470
8085,8085010,36328,1.829288
8086,8086014,23653,1.191041
8087,8087010,14739,0.742179
8088,8088014,12819,0.645498
8089,8089009,18644,0.938814
8090,8090015,30167,1.519052
8091,8091011,42746,2.152465
8092,8092015,51660,2.601328
8093,8093011,53581,2.698059
8094,8094008,47739,2.403886
8095,8095012,36328,1.829288
8096,8096008,23765,1.196681
8097,8097011,14723,0.741373
8098,8098008,12787,0.643886
8099,8099012,18676,0.940426
8100,8100008,30007,1.510996
8101,8101012,42794,2.154882
8102,8102009,51676,2.602133
8103,8103013,53597,2.698865
8104,8104009,47723,2.403081
8105,8105013,36328,1.829288
8106,8106011,23717,1.194264
8107,8107015,14691,0.739762
8108,8108011,12803,0.644692
8109,8109008,18628,0.938009
8110,8110012,30087,1.515024
8111,8111008,42730,2.151659
8112,8112012,51692,2.602939
8113,8113016,53549,2.696448
8114,8114013,47739,2.403886
8115,8115009,36344,1.830094
8116,8116013,23733,1.195070
8117,8117010,14787,0.744596
8118,8118014,12851,0.647109
8119,8119010,18644,0.938814
8120,8120014,30087,1.515024
8121,8121010,42730,2.151659
8122,8122008,51644,2.600522
8123,8123012,53581,2.698059
8124,8124008,47723,2.403081
8125,8125012,36280,1.826871
8126,8126009,23717,1.194264
8127,8127013,14691,0.739762
8128,8128009,12787,0.643886
8129,8129013,18676,0.940426
8130,8130010,30087,1.515024
8131,8131014,42746,2.152465
8132,8132010,51628,2.599716
8133,8133014,53645,2.701282
8134,8134011,47723,2.403081
8135,8135015,36328,1.829288
8136,8136011,23653,1.191041
8137,8137015,14755,0.742985
8138,8138015,12835,0.646303
8139,8139012,18660,0.939620
8140,8140008,30055,1.513413
8141,8141012,42714,2.150854
8142,8142009,51660,2.601328
8143,8143013,53389,2.688391
8144,8144009,47691,2.401470
8145,8145013,36360,1.830900
8146,8146010,23733,1.195070
8147,8147014,14723,0.741373
8148,8148010,12819,0.645498
8149,8149014,18692,0.941231
8150,8150010,30087,1.515024
8151,8151014,42714,2.150854
8152,8152011,51644,2.600522
8153,8153009,53597,2.698865
8154,8154015,47771,2.405498
8155,8155012,36312,1.828482
8156,8156009,23733,1.195070
8157,8157013,14739,0.742179
8158,8158009,12819,0.645498
8159,8159013,18692,0.941231
8160,8160009,30039,1.512607
8161,8161014,42778,2.154076
8162,8162011,51628,2.599716
8163,8163008,53613,2.699670
8164,8164012,47739,2.403886
8165,8165008,36360,1.830900
8166,8166012,23685,1.192653
8167,8167008,14755,0.742985
8168,8168012,12787,0.643886
8169,8169010,18644,0.938814
8170,8170015,30151,1.518247
8171,8171011,42650,2.147631
8172,8172015,51660,2.601328
8173,8173012,53533,2.695642
8174,8174008,47771,2.405498
8175,8175012,36296,1.827677
8176,8176008,23717,1.194264
8177,8177015,14755,0.742985
8178,8178012,12771,0.643081
8179,8179008,18644,0.938814
8180,8180012,30103,1.515830
8181,8181009,42698,2.150048
8182,8182013,51724,2.604550
8183,8183009,53549,2.696448
8184,8184013,47707,2.402275
8185,8185011,36312,1.828482
8186,8186010,23733,1.195070
8187,8187014,14707,0.740568
8188,8188010,12787,0.643886
8189,8189014,18692,0.941231
8190,8190011,30055,1.513413
8191,8191015,42810,2.155688
8192,8192011,51660,2.601328
8193,8193009,53581,2.698059
8194,8194014,47755,2.404692
8195,8195010,36312,1.828482
8196,8196014,23653,1.191041
8197,8197010,14739,0.742179
8198,8198014,12819,0.645498
8199,8199011,18628,0.938009
8200,8200015,30183,1.519858
8201,8201014,42682,2.149242
8202,8202013,51708,2.603744
8203,8203009,53581,2.698059
8204,8204013,47755,2.404692
8205,8205010,36344,1.830094
8206,8206014,23701,1.193458
8207,8207010,14771,0.743790
8208,8208014,12851,0.647109
8209,8209013,18708,0.942037
8210,8210011,30055,1.513413
8211,8211008,42682,2.149242
8212,8212012,51660,2.601328
8213,8213008,53645,2.701282
8214,8214012,47723,2.403081
8215,8215009,36360,1.830900
8216,8216013,23605,1.188624
8217,8217012,14803,0.745402
8218,8218009,12771,0.643081
8219,8219013,18660,0.939620
8220,8220009,30039,1.512607
8221,8221013,42746,2.152465
8222,8222009,51724,2.604550
8223,8223013,53549,2.696448
8224,8224010,47771,2.405498
8225,8225009,36344,1.830094
8226,8226013,23669,1.191847
8227,8227010,14723,0.741373
8228,8228014,12787,0.643886
8229,8229010,18740,0.943648
8230,8230014,30103,1.515830
8231,8231011,42666,2.148436
8232,8232015,51708,2.603744
8233,8233014,53597,2.698865
8234,8234012,47707,2.402275
8235,8235009,36344,1.830094
8236,8236013,23637,1.190236
8237,8237010,14739,0.742179
8238,8238014,12819,0.645498
8239,8239010,18660,0.939620
8240,8240014,30103,1.515830
8241,8241014,42794,2.154882
8242,8242011,51644,2.600522
8243,8243015,53597,2.698865
8244,8244011,47755,2.404692
8245,8245008,36360,1.830900
8246,8246012,23653,1.191041
8247,8247008,14739,0.742179
8248,8248012,12803,0.644692
8249,8249012,18708,0.942037
8250,8250011,30023,1.511801
8251,8251008,42714,2.150854
8252,8252012,51660,2.601328
8253,8253008,53613,2.699670
8254,8254012,47691,2.401470
8255,8255008,36376,1.831705
8256,8256012,23701,1.193458
8257,8257013,14723,0.741373
8258,8258011,12819,0.645498
8259,8259008,18596,0.936397
8260,8260012,30103,1.515830
8261,8261008,42682,2.149242
8262,8262012,51612,2.598910
8263,8263008,53581,2.698059
8264,8264012,47707,2.402275
8265,8265013,36344,1.830094
8266,8266010,23541,1.185402
8267,8267014,14691,0.739762
8268,8268011,12819,0.645498
8269,8269015,18692,0.941231
8270,8270011,30055,1.513413
8271,8271008,42730,2.151659
8272,8272012,51660,2.601328
8273,8273013,53581,2.698059
8274,8274010,47755,2.404692
8275,8275014,36264,1.826065
8276,8276010,23701,1.193458
8277,8277014,14723,0.741373
8278,8278011,12803,0.644692
8279,8279015,18708,0.942037
8280,8280011,30055,1.513413
8281,8281014,42730,2.151659
8282,8282011,51708,2.603744
8283,8283014,53565,2.697253
8284,8284011,47739,2.403886
8285,8285015,36328,1.829288
8286,8286011,23637,1.190236
8287,8287008,14755,0.742985
8288,8288012,12803,0.644692
8289,8289013,18692,0.941231
8290,8290011,30071,1.514218
8291,8291015,42826,2.156494
8292,8292012,51676,2.602133
8293,8293008,53613,2.699670
8294,8294012,47755,2.404692
8295,8295009,36344,1.830094
8296,8296012,23701,1.193458
8297,8297014,14771,0.743790
8298,8298011,12819,0.645498
8299,8299015,18692,0.941231
8300,8300011,30071,1.514218
8301,8301015,42730,2.151659
8302,8302011,51692,2.602939
8303,8303008,53581,2.698059
8304,8304012,47739,2.403886
8305,8305014,36296,1.827677
8306,8306011,23685,1.192653
8307,8307008,14739,0.742179
8308,8308012,12803,0.644692
8309,8309008,18644,0.938814
8310,8310012,30103,1.515830
8311,8311009,42698,2.150048
8312,8312013,51676,2.602133
8313,8313015,53597,2.698865
8314,8314013,47739,2.403886
8315,8315010,36328,1.829288
8316,8316013,23701,1.193458
8317,8317010,14739,0.742179
8318,8318014,12851,0.647109
8319,8319010,18660,0.939620
8320,8320014,30087,1.515024
8321,8321009,42650,2.147631
8322,8322008,51724,2.604550
8323,8323013,53549,2.696448
8324,8324009,47707,2.402275
8325,8325013,36296,1.827677
8326,8326009,23717,1.194264
8327,8327013,14755,0.742985
8328,8328010,12787,0.643886
8329,8329013,18676,0.940426
8330,8330011,30087,1.515024
8331,8331015,42730,2.151659
8332,8332011,51676,2.602133
8333,8333008,53677,2.702893
8334,8334012,47723,2.403081
8335,8335008,36392,1.832511
8336,8336012,23669,1.191847
8337,8337009,14771,0.743790
8338,8338014,12819,0.645498
8339,8339011,18628,0.938009
8340,8340015,30135,1.517441
8341,8341011,42666,2.148436
8342,8342015,51708,2.603744
8343,8343011,53469,2.692419
8344,8344008,47803,2.407109
8345,8345011,36328,1.829288
8346,8346009,23733,1.195070
8347,8347013,14739,0.742179
8348,8348009,12835,0.646303
8349,8349013,18660,0.939620
8350,8350010,30071,1.514218
8351,8351014,42714,2.150854
8352,8352010,51676,2.602133
8353,8353014,53565,2.697253
8354,8354012,47867,2.410332
8355,8355008,36344,1.830094
8356,8356012,23749,1.195875
8357,8357009,14771,0.743790
8358,8358013,12819,0.645498
8359,8359009,18628,0.938009
8360,8360013,30055,1.513413
8361,8361009,42730,2.151659
8362,8362013,51644,2.600522
8363,8363010,53533,2.695642
8364,8364014,47723,2.403081
8365,8365010,36312,1.828482
8366,8366014,23685,1.192653
8367,8367011,14723,0.741373
8368,8368015,12835,0.646303
8369,8369010,18676,0.940426
8370,8370015,30103,1.515830
8371,8371011,42730,2.151659
8372,8372015,51692,2.602939
8373,8373012,53613,2.699670
8374,8374008,47787,2.406304
8375,8375012,36280,1.826871
8376,8376008,23701,1.193458
8377,8377014,14723,0.741373
8378,8378011,12851,0.647109
8379,8379008,18596,0.936397
8380,8380012,30087,1.515024
8381,8381008,42730,2.151659
8382,8382012,51660,2.601328
8383,8383009,53613,2.699670
8384,8384013,47755,2.404692
8385,8385011,36312,1.828482
8386,8386012,23653,1.191041
8387,8387010,14739,0.742179
8388,8388014,12835,0.646303
8389,8389011,18676,0.940426
8390,8390015,30135,1.517441
8391,8391011,42730,2.151659
8392,8392015,51676,2.602133
8393,8393013,53613,2.699670
8394,8394011,47771,2.405498
8395,8395015,36360,1.830900
8396,8396011,23701,1.193458
8397,8397015,14739,0.742179
8398,8398011,12787,0.643886
8399,8399008,18612,0.937203
8400,8400012,30055,1.513413
8401,8401009,42698,2.150048
8402,8402009,51660,2.601328
8403,8403014,53565,2.697253
8404,8404010,47755,2.404692
8405,8405014,36280,1.826871
8406,8406010,23733,1.195070
8407,8407014,14723,0.741373
8408,8408011,12787,0.643886
8409,8409009,18660,0.939620
8410,8410014,30055,1.513413
8411,8411010,42666,2.148436
8412,8412014,51756,2.606162
8413,8413011,53565,2.697253
8414,8414015,47707,2.402275
8415,8415011,36328,1.829288
8416,8416015,23653,1.191041
8417,8417014,14723,0.741373
8418,8418013,12899,0.649526
8419,8419010,18660,0.939620
8420,8420014,30055,1.513413
8421,8421010,42698,2.150048
8422,8422014,51676,2.602133
8423,8423011,53645,2.701282
8424,8424015,47691,2.401470
8425,8425013,36312,1.828482
8426,8426012,23701,1.193458
8427,8427008,14755,0.742985
8428,8428012,12803,0.644692
8429,8429008,18628,0.938009
8430,8430012,30087,1.515024
8431,8431009,42634,2.146825
8432,8432013,51676,2.602133
8433,8433012,53549,2.696448
8434,8434010,47819,2.407915
8435,8435013,36280,1.826871
8436,8436010,23733,1.195070
8437,8437014,14723,0.741373
8438,8438010,12835,0.646303
8439,8439014,18676,0.940426
8440,8440010,30087,1.515024
8441,8441009,42682,2.149242
8442,8442014,51676,2.602133
8443,8443010,53565,2.697253
8444,8444014,47755,2.404692
8445,8445010,36344,1.830094
8446,8446014,23685,1.192653
8447,8447011,14739,0.742179
8448,8448015,12819,0.645498
8449,8449015,18644,0.938814
8450,8450013,30119,1.516635
8451,8451010,42698,2.150048
8452,8452013,51644,2.600522
8453,8453010,53565,2.697253
8454,8454014,47771,2.405498
8455,8455010,36296,1.827677
8456,8456014,23653,1.191041
8457,8457014,14691,0.739762
8458,8458011,12787,0.643886
8459,8459015,18708,0.942037
8460,8460011,30039,1.512607
8461,8461008,42698,2.150048
8462,8462012,51692,2.602939
8463,8463008,53565,2.697253
8464,8464012,47739,2.403886
8465,8465012,36344,1.830094
8466,8466009,23685,1.192653
8467,8467013,14723,0.741373
8468,8468010,12787,0.643886
8469,8469014,18708,0.942037
8470,8470010,30087,1.515024
8471,8471014,42698,2.150048
8472,8472010,51660,2.601328
8473,8473011,53581,2.698059
8474,8474008,47787,2.406304
8475,8475012,36296,1.827677
8476,8476008,23733,1.195070
8477,8477012,14723,0.741373
8478,8478009,12803,0.644692
8479,8479013,18660,0.939620
8480,8480009,29991,1.510190
8481,8481011,42730,2.151659
8482,8482009,51660,2.601328
8483,8483013,53581,2.698059
8484,8484009,47803,2.407109
8485,8485013,36280,1.826871
8486,8486009,23781,1.197487
8487,8487013,14675,0.738956
8488,8488010,12803,0.644692
8489,8489011,18660,0.939620
8490,8490008,30039,1.512607
8491,8491012,42714,2.150854
8492,8492009,51708,2.603744
8493,8493013,53677,2.702893
8494,8494009,47723,2.403081
8495,8495013,36328,1.829288
8496,8496009,23733,1.195070
8497,8497011,14723,0.741373
8498,8498011,12787,0.643886
8499,8499008,18580,0.935592
8500,8500012,30055,1.513413
8501,8501008,42506,2.140380
8502,8502012,51612,2.598910
8503,8503008,53597,2.698865
8504,8504012,47755,2.404692
8505,8505014,36328,1.829288
8506,8506011,23733,1.195070
8507,8507015,14707,0.740568
8508,8508011,12787,0.643886
8509,8509015,18724,0.942843
8510,8510011,30055,1.513413
8511,8511008,42634,2.146825
8512,8512012,51676,2.602133
8513,8513013,53645,2.701282
8514,8514010,47771,2.405498
8515,8515014,36312,1.828482
8516,8516010,23733,1.195070
8517,8517014,14627,0.736539
8518,8518011,12803,0.644692
8519,8519015,18660,0.939620
8520,8520011,30039,1.512607
8521,8521012,42746,2.152465
8522,8522010,51724,2.604550
8523,8523014,53549,2.696448
8524,8524010,47803,2.407109
8525,8525014,36344,1.830094
8526,8526010,23701,1.193458
8527,8527014,14707,0.740568
8528,8528011,12803,0.644692
8529,8529013,18660,0.939620
8530,8530011,30055,1.513413
8531,8531015,42730,2.151659
8532,8532011,51676,2.602133
8533,8533008,53581,2.698059
8534,8534012,47739,2.403886
8535,8535008,36392,1.832511
8536,8536012,23733,1.195070
8537,8537008,14787,0.744596
8538,8538013,12803,0.644692
8539,8539010,18644,0.938814
8540,8540014,30183,1.519858
8541,8541010,42682,2.149242
8542,8542014,51676,2.602133
8543,8543010,53597,2.698865
8544,8544014,47723,2.403081
8545,8545010,36376,1.831705
8546,8546014,23653,1.191041
8547,8547011,14707,0.740568
8548,8548015,12819,0.645498
8549,8549011,18660,0.939620
8550,8550015,29991,1.510190
8551,8551011,42634,2.146825
8552,8552008,51644,2.600522
8553,8553011,53581,2.698059
8554,8554009,47787,2.406304
8555,8555012,36296,1.827677
8556,8556009,23717,1.194264
8557,8557013,14723,0.741373
8558,8558009,12787,0.643886
8559,8559013,18660,0.939620
8560,8560010,30135,1.517441
8561,8561012,42746,2.152465
8562,8562011,51660,2.601328
8563,8563015,53549,2.696448
8564,8564011,47787,2.406304
8565,8565015,36216,1.823648
8566,8566011,23733,1.195070
8567,8567008,14739,0.742179
8568,8568012,12851,0.647109
8569,8569008,18708,0.942037
8570,8570013,30087,1.515024
8571,8571010,42698,2.150048
8572,8572013,51660,2.601328
8573,8573010,53629,2.700476
8574,8574014,47771,2.405498
8575,8575010,36328,1.829288
8576,8576014,23685,1.192653
8577,8577011,14707,0.740568
8578,8578011,12803,0.644692
8579,8579015,18644,0.938814
8580,8580011,30055,1.513413
8581,8581008,42682,2.149242
8582,8582012,51692,2.602939
8583,8583008,53581,2.698059
8584,8584012,47771,2.405498
8585,8585009,36344,1.830094
8586,8586014,23669,1.191847
8587,8587010,14723,0.741373
8588,8588014,12835,0.646303
8589,8589010,18660,0.939620
8590,8590014,30055,1.513413
8591,8591011,42682,2.149242
8592,8592015,51692,2.602939
8593,8593011,53661,2.702087
8594,8594011,47787,2.406304
8595,8595015,36168,1.821231
8596,8596011,23701,1.193458
8597,8597015,14723,0.741373
8598,8598011,12755,0.642275
8599,8599008,18612,0.937203
8600,8600012,30087,1.515024
8601,8601010,42762,2.153271
8602,8602008,51724,2.604550
8603,8603012,53645,2.701282
8604,8604008,47771,2.405498
8605,8605012,36328,1.829288
8606,8606008,23701,1.193458
8607,8607012,14707,0.740568
8608,8608009,12803,0.644692
8609,8609014,18692,0.941231
8610,8610013,30103,1.515830
8611,8611010,42698,2.150048
8612,8612013,51676,2.602133
8613,8613010,53613,2.699670
8614,8614014,47723,2.403081
8615,8615010,36344,1.830094
8616,8616014,23701,1.193458
8617,8617012,14739,0.742179
8618,8618009,12787,0.643886
8619,8619013,18644,0.938814
8620,8620010,30087,1.515024
8621,8621014,42714,2.150854
8622,8622010,51724,2.604550
8623,8623014,53517,2.694836
8624,8624010,47755,2.404692
8625,8625015,36264,1.826065
8626,8626012,23701,1.193458
8627,8627008,14755,0.742985
8628,8628012,12819,0.645498
8629,8629009,18660,0.939620
8630,8630013,30119,1.516635
8631,8631009,42618,2.146020
8632,8632013,51724,2.604550
8633,8633011,53613,2.699670
8634,8634009,47787,2.406304
8635,8635012,36328,1.829288
8636,8636009,23717,1.194264
8637,8637013,14755,0.742985
8638,8638009,12787,0.643886
8639,8639013,18644,0.938814
8640,8640009,30007,1.510996
8641,8641008,42602,2.145214
8642,8642013,51708,2.603744
8643,8643010,53629,2.700476
8644,8644014,47771,2.405498
8645,8645010,36328,1.829288
8646,8646014,23589,1.187819
8647,8647010,14755,0.742985
8648,8648014,12867,0.647915
8649,8649013,18788,0.946065
8650,8650010,30039,1.512607
8651,8651014,42730,2.151659
8652,8652010,51660,2.601328
8653,8653014,53581,2.698059
8654,8654011,47723,2.403081
8655,8655015,36280,1.826871
8656,8656011,23717,1.194264
8657,8657008,14771,0.743790
8658,8658013,12819,0.645498
8659,8659010,18612,0.937203
8660,8660013,30103,1.515830
8661,8661010,42682,2.149242
8662,8662014,51660,2.601328
8663,8663010,53597,2.698865
8664,8664014,47835,2.408720
8665,8665014,36312,1.828482
8666,8666012,23685,1.192653
8667,8667008,14739,0.742179
8668,8668012,12771,0.643081
8669,8669009,18628,0.938009
8670,8670013,30119,1.516635
8671,8671009,42682,2.149242
8672,8672013,51708,2.603744
8673,8673014,53565,2.697253
8674,8674011,47707,2.402275
8675,8675015,36280,1.826871
8676,8676011,23701,1.193458
8677,8677015,14723,0.741373
8678,8678011,12803,0.644692
8679,8679008,18628,0.938009
8680,8680012,30055,1.513413
8681,8681012,42746,2.152465
8682,8682010,51660,2.601328
8683,8683014,53597,2.698865
8684,8684011,47787,2.406304
8685,8685015,36296,1.827677
8686,8686011,23701,1.193458
8687,8687015,14691,0.739762
8688,8688011,12803,0.644692
8689,8689012,18708,0.942037
8690,8690008,30023,1.511801
8691,8691012,42634,2.146825
8692,8692008,51612,2.598910
8693,8693012,53629,2.700476
8694,8694009,47755,2.404692
8695,8695013,36280,1.826871
8696,8696009,23765,1.196681
8697,8697009,14739,0.742179
8698,8698014,12739,0.641469
8699,8699010,18612,0.937203
8700,8700014,30103,1.515830
8701,8701011,42730,2.151659
8702,8702015,51708,2.603744
8703,8703011,53581,2.698059
8704,8704015,47691,2.401470
8705,8705008,36392,1.832511
8706,8706013,23653,1.191041
8707,8707010,14739,0.742179
8708,8708014,12835,0.646303
8709,8709010,18660,0.939620
8710,8710014,29895,1.505356
8711,8711011,42650,2.147631
8712,8712015,51692,2.602939
8713,8713015,53565,2.697253
8714,8714013,47723,2.403081
8715,8715009,36344,1.830094
8716,8716013,23637,1.190236
8717,8717010,14739,0.742179
8718,8718014,12819,0.645498
8719,8719010,18628,0.938009
8720,8720014,30167,1.519052
8721,8721014,42730,2.151659
8722,8722012,51612,2.598910
8723,8723008,53613,2.699670
8724,8724012,47755,2.404692
8725,8725008,36376,1.831705
8726,8726012,23701,1.193458
8727,8727009,14755,0.742985
8728,8728013,12835,0.646303
8729,8729014,18676,0.940426
8730,8730013,30087,1.515024
8731,8731009,42682,2.149242
8732,8732013,51692,2.602939
8733,8733010,53581,2.698059
8734,8734014,47851,2.409526
8735,8735010,36376,1.831705
8736,8736014,23717,1.194264
8737,8737009,14771,0.743790
8738,8738013,12819,0.645498
8739,8739010,18628,0.938009
8740,8740014,30103,1.515830
8741,8741010,42650,2.147631
8742,8742014,51660,2.601328
8743,8743011,53565,2.697253
8744,8744015,47739,2.403886
8745,8745009,36376,1.831705
8746,8746015,23685,1.192653
8747,8747012,14771,0.743790
8748,8748008,12803,0.644692
8749,8749012,18676,0.940426
8750,8750008,30039,1.512607
8751,8751012,42730,2.151659
8752,8752009,51676,2.602133
8753,8753011,53597,2.698865
8754,8754008,47723,2.403081
8755,8755012,36296,1.827677
8756,8756009,23733,1.195070
8757,8757013,14675,0.738956
8758,8758009,12835,0.646303
8759,8759013,18660,0.939620
8760,8760009,30007,1.510996
8761,8761012,42810,2.155688
8762,8762011,51724,2.604550
8763,8763008,53533,2.695642
8764,8764012,47787,2.406304
8765,8765009,36392,1.832511
8766,8766013,23685,1.192653
8767,8767009,14771,0.743790
8768,8768013,12819,0.645498
8769,8769008,18676,0.940426
8770,8770013,30039,1.512607
8771,8771010,42634,2.146825
8772,8772014,51644,2.600522
8773,8773010,53549,2.696448
8774,8774014,47723,2.403081
8775,8775010,36328,1.829288
8776,8776014,23717,1.194264
8777,8777010,14787,0.744596
8778,8778008,12771,0.643081
8779,8779012,18676,0.940426
8780,8780008,30023,1.511801
8781,8781012,42746,2.152465
8782,8782009,51660,2.601328
8783,8783013,53645,2.701282
8784,8784009,47851,2.409526
8785,8785013,36280,1.826871
8786,8786010,23733,1.195070
8787,8787014,14707,0.740568
8788,8788010,12787,0.643886
8789,8789014,18708,0.942037
8790,8790010,30055,1.513413
8791,8791014,42842,2.157299
8792,8792011,51644,2.600522
8793,8793014,53565,2.697253
8794,8794013,47707,2.402275
8795,8795011,36328,1.829288
8796,8796008,23749,1.195875
8797,8797012,14739,0.742179
8798,8798008,12787,0.643886
8799,8799012,18628,0.938009
8800,8800009,30023,1.511801
8801,8801012,42714,2.150854
8802,8802011,51676,2.602133
8803,8803015,53549,2.696448
8804,8804011,47739,2.403886
8805,8805015,36312,1.828482
8806,8806012,23637,1.190236
8807,8807008,14803,0.745402
8808,8808012,12803,0.644692
8809,8809008,18628,0.938009
8810,8810012,30039,1.512607
8811,8811009,42698,2.150048
8812,8812013,51708,2.603744
8813,8813009,53629,2.700476
8814,8814013,47755,2.404692
8815,8815009,36472,1.836539
8816,8816013,23653,1.191041
8817,8817010,14707,0.740568
8818,8818015,12819,0.645498
8819,8819011,18676,0.940426
8820,8820008,30007,1.510996
8821,8821012,42730,2.151659
8822,8822008,51660,2.601328
8823,8823012,53549,2.696448
8824,8824009,47787,2.406304
8825,8825013,36344,1.830094
8826,8826011,23621,1.189430
8827,8827015,14707,0.740568
8828,8828012,12803,0.644692
8829,8829008,18676,0.940426
8830,8830012,30055,1.513413
8831,8831008,42666,2.148436
8832,8832012,51628,2.599716
8833,8833010,53597,2.698865
8834,8834008,47595,2.396635
8835,8835012,36328,1.829288
8836,8836009,23733,1.195070
8837,8837013,14739,0.742179
8838,8838009,12803,0.644692
8839,8839013,18692,0.941231
8840,8840009,30055,1.513413
8841,8841014,42746,2.152465
8842,8842012,51708,2.603744
8843,8843009,53789,2.708533
8844,8844012,47771,2.405498
8845,8845009,36376,1.831705
8846,8846013,23685,1.192653
8847,8847009,14755,0.742985
8848,8848013,12819,0.645498
8849,8849011,18660,0.939620
8850,8850008,30071,1.514218
8851,8851012,42778,2.154076
8852,8852009,51660,2.601328
8853,8853013,53645,2.701282
8854,8854009,47723,2.403081
8855,8855013,36296,1.827677
8856,8856010,23749,1.195875
8857,8857008,14643,0.737345
8858,8858013,12803,0.644692
8859,8859009,18676,0.940426
8860,8860013,30103,1.515830
8861,8861009,42682,2.149242
8862,8862013,51676,2.602133
8863,8863010,53613,2.699670
8864,8864014,47755,2.404692
8865,8865012,36328,1.829288
8866,8866011,23733,1.195070
8867,8867009,14675,0.738956
8868,8868013,12835,0.646303
8869,8869009,18644,0.938814
8870,8870013,30087,1.515024
8871,8871009,42682,2.149242
8872,8872013,51676,2.602133
8873,8873012,53613,2.699670
8874,8874009,47771,2.405498
8875,8875013,36328,1.829288
8876,8876009,23733,1.195070
8877,8877013,14675,0.738956
8878,8878010,12787,0.643886
8879,8879014,18676,0.940426
8880,8880010,30071,1.514218
8881,8881009,42650,2.147631
8882,8882012,51564,2.596494
8883,8883009,53565,2.697253
8884,8884013,47755,2.404692
8885,8885009,36328,1.829288
8886,8886013,23669,1.191847
8887,8887009,14755,0.742985
8888,8888013,12835,0.646303
8889,8889013,18692,0.941231
8890,8890011,30055,1.513413
8891,8891014,42730,2.151659
8892,8892011,51660,2.601328
8893,8893015,53389,2.688391
8894,8894011,47723,2.403081
8895,8895008,36344,1.830094
8896,8896012,23717,1.194264
8897,8897012,14739,0.742179
8898,8898009,12803,0.644692
8899,8899013,18676,0.940426
8900,8900009,30039,1.512607
8901,8901013,42714,2.150854
8902,8902010,51676,2.602133
8903,8903014,53581,2.698059
8904,8904010,47819,2.407915
8905,8905010,36360,1.830900
8906,8906014,23637,1.190236
8907,8907011,14723,0.741373
8908,8908015,12819,0.645498
8909,8909011,18676,0.940426
8910,8910008,29991,1.510190
8911,8911012,42698,2.150048
8912,8912008,51692,2.602939
8913,8913015,53565,2.697253
8914,8914014,47579,2.395830
8915,8915011,36328,1.829288
8916,8916015,23701,1.193458
8917,8917011,14739,0.742179
8918,8918015,12835,0.646303
8919,8919011,18724,0.942843
8920,8920008,30055,1.513413
8921,8921008,42730,2.151659
8922,8922015,51676,2.602133
8923,8923011,53565,2.697253
8924,8924015,47707,2.402275
8925,8925012,36328,1.829288
8926,8926008,23749,1.195875
8927,8927012,14659,0.738151
8928,8928008,12803,0.644692
8929,8929009,18644,0.938814
8930,8930013,30087,1.515024
8931,8931010,42698,2.150048
8932,8932014,51724,2.604550
8933,8933010,53629,2.700476
8934,8934014,47755,2.404692
8935,8935010,36360,1.830900
8936,8936014,23685,1.192653
8937,8937014,14707,0.740568
8938,8938011,12819,0.645498
8939,8939015,18676,0.940426
8940,8940011,30039,1.512607
8941,8941008,42746,2.152465
8942,8942012,51660,2.601328
8943,8943008,53661,2.702087
8944,8944012,47819,2.407915
8945,8945012,36344,1.830094
8946,8946009,23749,1.195875
8947,8947013,14723,0.741373
8948,8948009,12787,0.643886
8949,8949013,18708,0.942037
8950,8950010,30055,1.513413
8951,8951014,42778,2.154076
8952,8952010,51660,2.601328
8953,8953010,53613,2.699670
8954,8954014,47707,2.402275
8955,8955011,36312,1.828482
8956,8956015,23717,1.194264
8957,8957011,14739,0.742179
8958,8958015,12803,0.644692
8959,8959011,18628,0.938009
8960,8960008,30055,1.513413
8961,8961009,42714,2.150854
8962,8962014,51660,2.601328
8963,8963011,53533,2.695642
8964,8964014,47691,2.401470
8965,8965011,36376,1.831705
8966,8966015,23637,1.190236
8967,8967011,14739,0.742179
8968,8968008,12803,0.644692
8969,8969009,18660,0.939620
8970,8970014,30087,1.515024
8971,8971010,42714,2.150854
8972,8972014,51676,2.602133
8973,8973011,53613,2.699670
8974,8974014,47723,2.403081
8975,8975011,36296,1.827677
8976,8976015,23685,1.192653
8977,8977009,14771,0.743790
8978,8978014,12787,0.643886
8979,8979011,18660,0.939620
8980,8980015,30119,1.516635
8981,8981011,42682,2.149242
8982,8982015,51708,2.603744
8983,8983011,53581,2.698059
8984,8984008,47851,2.409526
8985,8985010,36232,1.824454
8986,8986010,23749,1.195875
8987,8987014,14739,0.742179
8988,8988011,12803,0.644692
8989,8989015,18676,0.940426
8990,8990011,30055,1.513413
8991,8991008,42650,2.147631
8992,8992012,51708,2.603744
8993,8993014,53549,2.696448
8994,8994013,47771,2.405498
8995,8995010,36328,1.829288
8996,8996014,23637,1.190236
8997,8997010,14739,0.742179
8998,8998014,12787,0.643886
8999,8999011,18612,0.937203
9000,9000015,30055,1.513413
9001,9001010,42682,2.149242
9002,9002009,51596,2.598105
9003,9003013,53565,2.697253
9004,9004009,47771,2.405498
9005,9005013,36312,1.828482
9006,9006009,23685,1.192653
9007,9007013,14723,0.741373
9008,9008010,12771,0.643081
9009,9009013,18676,0.940426
9010,9010009,30023,1.511801
9011,9011013,42714,2.150854
9012,9012010,51692,2.602939
9013,9013014,53581,2.698059
9014,9014010,47723,2.403081
9015,9015014,36248,1.825260
9016,9016010,23685,1.192653
9017,9017013,14723,0.741373
9018,9018010,12803,0.644692
9019,9019014,18660,0.939620
9020,9020010,30071,1.514218
9021,9021014,42762,2.153271
9022,9022011,51660,2.601328
9023,9023015,53597,2.698865
9024,9024011,47691,2.401470
9025,9025015,36328,1.829288
9026,9026012,23733,1.195070
9027,9027009,14739,0.742179
9028,9028013,12803,0.644692
9029,9029009,18628,0.938009
9030,9030013,30087,1.515024
9031,9031009,42714,2.150854
9032,9032013,51644,2.600522
9033,9033010,53661,2.702087
9034,9034008,47755,2.404692
9035,9035012,36344,1.830094
9036,9036008,23781,1.197487
9037,9037012,14739,0.742179
9038,9038009,12803,0.644692
9039,9039013,18676,0.940426
9040,9040009,30039,1.512607
9041,9041012,42698,2.150048
9042,9042011,51612,2.598910
9043,9043014,53565,2.697253
9044,9044011,47867,2.410332
9045,9045015,36312,1.828482
9046,9046011,23701,1.193458
9047,9047015,14691,0.739762
9048,9048011,12819,0.645498
9049,9049009,18628,0.938009
9050,9050013,30103,1.515830
9051,9051009,42730,2.151659
9052,9052013,51692,2.602939
9053,9053010,53661,2.702087
9054,9054014,47723,2.403081
9055,9055010,36392,1.832511
9056,9056014,23685,1.192653
9057,9057011,14755,0.742985
9058,9058008,12787,0.643886
9059,9059012,18820,0.947677
9060,9060009,30023,1.511801
9061,9061013,42762,2.153271
9062,9062009,51596,2.598105
9063,9063013,53629,2.700476
9064,9064009,47755,2.404692
9065,9065014,36328,1.829288
9066,9066012,23701,1.193458
9067,9067008,14755,0.742985
9068,9068012,12851,0.647109
9069,9069009,18596,0.936397
9070,9070013,29959,1.508579
9071,9071009,42666,2.148436
9072,9072013,51708,2.603744
9073,9073010,53565,2.697253
9074,9074008,47771,2.405498
9075,9075012,36408,1.833316
9076,9076009,23765,1.196681
9077,9077013,14723,0.741373
9078,9078009,12771,0.643081
9079,9079013,18660,0.939620
9080,9080009,30023,1.511801
9081,9081015,42730,2.151659
9082,9082014,51692,2.602939
9083,9083011,53597,2.698865
9084,9084015,47707,2.402275
9085,9085011,36280,1.826871
9086,9086015,23653,1.191041
9087,9087011,14691,0.739762
9088,9088008,12803,0.644692
9089,9089013,18692,0.941231
9090,9090011,29991,1.510190
9091,9091015,42730,2.151659
9092,9092011,51740,2.605356
9093,9093015,53565,2.697253
9094,9094011,47707,2.402275
9095,9095008,36360,1.830900
9096,9096012,23701,1.193458
9097,9097011,14739,0.742179
9098,9098015,12787,0.643886
9099,9099011,18660,0.939620
9100,9100008,29991,1.510190
9101,9101012,42698,2.150048
9102,9102008,51692,2.602939
9103,9103012,53597,2.698865
9104,9104009,47755,2.404692
9105,9105015,36232,1.824454
9106,9106012,23685,1.192653
9107,9107008,14739,0.742179
9108,9108012,12835,0.646303
9109,9109009,18612,0.937203
9110,9110013,30055,1.513413
9111,9111009,42714,2.150854
9112,9112013,51692,2.602939
9113,9113011,53613,2.699670
9114,9114008,47819,2.407915
9115,9115012,36328,1.829288
9116,9116009,23765,1.196681
9117,9117013,14755,0.742985
9118,9118009,12787,0.643886
9119,9119013,18660,0.939620
9120,9120009,30103,1.515830
9121,9121008,42650,2.147631
9122,9122013,51676,2.602133
9123,9123010,53613,2.699670
9124,9124014,47771,2.405498
9125,9125010,36440,1.834928
9126,9126014,23685,1.192653
9127,9127010,14739,0.742179
9128,9128014,12851,0.647109
9129,9129013,18708,0.942037
9130,9130010,30055,1.513413
9131,9131014,42778,2.154076
9132,9132011,51660,2.601328
9133,9133015,53661,2.702087
9134,9134011,47739,2.403886
9135,9135015,36312,1.828482
9136,9136011,23765,1.196681
9137,9137011,14723,0.741373
9138,9138010,12787,0.643886
9139,9139015,18660,0.939620
9140,9140012,30087,1.515024
9141,9141008,42682,2.149242
9142,9142012,51692,2.602939
9143,9143009,53597,2.698865
9144,9144013,47787,2.406304
9145,9145013,36328,1.829288
9146,9146011,23733,1.195070
9147,9147015,14707,0.740568
9148,9148011,12819,0.645498
9149,9149015,18676,0.940426
9150,9150011,30087,1.515024
9151,9151008,42650,2.147631
9152,9152012,51724,2.604550
9153,9153011,53581,2.698059
9154,9154010,47803,2.407109
9155,9155015,36344,1.830094
9156,9156011,23733,1.195070
9157,9157015,14739,0.742179
9158,9158011,12787,0.643886
9159,9159008,18612,0.937203
9160,9160012,30071,1.514218
9161,9161013,42730,2.151659
9162,9162009,51676,2.602133
9163,9163013,53581,2.698059
9164,9164010,47803,2.407109
9165,9165014,36296,1.827677
9166,9166010,23717,1.194264
9167,9167014,14723,0.741373
9168,9168010,12787,0.643886
9169,9169012,18676,0.940426
9170,9170010,30023,1.511801
9171,9171014,42730,2.151659
9172,9172010,51692,2.602939
9173,9173014,53533,2.695642
9174,9174011,47723,2.403081
9175,9175015,36328,1.829288
9176,9176011,23669,1.191847
9177,9177013,14755,0.742985
9178,9178012,12787,0.643886
9179,9179008,18612,0.937203
9180,9180012,30023,1.511801
9181,9181008,42634,2.146825
9182,9182012,51676,2.602133
9183,9183009,53581,2.698059
9184,9184013,47643,2.399052
9185,9185013,36312,1.828482
9186,9186011,23733,1.195070
9187,9187015,14739,0.742179
9188,9188011,12803,0.644692
9189,9189015,18692,0.941231
9190,9190011,30023,1.511801
9191,9191008,42746,2.152465
9192,9192012,51596,2.598105
9193,9193014,53581,2.698059
9194,9194011,47723,2.403081
9195,9195015,36312,1.828482
9196,9196011,23733,1.195070
9197,9197008,14755,0.742985
9198,9198012,12835,0.646303
9199,9199008,18596,0.936397
9200,9200012,30231,1.522275
9201,9201014,42778,2.154076
9202,9202012,51628,2.599716
9203,9203008,53613,2.699670
9204,9204012,47723,2.403081
9205,9205008,36376,1.831705
9206,9206012,23685,1.192653
9207,9207009,14755,0.742985
9208,9208013,12835,0.646303
9209,9209014,18676,0.940426
9210,9210011,30055,1.513413
9211,9211008,42714,2.150854
9212,9212012,51628,2.599716
9213,9213008,53661,2.702087
9214,9214012,47723,2.403081
9215,9215008,36376,1.831705
9216,9216012,23685,1.192653
9217,9217015,14723,0.741373
9218,9218013,12819,0.645498
9219,9219010,18644,0.938814
9220,9220014,30055,1.513413
9221,9221010,42794,2.154882
9222,9222014,51692,2.602939
9223,9223010,53565,2.697253
9224,9224014,47787,2.406304
9225,9225010,36392,1.832511
9226,9226008,23749,1.195875
9227,9227013,14691,0.739762
9228,9228009,12803,0.644692
9229,9229013,18660,0.939620
9230,9230009,29991,1.510190
9231,9231013,42714,2.150854
9232,9232010,51660,2.601328
9233,9233013,53597,2.698865
9234,9234010,47787,2.406304
9235,9235014,36312,1.828482
9236,9236011,23749,1.195875
9237,9237015,14723,0.741373
9238,9238011,12803,0.644692
9239,9239015,18660,0.939620
9240,9240011,30087,1.515024
9241,9241015,42698,2.150048
9242,9242012,51724,2.604550
9243,9243009,53565,2.697253
9244,9244013,47771,2.405498
9245,9245009,36360,1.830900
9246,9246013,23717,1.194264
9247,9247009,14723,0.741373
9248,9248013,12835,0.646303
9249,9249009,18644,0.938814
9250,9250015,30087,1.515024
9251,9251012,42794,2.154882
9252,9252008,51852,2.610996
9253,9253012,53597,2.698865
9254,9254009,47723,2.403081
9255,9255013,36312,1.828482
9256,9256009,23749,1.195875
9257,9257012,14755,0.742985
9258,9258010,12867,0.647915
9259,9259014,18692,0.941231
9260,9260010,30039,1.512607
9261,9261014,42714,2.150854
9262,9262011,51676,2.602133
9263,9263015,53581,2.698059
9264,9264011,47835,2.408720
9265,9265015,36280,1.826871
9266,9266013,23685,1.192653
9267,9267010,14739,0.742179
9268,9268014,12819,0.645498
9269,9269010,18644,0.938814
9270,9270014,30119,1.516635
9271,9271011,42698,2.150048
9272,9272015,51708,2.603744
9273,9273012,53597,2.698865
9274,9274009,47771,2.405498
9275,9275013,36360,1.830900
9276,9276009,23717,1.194264
9277,9277013,14739,0.742179
9278,9278009,12755,0.642275
9279,9279013,18676,0.940426
9280,9280010,30071,1.514218
9281,9281013,42746,2.152465
9282,9282012,51692,2.602939
9283,9283008,53581,2.698059
9284,9284012,47755,2.404692
9285,9285009,36312,1.828482
9286,9286013,23685,1.192653
9287,9287009,14771,0.743790
9288,9288013,12819,0.645498
9289,9289010,18660,0.939620
9290,9290008,30023,1.511801
9291,9291012,42698,2.150048
9292,9292008,51692,2.602939
9293,9293012,53597,2.698865
9294,9294009,47835,2.408720
9295,9295013,36360,1.830900
9296,9296009,23765,1.196681
9297,9297014,14739,0.742179
9298,9298012,12803,0.644692
9299,9299009,18628,0.938009
9300,9300013,30119,1.516635
9301,9301009,42714,2.150854
9302,9302013,51692,2.602939
9303,9303010,53597,2.698865
9304,9304014,47771,2.405498
9305,9305010,36360,1.830900
9306,9306008,23749,1.195875
9307,9307012,14739,0.742179
9308,9308008,12787,0.643886
9309,9309012,18660,0.939620
9310,9310008,29991,1.510190
9311,9311012,42762,2.153271
9312,9312009,51644,2.600522
9313,9313013,53629,2.700476
9314,9314011,47691,2.401470
9315,9315015,36328,1.829288
9316,9316011,23701,1.193458
9317,9317015,14691,0.739762
9318,9318011,12787,0.643886
9319,9319008,18628,0.938009
9320,9320012,30071,1.514218
9321,9321009,42698,2.150048
9322,9322014,51676,2.602133
9323,9323011,53645,2.701282
9324,9324015,47835,2.408720
9325,9325011,36328,1.829288
9326,9326008,23765,1.196681
9327,9327012,14755,0.742985
9328,9328008,12787,0.643886
9329,9329014,18596,0.936397
9330,9330011,30071,1.514218
9331,9331015,42730,2.151659
9332,9332011,51708,2.603744
9333,9333015,53565,2.697253
9334,9334011,47707,2.402275
9335,9335008,36408,1.833316
9336,9336012,23701,1.193458
9337,9337010,14739,0.742179
9338,9338008,12771,0.643081
9339,9339012,18644,0.938814
9340,9340008,30071,1.514218
9341,9341012,42730,2.151659
9342,9342009,51644,2.600522
9343,9343013,53613,2.699670
9344,9344009,47771,2.405498
9345,9345008,36424,1.834122
9346,9346012,23669,1.191847
9347,9347009,14723,0.741373
9348,9348013,12819,0.645498
9349,9349009,18580,0.935592
9350,9350013,30135,1.517441
9351,9351009,42666,2.148436
9352,9352013,51708,2.603744
9353,9353012,53613,2.699670
9354,9354012,47691,2.401470
9355,9355010,36360,1.830900
9356,9356013,23701,1.193458
9357,9357010,14755,0.742985
9358,9358014,12787,0.643886
9359,9359010,18644,0.938814
9360,9360014,30055,1.513413
9361,9361013,42778,2.154076
9362,9362011,51660,2.601328
9363,9363008,53549,2.696448
9364,9364012,47739,2.403886
9365,9365008,36440,1.834928
9366,9366012,23701,1.193458
9367,9367009,14771,0.743790
9368,9368013,12851,0.647109
9369,9369012,18660,0.939620
9370,9370010,30023,1.511801
9371,9371014,42730,2.151659
9372,9372010,51692,2.602939
9373,9373014,53581,2.698059
9374,9374010,47787,2.406304
9375,9375014,36328,1.829288
9376,9376011,23781,1.197487
9377,9377011,14771,0.743790
9378,9378009,12787,0.643886
9379,9379013,18692,0.941231
9380,9380009,30007,1.510996
9381,9381013,42762,2.153271
9382,9382009,51628,2.599716
9383,9383013,53565,2.697253
9384,9384010,47787,2.406304
9385,9385010,36392,1.832511
9386,9386014,23701,1.193458
9387,9387011,14627,0.736539
9388,9388015,12851,0.647109
9389,9389011,18644,0.938814
9390,9390015,30087,1.515024
9391,9391011,42634,2.146825
9392,9392008,51644,2.600522
9393,9393009,53597,2.698865
9394,9394013,47707,2.402275
9395,9395010,36376,1.831705
9396,9396014,23717,1.194264
9397,9397010,14835,0.747013
9398,9398014,12835,0.646303
9399,9399011,18628,0.938009
9400,9400015,30119,1.516635
9401,9401015,42762,2.153271
9402,9402012,51692,2.602939
9403,9403009,53677,2.702893
9404,9404013,47787,2.406304
9405,9405009,36392,1.832511
9406,9406013,23621,1.189430
9407,9407009,14787,0.744596
9408,9408013,12851,0.647109
9409,9409015,18756,0.944454
9410,9410012,30087,1.515024
9411,9411009,42698,2.150048
9412,9412013,51724,2.604550
9413,9413009,53677,2.702893
9414,9414013,47755,2.404692
9415,9415009,36408,1.833316
9416,9416013,23701,1.193458
9417,9417014,14739,0.742179
9418,9418011,12787,0.643886
9419,9419015,18708,0.942037
9420,9420011,30087,1.515024
9421,9421008,42682,2.149242
9422,9422012,51692,2.602939
9423,9423008,53613,2.699670
9424,9424012,47787,2.406304
9425,9425014,36280,1.826871
9426,9426012,23685,1.192653
9427,9427009,14915,0.751041
9428,9428013,12819,0.645498
9429,9429009,18644,0.938814
9430,9430013,30071,1.514218
9431,9431010,42730,2.151659
9432,9432014,51676,2.602133
9433,9433008,53645,2.701282
9434,9434013,47755,2.404692
9435,9435010,36344,1.830094
9436,9436014,23701,1.193458
9437,9437010,14771,0.743790
9438,9438014,12787,0.643886
9439,9439011,18676,0.940426
9440,9440015,30087,1.515024
9441,9441010,42746,2.152465
9442,9442014,51708,2.603744
9443,9443011,53565,2.697253
9444,9444015,47659,2.399858
9445,9445011,36376,1.831705
9446,9446008,23733,1.195070
9447,9447012,14755,0.742985
9448,9448008,12803,0.644692
9449,9449011,18644,0.938814
9450,9450008,29959,1.508579
9451,9451012,42730,2.151659
9452,9452009,51676,2.602133
9453,9453012,53597,2.698865
9454,9454009,47755,2.404692
9455,9455013,36328,1.829288
9456,9456009,23749,1.195875
9457,9457012,14723,0.741373
9458,9458009,12787,0.643886
9459,9459013,18708,0.942037
9460,9460010,30055,1.513413
9461,9461014,42666,2.148436
9462,9462010,51676,2.602133
9463,9463014,53613,2.699670
9464,9464010,47755,2.404692
9465,9465013,36360,1.830900
9466,9466011,23717,1.194264
9467,9467015,14771,0.743790
9468,9468011,12819,0.645498
9469,9469008,18628,0.938009
9470,9470012,30039,1.512607
9471,9471008,42682,2.149242
9472,9472012,51676,2.602133
9473,9473009,53725,2.705310
9474,9474014,47739,2.403886
9475,9475010,36392,1.832511
9476,9476014,23701,1.193458
9477,9477011,14787,0.744596
9478,9478015,12771,0.643081
9479,9479011,18644,0.938814
9480,9480015,30103,1.515830
9481,9481010,42666,2.148436
9482,9482015,51660,2.601328
9483,9483011,53581,2.698059
9484,9484015,47771,2.405498
9485,9485011,36312,1.828482
9486,9486008,23749,1.195875
9487,9487012,14755,0.742985
9488,9488008,12819,0.645498
9489,9489012,18660,0.939620
9490,9490012,30055,1.513413
9491,9491010,42682,2.149242
9492,9492013,51724,2.604550
9493,9493010,53581,2.698059
9494,9494014,47707,2.402275
9495,9495010,36376,1.831705
9496,9496014,23717,1.194264
9497,9497011,14755,0.742985
9498,9498009,12803,0.644692
9499,9499013,18692,0.941231
9500,9500009,30023,1.511801
9501,9501013,42714,2.150854
9502,9502010,51628,2.599716
9503,9503014,53645,2.701282
9504,9504010,47723,2.403081
9505,9505014,36328,1.829288
9506,9506011,23717,1.194264
9507,9507015,14771,0.743790
9508,9508011,12803,0.644692
9509,9509015,18692,0.941231
9510,9510011,30039,1.512607
9511,9511008,42682,2.149242
9512,9512012,51660,2.601328
9513,9513009,53613,2.699670
9514,9514014,47723,2.403081
9515,9515011,36504,1.838150
9516,9516015,23653,1.191041
9517,9517011,14707,0.740568
9518,9518008,12803,0.644692
9519,9519012,18660,0.939620
9520,9520008,29959,1.508579
9521,9521013,42714,2.150854
9522,9522011,51596,2.598105
9523,9523015,53629,2.700476
9524,9524011,47723,2.403081
9525,9525015,36312,1.828482
9526,9526011,23701,1.193458
9527,9527008,14771,0.743790
9528,9528012,12803,0.644692
9529,9529010,18660,0.939620
9530,9530008,30007,1.510996
9531,9531013,42698,2.150048
9532,9532009,51708,2.603744
9533,9533013,53581,2.698059
9534,9534009,47883,2.411138
9535,9535013,36328,1.829288
9536,9536010,23733,1.195070
9537,9537015,14723,0.741373
9538,9538013,12851,0.647109
9539,9539009,18628,0.938009
9540,9540013,30055,1.513413
9541,9541009,42602,2.145214
9542,9542013,51660,2.601328
9543,9543010,53645,2.701282
9544,9544014,47723,2.403081
9545,9545012,36360,1.830900
9546,9546010,23749,1.195875
9547,9547014,14739,0.742179
9548,9548011,12787,0.643886
9549,9549015,18660,0.939620
9550,9550011,30039,1.512607
9551,9551015,42762,2.153271
9552,9552011,51676,2.602133
9553,9553010,53597,2.698865
9554,9554009,47803,2.407109
9555,9555013,36344,1.830094
9556,9556010,23749,1.195875
9557,9557014,14723,0.741373
9558,9558010,12739,0.641469
9559,9559014,18612,0.937203
9560,9560010,30007,1.510996
9561,9561009,42666,2.148436
9562,9562013,51708,2.603744
9563,9563010,53693,2.703699
9564,9564014,47755,2.404692
9565,9565010,36376,1.831705
9566,9566014,23749,1.195875
9567,9567010,14787,0.744596
9568,9568014,12803,0.644692
9569,9569013,18660,0.939620
9570,9570012,30055,1.513413
9571,9571008,42682,2.149242
9572,9572012,51580,2.597299
9573,9573008,53613,2.699670
9574,9574012,47707,2.402275
9575,9575009,36376,1.831705
9576,9576013,23749,1.195875
9577,9577013,14739,0.742179
9578,9578011,12787,0.643886
9579,9579015,18692,0.941231
9580,9580011,30087,1.515024
9581,9581008,42650,2.147631
9582,9582012,51660,2.601328
9583,9583008,53693,2.703699
9584,9584012,47787,2.406304
9585,9585011,36360,1.830900
9586,9586008,23749,1.195875
9587,9587012,14691,0.739762
9588,9588009,12787,0.643886
9589,9589013,18676,0.940426
9590,9590009,30023,1.511801
9591,9591013,42730,2.151659
9592,9592009,51644,2.600522
9593,9593009,53613,2.699670
9594,9594015,47723,2.403081
9595,9595012,36360,1.830900
9596,9596009,23717,1.194264
9597,9597013,14739,0.742179
9598,9598009,12787,0.643886
9599,9599013,18660,0.939620
9600,9600009,30039,1.512607
9601,9601010,42730,2.151659
9602,9602015,51708,2.603744
9603,9603012,53613,2.699670
9604,9604008,47659,2.399858
9605,9605012,36376,1.831705
9606,9606009,23701,1.193458
9607,9607013,14739,0.742179
9608,9608009,12803,0.644692
9609,9609010,18724,0.942843
9610,9610014,30087,1.515024
9611,9611011,42714,2.150854
9612,9612015,51676,2.602133
9613,9613011,53613,2.699670
9614,9614008,47771,2.405498
9615,9615012,36312,1.828482
9616,9616008,23717,1.194264
9617,9617008,14755,0.742985
9618,9618013,12851,0.647109
9619,9619010,18564,0.934786
9620,9620013,30087,1.515024
9621,9621010,42666,2.148436
9622,9622014,51708,2.603744
9623,9623010,53581,2.698059
9624,9624014,47835,2.408720
9625,9625014,36280,1.826871
9626,9626011,23733,1.195070
9627,9627008,14771,0.743790
9628,9628012,12787,0.643886
9629,9629008,18628,0.938009
9630,9630012,30055,1.513413
9631,9631008,42634,2.146825
9632,9632012,51724,2.604550
9633,9633014,53565,2.697253
9634,9634012,47755,2.404692
9635,9635008,36504,1.838150
9636,9636012,23701,1.193458
9637,9637008,14755,0.742985
9638,9638012,12819,0.645498
9639,9639009,18628,0.938009
9640,9640013,30055,1.513413
9641,9641014,42762,2.153271
9642,9642012,51612,2.598910
9643,9643009,53597,2.698865
9644,9644013,47739,2.403886
9645,9645009,36392,1.832511
9646,9646013,23701,1.193458
9647,9647010,14755,0.742985
9648,9648014,12899,0.649526
9649,9649014,18676,0.940426
9650,9650011,29943,1.507773
9651,9651008,42554,2.142797
9652,9652012,51660,2.601328
9653,9653008,53581,2.698059
9654,9654012,47771,2.405498
9655,9655008,36408,1.833316
9656,9656012,23701,1.193458
9657,9657014,14723,0.741373
9658,9658011,12787,0.643886
9659,9659015,18708,0.942037
9660,9660011,30087,1.515024
9661,9661008,42682,2.149242
9662,9662012,51628,2.599716
9663,9663008,53597,2.698865
9664,9664012,47739,2.403886
9665,9665014,36328,1.829288
9666,9666014,23685,1.192653
9667,9667010,14771,0.743790
9668,9668014,12819,0.645498
9669,9669010,18660,0.939620
9670,9670014,30119,1.516635
9671,9671011,42666,2.148436
9672,9672015,51724,2.604550
9673,9673009,53597,2.698865
9674,9674013,47707,2.402275
9675,9675010,36376,1.831705
9676,9676014,23733,1.195070
9677,9677010,14787,0.744596
9678,9678014,12819,0.645498
9679,9679010,18628,0.938009
9680,9680014,30119,1.516635
9681,9681009,42650,2.147631
9682,9682014,51692,2.602939
9683,9683010,53645,2.701282
9684,9684014,47755,2.404692
9685,9685011,36408,1.833316
9686,9686015,23653,1.191041
9687,9687011,14771,0.743790
9688,9688015,12803,0.644692
9689,9689010,18660,0.939620
9690,9690008,29879,1.504550
9691,9691012,42698,2.150048
9692,9692008,51676,2.602133
9693,9693012,53581,2.698059
9694,9694009,47787,2.406304
9695,9695013,36296,1.827677
9696,9696009,23765,1.196681
9697,9697012,14755,0.742985
9698,9698009,12771,0.643081
9699,9699013,18660,0.939620
9700,9700010,30039,1.512607
9701,9701014,42730,2.151659
9702,9702010,51644,2.600522
9703,9703014,53597,2.698865
9704,9704010,47723,2.403081
9705,9705014,36296,1.827677
9706,9706011,23701,1.193458
9707,9707015,14739,0.742179
9708,9708011,12755,0.642275
9709,9709008,18580,0.935592
9710,9710012,30023,1.511801
9711,9711008,42714,2.150854
9712,9712012,51660,2.601328
9713,9713009,53597,2.698865
9714,9714008,47755,2.404692
9715,9715012,36328,1.829288
9716,9716008,23765,1.196681
9717,9717012,14659,0.738151
9718,9718009,12771,0.643081
9719,9719013,18660,0.939620
9720,9720009,30023,1.511801
9721,9721012,42714,2.150854
9722,9722011,51628,2.599716
9723,9723015,53565,2.697253
9724,9724011,47787,2.406304
9725,9725015,36296,1.827677
9726,9726011,23717,1.194264
9727,9727008,14755,0.742985
9728,9728012,12835,0.646303
9729,9729009,18596,0.936397
9730,9730013,30071,1.514218
9731,9731009,42650,2.147631
9732,9732013,51692,2.602939
9733,9733010,53581,2.698059
9734,9734014,47723,2.403081
9735,9735010,36408,1.833316
9736,9736014,23701,1.193458
9737,9737011,14787,0.744596
9738,9738010,12755,0.642275
9739,9739014,18692,0.941231
9740,9740011,30023,1.511801
9741,9741015,42794,2.154882
9742,9742011,51708,2.603744
9743,9743015,53613,2.699670
9744,9744011,47771,2.405498
9745,9745009,36376,1.831705
9746,9746009,23717,1.194264
9747,9747013,14755,0.742985
9748,9748009,12819,0.645498
9749,9749013,18660,0.939620
9750,9750009,30023,1.511801
9751,9751013,42746,2.152465
9752,9752010,51676,2.602133
9753,9753008,53645,2.701282
9754,9754013,47723,2.403081
9755,9755009,36360,1.830900
9756,9756013,23717,1.194264
9757,9757010,14755,0.742985
9758,9758014,12835,0.646303
9759,9759010,18596,0.936397
9760,9760014,30007,1.510996
9761,9761012,42714,2.150854
9762,9762009,51708,2.603744
9763,9763013,53581,2.698059
9764,9764010,47771,2.405498
9765,9765014,36296,1.827677
9766,9766010,23733,1.195070
9767,9767014,14691,0.739762
9768,9768010,12819,0.645498
9769,9769008,18612,0.937203
9770,9770013,30151,1.518247
9771,9771009,42666,2.148436
9772,9772013,51692,2.602939
9773,9773010,53597,2.698865
9774,9774014,47723,2.403081
9775,9775010,36344,1.830094
9776,9776014,23701,1.193458
9777,9777012,14723,0.741373
9778,9778009,12771,0.643081
9779,9779013,18644,0.938814
9780,9780009,30023,1.511801
9781,9781013,42778,2.154076
9782,9782010,51628,2.599716
9783,9783014,53725,2.705310
9784,9784010,47771,2.405498
9785,9785009,36360,1.830900
9786,9786015,23669,1.191847
9787,9787011,14755,0.742985
9788,9788008,12803,0.644692
9789,9789012,18644,0.938814
9790,9790008,29991,1.510190
9791,9791012,42778,2.154076
9792,9792008,51644,2.600522
9793,9793015,53533,2.695642
9794,9794013,47723,2.403081
9795,9795009,36344,1.830094
9796,9796013,23749,1.195875
9797,9797010,14739,0.742179
9798,9798014,12803,0.644692
9799,9799010,18596,0.936397
9800,9800014,30119,1.516635
9801,9801013,42714,2.150854
9802,9802012,51532,2.594882
9803,9803009,53581,2.698059
9804,9804013,47787,2.406304
9805,9805009,36376,1.831705
9806,9806013,23701,1.193458
9807,9807009,14771,0.743790
9808,9808013,12787,0.643886
9809,9809012,18644,0.938814
9810,9810010,30087,1.515024
9811,9811014,42714,2.150854
9812,9812011,51660,2.601328
9813,9813015,53533,2.695642
9814,9814011,47787,2.406304
9815,9815015,36344,1.830094
9816,9816011,23733,1.195070
9817,9817011,14723,0.741373
9818,9818008,12803,0.644692
9819,9819012,18692,0.941231
9820,9820009,29959,1.508579
9821,9821013,42634,2.146825
9822,9822009,51644,2.600522
9823,9823013,53597,2.698865
9824,9824010,47787,2.406304
9825,9825010,36376,1.831705
9826,9826009,23701,1.193458
9827,9827013,14739,0.742179
9828,9828009,12771,0.643081
9829,9829013,18676,0.940426
9830,9830010,30007,1.510996
9831,9831014,42698,2.150048
9832,9832010,51676,2.602133
9833,9833009,53581,2.698059
9834,9834014,47723,2.403081
9835,9835010,36408,1.833316
9836,9836014,23685,1.192653
9837,9837011,14835,0.747013
9838,9838014,12787,0.643886
9839,9839011,18644,0.938814
9840,9840015,30071,1.514218
9841,9841015,42762,2.153271
9842,9842012,51660,2.601328
9843,9843008,53677,2.702893
9844,9844012,47739,2.403886
9845,9845009,36376,1.831705
9846,9846013,23685,1.192653
9847,9847009,14771,0.743790
9848,9848013,12883,0.648720
9849,9849014,18660,0.939620
9850,9850011,30039,1.512607
9851,9851015,42778,2.154076
9852,9852011,51676,2.602133
9853,9853008,53613,2.699670
9854,9854012,47723,2.403081
9855,9855008,36408,1.833316
9856,9856012,23733,1.195070
9857,9857013,14675,0.738956
9858,9858011,12771,0.643081
9859,9859015,18708,0.942037
9860,9860011,30023,1.511801
9861,9861008,42666,2.148436
9862,9862012,51660,2.601328
9863,9863008,53581,2.698059
9864,9864012,47739,2.403886
9865,9865014,36280,1.826871
9866,9866013,23701,1.193458
9867,9867009,14739,0.742179
9868,9868013,12819,0.645498
9869,9869009,18660,0.939620
9870,9870013,30071,1.514218
9871,9871010,42650,2.147631
9872,9872014,51676,2.602133
9873,9873015,53597,2.698865
9874,9874012,47691,2.401470
9875,9875008,36440,1.834928
9876,9876012,23653,1.191041
9877,9877009,14787,0.744596
9878,9878013,12787,0.643886
9879,9879009,18628,0.938009
9880,9880013,30087,1.515024
9881,9881014,42698,2.150048
9882,9882012,51644,2.600522
9883,9883009,53597,2.698865
9884,9884013,47755,2.404692
9885,9885009,36376,1.831705
9886,9886013,23701,1.193458
9887,9887010,14755,0.742985
9888,9888014,12787,0.643886
9889,9889014,18660,0.939620
9890,9890013,30023,1.511801
9891,9891010,42682,2.149242
9892,9892014,51676,2.602133
9893,9893010,53549,2.696448
9894,9894014,47691,2.401470
9895,9895010,36456,1.835734
9896,9896014,23701,1.193458
9897,9897010,14739,0.742179
9898,9898008,12803,0.644692
9899,9899012,18660,0.939620
9900,9900008,30023,1.511801
9901,9901012,42666,2.148436
9902,9902008,51692,2.602939
9903,9903012,53581,2.698059
9904,9904009,47771,2.405498
9905,9905012,36312,1.828482
9906,9906010,23701,1.193458
9907,9907014,14723,0.741373
9908,9908010,12803,0.644692
9909,9909014,18692,0.941231
9910,9910011,30039,1.512607
9911,9911015,42714,2.150854
9912,9912011,51692,2.602939
9913,9913015,53549,2.696448
9914,9914013,47739,2.403886
9915,9915009,36376,1.831705
9916,9916013,23701,1.193458
9917,9917009,14739,0.742179
9918,9918013,12803,0.644692
9919,9919010,18612,0.937203
9920,9920014,30103,1.515830
9921,9921009,42698,2.150048
9922,9922014,51596,2.598105
9923,9923011,53645,2.701282
9924,9924015,47771,2.405498
9925,9925011,36376,1.831705
9926,9926008,23749,1.195875
9927,9927012,14723,0.741373
9928,9928008,12803,0.644692
9929,9929011,18628,0.938009
9930,9930008,30007,1.510996
9931,9931012,42714,2.150854
9932,9932008,51628,2.599716
9933,9933012,53645,2.701282
9934,9934009,47755,2.404692
9935,9935013,36328,1.829288
9936,9936009,23733,1.195070
9937,9937013,14675,0.738956
9938,9938012,12819,0.645498
9939,9939008,18644,0.938814
9940,9940012,30071,1.514218
9941,9941009,42650,2.147631
9942,9942013,51644,2.600522
9943,9943009,53597,2.698865
9944,9944013,47723,2.403081
9945,9945009,36360,1.830900
9946,9946014,23717,1.194264
9947,9947010,14755,0.742985
9948,9948014,12851,0.647109
9949,9949011,18660,0.939620
9950,9950015,30119,1.516635
9951,9951011,42714,2.150854
9952,9952008,51596,2.598105
9953,9953012,53629,2.700476
9954,9954010,47771,2.405498
9955,9955008,36456,1.835734
9956,9956012,23733,1.195070
9957,9957008,14771,0.743790
9958,9958012,12787,0.643886
9959,9959009,18660,0.939620
9960,9960013,30055,1.513413
9961,9961010,42682,2.149242
9962,9962008,51660,2.601328
9963,9963013,53549,2.696448
9964,9964009,47819,2.407915
9965,9965013,36328,1.829288
9966,9966009,23701,1.193458
9967,9967013,14723,0.741373
9968,9968010,12819,0.645498
9969,9969014,18612,0.937203
9970,9970011,30039,1.512607
9971,9971015,42746,2.152465
9972,9972011,51660,2.601328
9973,9973015,53533,2.695642
9974,9974011,47755,2.404692
9975,9975008,36424,1.834122
9976,9976012,23733,1.195070
9977,9977009,14771,0.743790
9978,9978014,12787,0.643886
9979,9979010,18628,0.938009
9980,9980014,30087,1.515024
9981,9981010,42666,2.148436
9982,9982014,51612,2.598910
9983,9983011,53693,2.703699
9984,9984015,47755,2.404692
9985,9985012,36344,1.830094
9986,9986008,23765,1.196681
9987,9987012,14771,0.743790
9988,9988009,12819,0.645498
9989,9989013,18612,0.937203
9990,9990009,29975,1.509384
9991,9991013,42698,2.150048
9992,9992009,51660,2.601328
9993,9993014,53581,2.698059
9994,9994012,47691,2.401470
9995,9995009,36424,1.834122
9996,9996013,23733,1.195070
9997,9997009,14755,0.742985
9998,9998013,12787,0.643886
9999,9999009,18644,0.938814
