Sample,Time_us,Raw_u16,Voltage_V
0,207,48715,2.453033
1,1014,38857,1.956635
2,2010,16612,0.836493
3,3014,53805,2.709338
4,4009,16131,0.812273
5,5010,40073,2.017867
6,6012,39001,1.963886
7,7014,16884,0.850190
8,8015,53837,2.710950
9,9014,16019,0.806633
10,10010,40009,2.014644
11,11011,39225,1.975166
12,12013,16788,0.845356
13,13014,53837,2.710950
14,14008,16195,0.815495
15,15010,40073,2.017867
16,16013,38969,1.962275
17,17010,16724,0.842133
18,18011,53853,2.711756
19,19014,16003,0.805827
20,20009,39945,2.011421
21,21010,39129,1.970332
22,22012,16932,0.852607
23,23013,53837,2.710950
24,24015,15987,0.805022
25,25014,40185,2.023506
26,26009,39145,1.971138
27,27011,16756,0.843745
28,28013,53853,2.711756
29,29014,16051,0.808244
30,30008,39945,2.011421
31,31010,39081,1.967915
32,32012,16772,0.844550
33,33009,53821,2.710144
34,34011,16051,0.808244
35,35012,40057,2.017061
36,36013,38953,1.961469
37,37014,16836,0.847773
38,38016,53853,2.711756
39,39010,16259,0.818718
40,40011,40009,2.014644
41,41011,39001,1.963886
42,42015,16900,0.850996
43,43009,53837,2.710950
44,44010,16147,0.813078
45,45012,40105,2.019478
46,46014,38905,1.959052
47,47015,16884,0.850190
48,48010,53725,2.705310
49,49015,16035,0.807439
50,50010,40025,2.015450
51,51011,38985,1.963081
52,52013,16804,0.846162
53,53014,53869,2.712561
54,54015,16003,0.805827
55,55009,39913,2.009810
56,56011,39113,1.969526
57,57010,16740,0.842939
58,58012,53725,2.705310
59,59013,16035,0.807439
60,60015,40249,2.026729
61,61009,39145,1.971138
62,62010,16740,0.842939
63,63012,53741,2.706116
64,64014,16019,0.806633
65,65015,40281,2.028340
66,66012,39145,1.971138
67,67013,16836,0.847773
68,68014,53853,2.711756
69,69008,16227,0.817107
70,70010,39913,2.009810
71,71011,39177,1.972749
72,72012,16820,0.846967
73,73012,53853,2.711756
74,74015,16035,0.807439
75,75010,39961,2.012227
76,76011,39129,1.970332
77,77014,16852,0.848579
78,78015,53869,2.712561
79,79009,16195,0.815495
80,80010,40073,2.017867
81,81009,39017,1.964692
82,82012,16852,0.848579
83,83013,53837,2.710950
84,84014,16035,0.807439
85,85015,40281,2.028340
86,86009,39177,1.972749
87,87011,16724,0.842133
88,88012,53853,2.711756
89,89014,16067,0.809050
90,90009,40073,2.017867
91,91011,39033,1.965498
92,92011,16708,0.841327
93,93014,53837,2.710950
94,94015,16035,0.807439
95,95009,39977,2.013033
96,96010,39065,1.967109
97,97011,16756,0.843745
98,98015,53821,2.710144
99,99009,16388,0.825214
100,100010,40073,2.017867
101,101011,39049,1.966304
102,102012,16788,0.845356
103,103013,53805,2.709338
104,104015,16019,0.806633
105,105015,40265,2.027535
106,106009,39209,1.974360
107,107010,16676,0.839716
108,108011,53773,2.707727
109,109013,16051,0.808244
110,110014,40169,2.022701
111,111016,38841,1.955830
112,112010,16644,0.838105
113,113010,53869,2.712561
114,114012,16115,0.811467
115,115014,40249,2.026729
116,116008,39145,1.971138
117,117010,16772,0.844550
118,118011,53821,2.710144
119,119012,16035,0.807439
120,120013,40201,2.024312
121,121014,38889,1.958247
122,122009,16788,0.845356
123,123011,53949,2.716590
124,124012,16083,0.809856
125,125014,40233,2.025924
126,126015,38921,1.959858
127,127009,16740,0.842939
128,128010,53677,2.702893
129,129015,16019,0.806633
130,130010,40105,2.019478
131,131012,39081,1.967915
132,132013,16836,0.847773
133,133014,53917,2.714978
134,134016,15971,0.804216
135,135009,39945,2.011421
136,136011,39033,1.965498
137,137009,16676,0.839716
138,138013,53853,2.711756
139,139015,16051,0.808244
140,140015,40249,2.026729
141,141009,39129,1.970332
142,142010,16708,0.841327
143,143012,53741,2.706116
144,144013,16051,0.808244
145,145016,40393,2.033980
146,146012,39129,1.970332
147,147014,16868,0.849384
148,148015,53853,2.711756
149,149009,16211,0.816301
150,150010,40041,2.016255
151,151012,39001,1.963886
152,152013,16820,0.846967
153,153016,53821,2.710144
154,154011,16243,0.817913
155,155013,40153,2.021895
156,156014,38969,1.962275
157,157015,16868,0.849384
158,158016,53949,2.716590
159,159009,16195,0.815495
160,160011,39993,2.013838
161,161014,38841,1.955830
162,162010,16612,0.836493
163,163012,53725,2.705310
164,164013,16131,0.812273
165,165015,40249,2.026729
166,166010,39145,1.971138
167,167011,16612,0.836493
168,168013,53789,2.708533
169,169016,16051,0.808244
170,170011,40073,2.017867
171,171013,38953,1.961469
172,172014,16852,0.848579
173,173016,53821,2.710144
174,174010,16195,0.815495
175,175011,39945,2.011421
176,176013,38953,1.961469
177,177011,16644,0.838105
178,178014,53869,2.712561
179,179009,16179,0.814690
180,180011,40009,2.014644
181,181012,39097,1.968720
182,182014,16820,0.846967
183,183015,53869,2.712561
184,184009,16163,0.813884
185,185011,40089,2.018672
186,186013,39001,1.963886
187,187015,16852,0.848579
188,188008,53805,2.709338
189,189010,16420,0.826825
190,190012,40041,2.016255
191,191013,38969,1.962275
192,192015,16868,0.849384
193,193011,53917,2.714978
194,194015,16051,0.808244
195,195009,39929,2.010616
196,196010,39049,1.966304
197,197012,16852,0.848579
198,198013,53869,2.712561
199,199014,16035,0.807439
200,200008,39929,2.010616
201,201012,38825,1.955024
202,202016,16932,0.852607
203,203011,53853,2.711756
204,204012,16115,0.811467
205,205013,40153,2.021895
206,206014,38953,1.961469
207,207008,16644,0.838105
208,208011,53821,2.710144
209,209014,15987,0.805022
210,210011,40041,2.016255
211,211013,39001,1.963886
212,212014,16868,0.849384
213,213015,53773,2.707727
214,214010,15939,0.802605
215,215010,39929,2.010616
216,216012,38969,1.962275
217,217015,16948,0.853413
218,218011,53805,2.709338
219,219012,16179,0.814690
220,220014,40185,2.023506
221,221015,38841,1.955830
222,222008,16660,0.838910
223,223009,53821,2.710144
224,224010,16211,0.816301
225,225015,40297,2.029146
226,226012,39017,1.964692
227,227013,16852,0.848579
228,228015,53821,2.710144
229,229009,16243,0.817913
230,230010,40105,2.019478
231,231012,39081,1.967915
232,232013,16756,0.843745
233,233010,53837,2.710950
234,234013,16115,0.811467
235,235015,40249,2.026729
236,236010,39113,1.969526
237,237012,16740,0.842939
238,238013,53869,2.712561
239,239015,16019,0.806633
240,240009,39945,2.011421
241,241013,38889,1.958247
242,242010,16852,0.848579
243,243012,53805,2.709338
244,244013,16067,0.809050
245,245015,40297,2.029146
246,246009,39177,1.972749
247,247010,16692,0.840522
248,248011,53821,2.710144
249,249015,16019,0.806633
250,250012,40153,2.021895
251,251013,39001,1.963886
252,252015,16852,0.848579
253,253009,53837,2.710950
254,254011,16163,0.813884
255,255012,40153,2.021895
256,256013,38937,1.960664
257,257010,16804,0.846162
258,258015,53837,2.710950
259,259009,16163,0.813884
260,260010,40025,2.015450
261,261012,38841,1.955830
262,262015,16868,0.849384
263,263009,53693,2.703699
264,264011,16131,0.812273
265,265008,39961,2.012227
266,266011,39065,1.967109
267,267013,16804,0.846162
268,268014,53837,2.710950
269,269015,16019,0.806633
270,270009,39993,2.013838
271,271011,39065,1.967109
272,272013,16724,0.842133
273,273010,53853,2.711756
274,274012,16211,0.816301
275,275014,40153,2.021895
276,276015,38905,1.959052
277,277009,16676,0.839716
278,278010,53821,2.710144
279,279012,16099,0.810661
280,280013,40153,2.021895
281,281011,39113,1.969526
282,282012,16772,0.844550
283,283014,53821,2.710144
284,284015,16067,0.809050
285,285009,39849,2.006587
286,286010,39145,1.971138
287,287012,16820,0.846967
288,288013,53821,2.710144
289,289012,16051,0.808244
290,290015,40281,2.028340
291,291011,39129,1.970332
292,292014,16852,0.848579
293,293015,53837,2.710950
294,294009,16195,0.815495
295,295011,40137,2.021090
296,296013,39049,1.966304
297,297011,16740,0.842939
298,298014,53805,2.709338
299,299015,16003,0.805827
300,300009,40009,2.014644
301,301009,39193,1.973554
302,302010,16836,0.847773
303,303011,53917,2.714978
304,304012,16083,0.809856
305,305011,40073,2.017867
306,306009,39001,1.963886
307,307013,16836,0.847773
308,308013,53837,2.710950
309,309008,16227,0.817107
310,310010,40089,2.018672
311,311012,39017,1.964692
312,312013,16804,0.846162
313,313013,53837,2.710950
314,314009,16211,0.816301
315,315010,40009,2.014644
316,316012,39049,1.966304
317,317013,16756,0.843745
318,318014,53869,2.712561
319,319015,16019,0.806633
320,320009,39977,2.013033
321,321008,39209,1.974360
322,322011,16804,0.846162
323,323012,53805,2.709338
324,324014,16051,0.808244
325,325015,40297,2.029146
326,326009,39161,1.971943
327,327010,16612,0.836493
328,328012,53789,2.708533
329,329012,16131,0.812273
330,330013,40185,2.023506
331,331014,38889,1.958247
332,332008,16660,0.838910
333,333009,53805,2.709338
334,334011,16131,0.812273
335,335012,40073,2.017867
336,336013,38969,1.962275
337,337013,16820,0.846967
338,338009,53853,2.711756
339,339010,16195,0.815495
340,340012,39977,2.013033
341,341013,38985,1.963081
342,342008,16660,0.838910
343,343010,53773,2.707727
344,344011,16147,0.813078
345,345011,40025,2.015450
346,346014,38921,1.959858
347,347009,16660,0.838910
348,348011,53869,2.712561
349,349012,16099,0.810661
350,350013,40121,2.020284
351,351015,38937,1.960664
352,352008,16644,0.838105
353,353014,53853,2.711756
354,354009,16211,0.816301
355,355011,40233,2.025924
356,356012,39113,1.969526
357,357013,16836,0.847773
358,358014,53821,2.710144
359,359009,16227,0.817107
360,360010,40025,2.015450
361,361011,39097,1.968720
362,362014,16900,0.850996
363,363016,53805,2.709338
364,364009,16179,0.814690
365,365011,40009,2.014644
366,366012,39129,1.970332
367,367013,16836,0.847773
368,368015,53805,2.709338
369,369009,16227,0.817107
370,370012,40121,2.020284
371,371013,38953,1.961469
372,372015,16852,0.848579
373,373009,53869,2.712561
374,374010,16179,0.814690
375,375011,40025,2.015450
376,376012,39065,1.967109
377,377013,16724,0.842133
378,378016,53853,2.711756
379,379010,16195,0.815495
380,380012,40057,2.017061
381,381013,38969,1.962275
382,382015,16884,0.850190
383,383009,53837,2.710950
384,384011,16099,0.810661
385,385014,40185,2.023506
386,386015,38937,1.960664
387,387010,16724,0.842133
388,388011,53821,2.710144
389,389012,16083,0.809856
390,390014,40217,2.025118
391,391016,38873,1.957441
392,392010,16548,0.833271
393,393014,53805,2.709338
394,394010,16099,0.810661
395,395011,40073,2.017867
396,396012,38889,1.958247
397,397014,16852,0.848579
398,398015,53821,2.710144
399,399009,16195,0.815495
400,400010,40057,2.017061
401,401012,38969,1.962275
402,402015,16788,0.845356
403,403009,53997,2.719006
404,404010,16147,0.813078
405,405011,40057,2.017061
406,406013,39081,1.967915
407,407014,16836,0.847773
408,408016,53789,2.708533
409,409012,16147,0.813078
410,410015,40217,2.025118
411,411009,39209,1.974360
412,412011,16644,0.838105
413,413012,53933,2.715784
414,414013,16259,0.818718
415,415014,40121,2.020284
416,416015,38937,1.960664
417,417010,16692,0.840522
418,418012,53805,2.709338
419,419014,16115,0.811467
420,420009,39881,2.008198
421,421010,39209,1.974360
422,422010,16676,0.839716
423,423011,53725,2.705310
424,424013,16067,0.809050
425,425015,40249,2.026729
426,426011,39145,1.971138
427,427013,16804,0.846162
428,428014,53805,2.709338
429,429009,16243,0.817913
430,430010,39961,2.012227
431,431011,39097,1.968720
432,432013,16836,0.847773
433,433016,53789,2.708533
434,434013,16083,0.809856
435,435015,40249,2.026729
436,436016,38841,1.955830
437,437010,16724,0.842133
438,438012,53773,2.707727
439,439013,16083,0.809856
440,440014,40201,2.024312
441,441010,39129,1.970332
442,442011,16740,0.842939
443,443013,53869,2.712561
444,444014,16051,0.808244
445,445008,39897,2.009004
446,446010,39145,1.971138
447,447012,16756,0.843745
448,448013,53693,2.703699
449,449010,16163,0.813884
450,450014,40201,2.024312
451,451016,38921,1.959858
452,452009,16676,0.839716
453,453011,53821,2.710144
454,454012,16115,0.811467
455,455013,40361,2.032369
456,456014,38873,1.957441
457,457012,16772,0.844550
458,458015,53821,2.710144
459,459010,16131,0.812273
460,460012,40057,2.017061
461,461013,38985,1.963081
462,462014,16852,0.848579
463,463009,53869,2.712561
464,464010,16211,0.816301
465,465015,40313,2.029952
466,466011,39241,1.975972
467,467013,16788,0.845356
468,468014,53901,2.714173
469,469015,16083,0.809856
470,470008,39817,2.004976
471,471009,39177,1.972749
472,472011,16820,0.846967
473,473009,53853,2.711756
474,474011,16115,0.811467
475,475013,40137,2.021090
476,476014,38937,1.960664
477,477015,16868,0.849384
478,478009,53869,2.712561
479,479010,16211,0.816301
480,480011,39945,2.011421
481,481010,39177,1.972749
482,482011,16772,0.844550
483,483013,53805,2.709338
484,484014,16083,0.809856
485,485008,39881,2.008198
486,486010,39129,1.970332
487,487011,16804,0.846162
488,488012,53805,2.709338
489,489009,16163,0.813884
490,490012,40073,2.017867
491,491014,38969,1.962275
492,492015,16884,0.850190
493,493008,53837,2.710950
494,494009,16291,0.820330
495,495011,40057,2.017061
496,496013,39001,1.963886
497,497011,16740,0.842939
498,498014,53949,2.716590
499,499008,16211,0.816301
500,500010,39913,2.009810
501,501012,39097,1.968720
502,502013,16724,0.842133
503,503015,53773,2.707727
504,504009,16211,0.816301
505,505015,40281,2.028340
506,506010,39081,1.967915
507,507012,16660,0.838910
508,508014,53805,2.709338
509,509015,16035,0.807439
510,510009,39929,2.010616
511,511011,39049,1.966304
512,512011,16724,0.842133
513,513009,53837,2.710950
514,514011,16179,0.814690
515,515013,40137,2.021090
516,516014,38969,1.962275
517,517009,16692,0.840522
518,518010,53901,2.714173
519,519011,16195,0.815495
520,520013,40089,2.018672
521,521012,39081,1.967915
522,522015,16868,0.849384
523,523009,53853,2.711756
524,524011,16083,0.809856
525,525012,40057,2.017061
526,526013,38953,1.961469
527,527015,16852,0.848579
528,528010,53917,2.714978
529,529010,16179,0.814690
530,530014,40217,2.025118
531,531010,39161,1.971943
532,532012,16772,0.844550
533,533013,53709,2.704504
534,534014,16147,0.813078
535,535015,40249,2.026729
536,536010,39177,1.972749
537,537010,16676,0.839716
538,538013,53917,2.714978
539,539014,16067,0.809050
540,540015,40217,2.025118
541,541016,38841,1.955830
542,542010,16660,0.838910
543,543011,53901,2.714173
544,544012,16275,0.819524
545,545012,40105,2.019478
546,546009,39161,1.971943
547,547010,16676,0.839716
548,548011,53789,2.708533
549,549013,16115,0.811467
550,550014,40217,2.025118
551,551015,38921,1.959858
552,552009,16644,0.838105
553,553009,53821,2.710144
554,554010,16259,0.818718
555,555011,40057,2.017061
556,556014,38937,1.960664
557,557008,16708,0.841327
558,558010,53837,2.710950
559,559011,16067,0.809050
560,560012,40009,2.014644
561,561012,38905,1.959052
562,562010,16676,0.839716
563,563013,53805,2.709338
564,564015,16051,0.808244
565,565009,39945,2.011421
566,566011,39097,1.968720
567,567012,16660,0.838910
568,568013,53789,2.708533
569,569014,16067,0.809050
570,570009,39945,2.011421
571,571010,39097,1.968720
572,572012,16740,0.842939
573,573014,53837,2.710950
574,574008,16243,0.817913
575,575011,40009,2.014644
576,576011,39065,1.967109
577,577011,16724,0.842133
578,578013,53885,2.713367
579,579014,16099,0.810661
580,580015,40169,2.022701
581,581009,39225,1.975166
582,582010,16724,0.842133
583,583012,53965,2.717395
584,584013,16243,0.817913
585,585015,40249,2.026729
586,586011,39241,1.975972
587,587013,16724,0.842133
588,588015,53805,2.709338
589,589008,16259,0.818718
590,590009,39945,2.011421
591,591011,39049,1.966304
592,592013,16772,0.844550
593,593015,53901,2.714173
594,594011,16307,0.821135
595,595011,40089,2.018672
596,596012,38985,1.963081
597,597014,16836,0.847773
598,598015,53885,2.713367
599,599009,16243,0.817913
600,600010,39961,2.012227
601,601011,39113,1.969526
602,602014,16804,0.846162
603,603016,53773,2.707727
604,604009,16147,0.813078
605,605011,40025,2.015450
606,606013,39049,1.966304
607,607014,16772,0.844550
608,608015,53805,2.709338
609,609015,16035,0.807439
610,610010,39929,2.010616
611,611013,39001,1.963886
612,612015,16820,0.846967
613,613008,53869,2.712561
614,614010,16211,0.816301
615,615012,39961,2.012227
616,616014,39033,1.965498
617,617010,16756,0.843745
618,618012,53837,2.710950
619,619014,16083,0.809856
620,620008,39881,2.008198
621,621009,39177,1.972749
622,622011,16740,0.842939
623,623012,53869,2.712561
624,624014,16147,0.813078
625,625009,39993,2.013838
626,626012,39017,1.964692
627,627013,16852,0.848579
628,628015,53853,2.711756
629,629010,16227,0.817107
630,630011,40009,2.014644
631,631012,39049,1.966304
632,632013,16756,0.843745
633,633016,53853,2.711756
634,634013,16131,0.812273
635,635015,40329,2.030758
636,636009,39225,1.975166
637,637011,16804,0.846162
638,638012,53805,2.709338
639,639013,16067,0.809050
640,640015,40169,2.022701
641,641010,39225,1.975166
642,642012,16804,0.846162
643,643014,53821,2.710144
644,644016,16067,0.809050
645,645009,39881,2.008198
646,646011,39081,1.967915
647,647013,16772,0.844550
648,648014,53917,2.714978
649,649011,16259,0.818718
650,650015,40217,2.025118
651,651009,39225,1.975166
652,652010,16676,0.839716
653,653011,53901,2.714173
654,654013,16147,0.813078
655,655014,39881,2.008198
656,656015,38889,1.958247
657,657011,16836,0.847773
658,658014,53853,2.711756
659,659015,16019,0.806633
660,660009,39913,2.009810
661,661010,39129,1.970332
662,662012,16772,0.844550
663,663014,53757,2.706921
664,664015,16019,0.806633
665,665011,40073,2.017867
666,666008,39177,1.972749
667,667010,16532,0.832465
668,668012,53805,2.709338
669,669013,16195,0.815495
670,670015,40217,2.025118
671,671008,39257,1.976777
672,672010,16708,0.841327
673,673013,53789,2.708533
674,674009,16243,0.817913
675,675010,40025,2.015450
676,676012,39001,1.963886
677,677013,16756,0.843745
678,678014,53853,2.711756
679,679009,16227,0.817107
680,680010,39993,2.013838
681,681014,38969,1.962275
682,682010,16724,0.842133
683,683013,53805,2.709338
684,684015,16067,0.809050
685,685009,39961,2.012227
686,686011,39161,1.971943
687,687012,16756,0.843745
688,688013,53837,2.710950
689,689010,16307,0.821135
690,690012,40025,2.015450
691,691013,39065,1.967109
692,692014,16772,0.844550
693,693015,53837,2.710950
694,694010,16259,0.818718
695,695011,40073,2.017867
696,696013,38969,1.962275
697,697010,16676,0.839716
698,698012,53773,2.707727
699,699014,16083,0.809856
700,700008,39945,2.011421
701,701010,39081,1.967915
702,702011,16644,0.838105
703,703013,53917,2.714978
704,704015,16083,0.809856
705,705012,40105,2.019478
706,706015,38921,1.959858
707,707009,16724,0.842133
708,708010,53789,2.708533
709,709012,16227,0.817107
710,710014,40025,2.015450
711,711014,38937,1.960664
712,712016,16868,0.849384
713,713014,53805,2.709338
714,714016,16035,0.807439
715,715009,39865,2.007393
716,716010,39145,1.971138
717,717012,16756,0.843745
718,718013,53741,2.706116
719,719015,16035,0.807439
720,720010,39961,2.012227
721,721009,39209,1.974360
722,722010,16660,0.838910
723,723011,53997,2.719006
724,724013,16099,0.810661
725,725014,40185,2.023506
726,726008,39193,1.973554
727,727010,16708,0.841327
728,728012,53901,2.714173
729,729009,16227,0.817107
730,730012,40041,2.016255
731,731013,38889,1.958247
732,732014,16804,0.846162
733,733015,53837,2.710950
734,734009,16179,0.814690
735,735011,40025,2.015450
736,736012,39033,1.965498
737,737011,16820,0.846967
738,738014,53933,2.715784
739,739015,16019,0.806633
740,740009,39897,2.009004
741,741010,39177,1.972749
742,742012,16820,0.846967
743,743014,53965,2.717395
744,744015,15971,0.804216
745,745016,40265,2.027535
746,746011,39161,1.971943
747,747012,16724,0.842133
748,748013,53789,2.708533
749,749015,16083,0.809856
750,750009,39929,2.010616
751,751010,39305,1.979194
752,752011,16724,0.842133
753,753009,53853,2.711756
754,754011,16211,0.816301
755,755012,40009,2.014644
756,756013,38985,1.963081
757,757014,16804,0.846162
758,758009,53837,2.710950
759,759011,16019,0.806633
760,760012,39961,2.012227
761,761011,39113,1.969526
762,762014,16868,0.849384
763,763015,53805,2.709338
764,764008,16275,0.819524
765,765010,40025,2.015450
766,766011,39145,1.971138
767,767012,16692,0.840522
768,768014,53789,2.708533
769,769012,16051,0.808244
770,770015,40201,2.024312
771,771008,39241,1.975972
772,772010,16660,0.838910
773,773011,53901,2.714173
774,774012,16099,0.810661
775,775013,40169,2.022701
776,776015,38937,1.960664
777,777014,16836,0.847773
778,778010,53869,2.712561
779,779010,16195,0.815495
780,780012,40041,2.016255
781,781013,39097,1.968720
782,782015,16852,0.848579
783,783008,53821,2.710144
784,784010,16227,0.817107
785,785011,40057,2.017061
786,786013,39065,1.967109
787,787014,16804,0.846162
788,788015,53789,2.708533
789,789009,16259,0.818718
790,790010,39913,2.009810
791,791012,39081,1.967915
792,792014,16932,0.852607
793,793013,53901,2.714173
794,794015,16147,0.813078
795,795008,39849,2.006587
796,796010,39177,1.972749
797,797011,16740,0.842939
798,798013,53757,2.706921
799,799015,16035,0.807439
800,800009,39929,2.010616
801,801009,39225,1.975166
802,802015,16852,0.848579
803,803010,53933,2.715784
804,804012,16067,0.809050
805,805014,40121,2.020284
806,806015,38921,1.959858
807,807008,16628,0.837299
808,808010,53853,2.711756
809,809011,16179,0.814690
810,810014,40073,2.017867
811,811015,38905,1.959052
812,812009,16644,0.838105
813,813010,53837,2.710950
814,814012,16163,0.813884
815,815013,40121,2.020284
816,816015,38937,1.960664
817,817008,16644,0.838105
818,818011,53901,2.714173
819,819013,16067,0.809050
820,820014,40233,2.025924
821,821016,38873,1.957441
822,822010,16660,0.838910
823,823012,53725,2.705310
824,824013,16019,0.806633
825,825015,40073,2.017867
826,826010,39209,1.974360
827,827011,16676,0.839716
828,828012,53773,2.707727
829,829014,16115,0.811467
830,830015,40169,2.022701
831,831009,39241,1.975972
832,832010,16692,0.840522
833,833012,53821,2.710144
834,834013,16131,0.812273
835,835014,40169,2.022701
836,836015,38825,1.955024
837,837010,16692,0.840522
838,838011,53821,2.710144
839,839013,16115,0.811467
840,840015,40265,2.027535
841,841010,39209,1.974360
842,842012,16692,0.840522
843,843013,53837,2.710950
844,844013,16035,0.807439
845,845015,40233,2.025924
846,846009,39273,1.977583
847,847010,16692,0.840522
848,848012,53885,2.713367
849,849014,16019,0.806633
850,850015,40153,2.021895
851,851009,39193,1.973554
852,852010,16676,0.839716
853,853011,53805,2.709338
854,854013,16243,0.817913
855,855016,40137,2.021090
856,856010,39097,1.968720
857,857013,16756,0.843745
858,858015,53885,2.713367
859,859009,16211,0.816301
860,860011,39977,2.013033
861,861012,38953,1.961469
862,862014,16852,0.848579
863,863016,53805,2.709338
864,864010,16243,0.817913
865,865013,40057,2.017061
866,866009,39273,1.977583
867,867011,16692,0.840522
868,868012,53917,2.714978
869,869014,16179,0.814690
870,870016,40265,2.027535
871,871009,39273,1.977583
872,872010,16692,0.840522
873,873013,53837,2.710950
874,874014,16035,0.807439
875,875015,40137,2.021090
876,876010,39177,1.972749
877,877011,16852,0.848579
878,878013,53789,2.708533
879,879014,16243,0.817913
880,880016,40217,2.025118
881,881012,39049,1.966304
882,882015,16804,0.846162
883,883009,53853,2.711756
884,884010,16195,0.815495
885,885012,40057,2.017061
886,886014,39001,1.963886
887,887015,16820,0.846967
888,888009,53805,2.709338
889,889013,16195,0.815495
890,890010,39961,2.012227
891,891012,39145,1.971138
892,892014,16692,0.840522
893,893015,53885,2.713367
894,894009,16195,0.815495
895,895012,40073,2.017867
896,896013,39001,1.963886
897,897009,16644,0.838105
898,898012,53869,2.712561
899,899012,16179,0.814690
900,900014,40105,2.019478
901,901016,38873,1.957441
902,902009,16660,0.838910
903,903011,53757,2.706921
904,904012,16163,0.813884
905,905016,40313,2.029952
906,906011,39145,1.971138
907,907013,16820,0.846967
908,908013,53789,2.708533
909,909015,16099,0.810661
910,910008,39833,2.005782
911,911010,39161,1.971943
912,912012,16756,0.843745
913,913010,53789,2.708533
914,914012,16115,0.811467
915,915014,40153,2.021895
916,916015,38873,1.957441
917,917010,16708,0.841327
918,918012,53725,2.705310
919,919013,16211,0.816301
920,920015,40121,2.020284
921,921012,39113,1.969526
922,922015,16804,0.846162
923,923008,53789,2.708533
924,924010,16259,0.818718
925,925011,39977,2.013033
926,926012,39081,1.967915
927,927013,16708,0.841327
928,928015,53757,2.706921
929,929013,16083,0.809856
930,930009,39913,2.009810
931,931011,39193,1.973554
932,932012,16740,0.842939
933,933014,53901,2.714173
934,934015,16099,0.810661
935,935009,39929,2.010616
936,936011,39177,1.972749
937,937009,16644,0.838105
938,938010,53917,2.714978
939,939011,16259,0.818718
940,940013,40073,2.017867
941,941015,38985,1.963081
942,942009,16676,0.839716
943,943010,53917,2.714978
944,944012,16131,0.812273
945,945009,39913,2.009810
946,946011,39161,1.971943
947,947013,16724,0.842133
948,948014,53821,2.710144
949,949015,16099,0.810661
950,950009,39945,2.011421
951,951010,39193,1.973554
952,952011,16740,0.842939
953,953010,53821,2.710144
954,954011,16099,0.810661
955,955013,39977,2.013033
956,956015,38905,1.959052
957,957008,16612,0.836493
958,958010,53853,2.711756
959,959011,16243,0.817913
960,960012,40041,2.016255
961,961010,39209,1.974360
962,962013,16820,0.846967
963,963014,53789,2.708533
964,964008,16259,0.818718
965,965010,39961,2.012227
966,966011,39065,1.967109
967,967012,16660,0.838910
968,968013,53917,2.714978
969,969014,16147,0.813078
970,970010,39945,2.011421
971,971011,39129,1.970332
972,972013,16788,0.845356
973,973015,53821,2.710144
974,974008,16307,0.821135
975,975010,40009,2.014644
976,976012,39129,1.970332
977,977011,16740,0.842939
978,978013,53773,2.707727
979,979014,16083,0.809856
980,980015,40201,2.024312
981,981009,39209,1.974360
982,982011,16660,0.838910
983,983012,53773,2.707727
984,984014,16067,0.809050
985,985013,40137,2.021090
986,986010,39305,1.979194
987,987011,16756,0.843745
988,988012,53949,2.716590
989,989013,16147,0.813078
990,990015,40137,2.021090
991,991009,39257,1.976777
992,992010,16628,0.837299
993,993010,53901,2.714173
994,994013,16099,0.810661
995,995014,40105,2.019478
996,996008,39289,1.978389
997,997009,16676,0.839716
998,998012,53869,2.712561
999,999013,16115,0.811467
1000,1000015,40233,2.025924
1001,1001014,39049,1.966304
1002,1002009,16676,0.839716
1003,1003010,53901,2.714173
1004,1004012,16195,0.815495
1005,1005013,40185,2.023506
1006,1006014,38985,1.963081
1007,1007008,16644,0.838105
1008,1008009,53821,2.710144
1009,1009010,16195,0.815495
1010,1010014,40153,2.021895
1011,1011009,39225,1.975166
1012,1012010,16676,0.839716
1013,1013011,53757,2.706921
1014,1014012,16147,0.813078
1015,1015014,40233,2.025924
1016,1016009,39225,1.975166
1017,1017009,16692,0.840522
1018,1018013,53949,2.716590
1019,1019014,16211,0.816301
1020,1020008,39849,2.006587
1021,1021010,39225,1.975166
1022,1022011,16724,0.842133
1023,1023012,53853,2.711756
1024,1024014,16115,0.811467
1025,1025015,40217,2.025118
1026,1026010,39161,1.971943
1027,1027011,16740,0.842939
1028,1028013,53917,2.714978
1029,1029015,16035,0.807439
1030,1030009,39897,2.009004
1031,1031010,39177,1.972749
1032,1032012,16628,0.837299
1033,1033013,53933,2.715784
1034,1034009,16275,0.819524
1035,1035010,39913,2.009810
1036,1036012,39209,1.974360
1037,1037012,16740,0.842939
1038,1038014,53725,2.705310
1039,1039015,16003,0.805827
1040,1040009,39897,2.009004
1041,1041010,39209,1.974360
1042,1042011,16692,0.840522
1043,1043012,53869,2.712561
1044,1044013,16003,0.805827
1045,1045015,40137,2.021090
1046,1046008,39337,1.980806
1047,1047010,16644,0.838105
1048,1048011,53773,2.707727
1049,1049011,16243,0.817913
1050,1050014,39977,2.013033
1051,1051015,38921,1.959858
1052,1052009,16692,0.840522
1053,1053010,53885,2.713367
1054,1054012,16179,0.814690
1055,1055013,40169,2.022701
1056,1056015,38873,1.957441
1057,1057015,16900,0.850996
1058,1058011,54029,2.720618
1059,1059013,16115,0.811467
1060,1060015,40089,2.018672
1061,1061009,39209,1.974360
1062,1062011,16708,0.841327
1063,1063013,53757,2.706921
1064,1064015,16083,0.809856
1065,1065010,39977,2.013033
1066,1066015,38985,1.963081
1067,1067010,16708,0.841327
1068,1068011,53789,2.708533
1069,1069013,16147,0.813078
1070,1070013,40073,2.017867
1071,1071016,38921,1.959858
1072,1072010,16660,0.838910
1073,1073013,53853,2.711756
1074,1074015,16067,0.809050
1075,1075010,39945,2.011421
1076,1076012,39113,1.969526
1077,1077013,16820,0.846967
1078,1078015,53805,2.709338
1079,1079008,16243,0.817913
1080,1080010,39913,2.009810
1081,1081014,38953,1.961469
1082,1082010,16676,0.839716
1083,1083013,53917,2.714978
1084,1084014,16115,0.811467
1085,1085015,40169,2.022701
1086,1086009,39209,1.974360
1087,1087010,16692,0.840522
1088,1088011,53837,2.710950
1089,1089015,16083,0.809856
1090,1090010,39913,2.009810
1091,1091012,39081,1.967915
1092,1092013,16788,0.845356
1093,1093015,53885,2.713367
1094,1094009,16259,0.818718
1095,1095010,39913,2.009810
1096,1096011,39225,1.975166
1097,1097015,16852,0.848579
1098,1098010,53853,2.711756
1099,1099011,16195,0.815495
1100,1100012,40009,2.014644
1101,1101014,39145,1.971138
1102,1102008,16580,0.834882
1103,1103009,53933,2.715784
1104,1104010,16195,0.815495
1105,1105013,40137,2.021090
1106,1106009,39273,1.977583
1107,1107010,16676,0.839716
1108,1108012,53821,2.710144
1109,1109013,16147,0.813078
1110,1110014,40153,2.021895
1111,1111009,39369,1.982417
1112,1112009,16740,0.842939
1113,1113013,53869,2.712561
1114,1114015,16083,0.809856
1115,1115009,39817,2.004976
1116,1116010,39209,1.974360
1117,1117012,16708,0.841327
1118,1118014,53885,2.713367
1119,1119015,16051,0.808244
1120,1120009,39913,2.009810
1121,1121013,39049,1.966304
1122,1122015,16820,0.846967
1123,1123008,53837,2.710950
1124,1124009,16227,0.817107
1125,1125010,39881,2.008198
1126,1126012,39209,1.974360
1127,1127014,16804,0.846162
1128,1128016,53805,2.709338
1129,1129012,16163,0.813884
1130,1130015,40185,2.023506
1131,1131009,39225,1.975166
1132,1132011,16676,0.839716
1133,1133011,53869,2.712561
1134,1134013,16115,0.811467
1135,1135014,40121,2.020284
1136,1136008,39273,1.977583
1137,1137013,16788,0.845356
1138,1138015,53853,2.711756
1139,1139009,16243,0.817913
1140,1140011,39945,2.011421
1141,1141012,39065,1.967109
1142,1142013,16756,0.843745
1143,1143014,53853,2.711756
1144,1144015,16115,0.811467
1145,1145012,40121,2.020284
1146,1146015,39001,1.963886
1147,1147008,16564,0.834076
1148,1148010,53853,2.711756
1149,1149011,16147,0.813078
1150,1150013,40073,2.017867
1151,1151015,38953,1.961469
1152,1152009,16644,0.838105
1153,1153013,53805,2.709338
1154,1154015,16019,0.806633
1155,1155009,39881,2.008198
1156,1156010,39209,1.974360
1157,1157012,16724,0.842133
1158,1158013,53805,2.709338
1159,1159013,16051,0.808244
1160,1160015,40153,2.021895
1161,1161012,39081,1.967915
1162,1162009,16660,0.838910
1163,1163010,53885,2.713367
1164,1164011,16179,0.814690
1165,1165013,40025,2.015450
1166,1166014,38921,1.959858
1167,1167015,16772,0.844550
1168,1168009,53853,2.711756
1169,1169013,16083,0.809856
1170,1170016,40201,2.024312
1171,1171009,39209,1.974360
1172,1172010,16676,0.839716
1173,1173011,53901,2.714173
1174,1174013,16115,0.811467
1175,1175014,40073,2.017867
1176,1176015,38921,1.959858
1177,1177013,16756,0.843745
1178,1178009,53789,2.708533
1179,1179009,16259,0.818718
1180,1180011,39961,2.012227
1181,1181012,39065,1.967109
1182,1182014,16772,0.844550
1183,1183015,53837,2.710950
1184,1184009,16259,0.818718
1185,1185014,40201,2.024312
1186,1186009,39289,1.978389
1187,1187012,16756,0.843745
1188,1188013,53901,2.714173
1189,1189015,16067,0.809050
1190,1190009,39881,2.008198
1191,1191010,39129,1.970332
1192,1192012,16644,0.838105
1193,1193010,53853,2.711756
1194,1194013,16131,0.812273
1195,1195015,40089,2.018672
1196,1196009,39321,1.980000
1197,1197010,16660,0.838910
1198,1198012,53821,2.710144
1199,1199013,16035,0.807439
1200,1200014,40153,2.021895
1201,1201012,39129,1.970332
1202,1202014,16756,0.843745
1203,1203015,53837,2.710950
1204,1204010,16211,0.816301
1205,1205011,39977,2.013033
1206,1206012,39049,1.966304
1207,1207014,16756,0.843745
1208,1208016,53821,2.710144
1209,1209014,16115,0.811467
1210,1210011,39961,2.012227
1211,1211012,39049,1.966304
1212,1212013,16820,0.846967
1213,1213015,53869,2.712561
1214,1214009,16275,0.819524
1215,1215010,39945,2.011421
1216,1216011,39113,1.969526
1217,1217009,16564,0.834076
1218,1218013,53821,2.710144
1219,1219014,16083,0.809856
1220,1220015,40185,2.023506
1221,1221010,39241,1.975972
1222,1222011,16692,0.840522
1223,1223012,53885,2.713367
1224,1224013,16179,0.814690
1225,1225012,40009,2.014644
1226,1226014,38985,1.963081
1227,1227015,16804,0.846162
1228,1228010,53837,2.710950
1229,1229011,16211,0.816301
1230,1230012,40009,2.014644
1231,1231014,39001,1.963886
1232,1232008,16580,0.834882
1233,1233016,53901,2.714173
1234,1234011,16227,0.817107
1235,1235012,40041,2.016255
1236,1236014,39145,1.971138
1237,1237008,16596,0.835688
1238,1238010,53837,2.710950
1239,1239011,16163,0.813884
1240,1240013,40041,2.016255
1241,1241013,39001,1.963886
1242,1242010,16644,0.838105
1243,1243011,53901,2.714173
1244,1244013,16115,0.811467
1245,1245014,40009,2.014644
1246,1246015,38937,1.960664
1247,1247009,16580,0.834882
1248,1248011,53853,2.711756
1249,1249010,16211,0.816301
1250,1250013,40089,2.018672
1251,1251015,38937,1.960664
1252,1252010,16644,0.838105
1253,1253011,53885,2.713367
1254,1254012,16339,0.822747
1255,1255013,40041,2.016255
1256,1256015,38985,1.963081
1257,1257015,16852,0.848579
1258,1258010,53805,2.709338
1259,1259011,16195,0.815495
1260,1260013,40121,2.020284
1261,1261014,39017,1.964692
1262,1262008,16612,0.836493
1263,1263010,53837,2.710950
1264,1264011,16179,0.814690
1265,1265012,40089,2.018672
1266,1266015,38873,1.957441
1267,1267009,16564,0.834076
1268,1268010,53885,2.713367
1269,1269011,16179,0.814690
1270,1270012,40041,2.016255
1271,1271013,39049,1.966304
1272,1272014,16884,0.850190
1273,1273015,53853,2.711756
1274,1274010,16355,0.823552
1275,1275011,39977,2.013033
1276,1276013,39129,1.970332
1277,1277015,16964,0.854218
1278,1278009,53901,2.714173
1279,1279010,16195,0.815495
1280,1280012,39977,2.013033
1281,1281013,39129,1.970332
1282,1282009,16580,0.834882
1283,1283010,53853,2.711756
1284,1284011,16195,0.815495
1285,1285013,39961,2.012227
1286,1286015,38921,1.959858
1287,1287009,16612,0.836493
1288,1288010,53821,2.710144
1289,1289011,16211,0.816301
1290,1290013,40089,2.018672
1291,1291015,38969,1.962275
1292,1292009,16644,0.838105
1293,1293011,53869,2.712561
1294,1294012,16163,0.813884
1295,1295014,40041,2.016255
1296,1296015,39001,1.963886
1297,1297010,16676,0.839716
1298,1298013,53933,2.715784
1299,1299014,16163,0.813884
1300,1300008,39817,2.004976
1301,1301010,39241,1.975972
1302,1302010,16692,0.840522
1303,1303012,53773,2.707727
1304,1304014,16179,0.814690
1305,1305015,40169,2.022701
1306,1306010,39289,1.978389
1307,1307011,16660,0.838910
1308,1308012,53869,2.712561
1309,1309013,16147,0.813078
1310,1310015,40153,2.021895
1311,1311009,39321,1.980000
1312,1312011,16692,0.840522
1313,1313014,53773,2.707727
1314,1314010,16275,0.819524
1315,1315011,39897,2.009004
1316,1316012,39161,1.971943
1317,1317014,16804,0.846162
1318,1318015,53821,2.710144
1319,1319009,16307,0.821135
1320,1320010,39897,2.009004
1321,1321012,39193,1.973554
1322,1322009,16628,0.837299
1323,1323010,53869,2.712561
1324,1324011,16211,0.816301
1325,1325012,39993,2.013838
1326,1326013,39097,1.968720
1327,1327014,16724,0.842133
1328,1328009,53933,2.715784
1329,1329011,16211,0.816301
1330,1330012,40025,2.015450
1331,1331015,38825,1.955024
1332,1332008,16596,0.835688
1333,1333010,53853,2.711756
1334,1334012,16211,0.816301
1335,1335013,40057,2.017061
1336,1336014,39049,1.966304
1337,1337010,16692,0.840522
1338,1338012,53789,2.708533
1339,1339013,16131,0.812273
1340,1340014,40073,2.017867
1341,1341008,39321,1.980000
1342,1342009,16628,0.837299
1343,1343010,53821,2.710144
1344,1344012,16243,0.817913
1345,1345015,40201,2.024312
1346,1346011,39225,1.975166
1347,1347012,16836,0.847773
1348,1348013,53677,2.702893
1349,1349014,16115,0.811467
1350,1350008,39737,2.000948
1351,1351010,39145,1.971138
1352,1352011,16660,0.838910
1353,1353014,53853,2.711756
1354,1354009,16259,0.818718
1355,1355009,39817,2.004976
1356,1356011,39225,1.975166
1357,1357013,16724,0.842133
1358,1358015,53805,2.709338
1359,1359008,16307,0.821135
1360,1360010,39913,2.009810
1361,1361013,39081,1.967915
1362,1362009,16596,0.835688
1363,1363010,53821,2.710144
1364,1364012,16163,0.813884
1365,1365014,40153,2.021895
1366,1366016,38969,1.962275
1367,1367009,16644,0.838105
1368,1368011,53853,2.711756
1369,1369015,16067,0.809050
1370,1370009,39849,2.006587
1371,1371011,39193,1.973554
1372,1372013,16708,0.841327
1373,1373013,53853,2.711756
1374,1374015,16083,0.809856
1375,1375009,39833,2.005782
1376,1376010,39161,1.971943
1377,1377014,16804,0.846162
1378,1378010,53837,2.710950
1379,1379012,16147,0.813078
1380,1380013,40121,2.020284
1381,1381014,39017,1.964692
1382,1382015,16836,0.847773
1383,1383010,53805,2.709338
1384,1384011,16211,0.816301
1385,1385015,40153,2.021895
1386,1386010,39225,1.975166
1387,1387012,16740,0.842939
1388,1388013,53853,2.711756
1389,1389014,16083,0.809856
1390,1390016,40137,2.021090
1391,1391010,39273,1.977583
1392,1392011,16756,0.843745
1393,1393016,53789,2.708533
1394,1394011,16227,0.817107
1395,1395012,39993,2.013838
1396,1396014,38953,1.961469
1397,1397015,16820,0.846967
1398,1398010,53853,2.711756
1399,1399012,16179,0.814690
1400,1400013,39993,2.013838
1401,1401011,39065,1.967109
1402,1402014,16916,0.851801
1403,1403008,53821,2.710144
1404,1404010,16243,0.817913
1405,1405012,39977,2.013033
1406,1406013,39145,1.971138
1407,1407014,16852,0.848579
1408,1408016,53885,2.713367
1409,1409014,16131,0.812273
1410,1410009,39849,2.006587
1411,1411011,39209,1.974360
1412,1412012,16692,0.840522
1413,1413014,53869,2.712561
1414,1414008,16404,0.826020
1415,1415010,39833,2.005782
1416,1416011,39177,1.972749
1417,1417010,16660,0.838910
1418,1418012,53741,2.706116
1419,1419014,16115,0.811467
1420,1420016,40137,2.021090
1421,1421009,39305,1.979194
1422,1422010,16628,0.837299
1423,1423011,53837,2.710950
1424,1424012,16131,0.812273
1425,1425012,39977,2.013033
1426,1426013,38937,1.960664
1427,1427015,16820,0.846967
1428,1428009,53837,2.710950
1429,1429011,16243,0.817913
1430,1430012,39881,2.008198
1431,1431014,39049,1.966304
1432,1432015,16836,0.847773
1433,1433013,53901,2.714173
1434,1434008,16275,0.819524
1435,1435009,39865,2.007393
1436,1436011,39209,1.974360
1437,1437013,16756,0.843745
1438,1438014,53869,2.712561
1439,1439009,16243,0.817913
1440,1440010,39833,2.005782
1441,1441015,38985,1.963081
1442,1442011,16692,0.840522
1443,1443013,53933,2.715784
1444,1444014,16131,0.812273
1445,1445009,39817,2.004976
1446,1446011,39177,1.972749
1447,1447012,16804,0.846162
1448,1448014,53869,2.712561
1449,1449012,16291,0.820330
1450,1450014,40105,2.019478
1451,1451009,39305,1.979194
1452,1452011,16644,0.838105
1453,1453012,53741,2.706116
1454,1454014,16195,0.815495
1455,1455015,40169,2.022701
1456,1456009,39273,1.977583
1457,1457009,16628,0.837299
1458,1458011,53949,2.716590
1459,1459012,16275,0.819524
1460,1460014,40073,2.017867
1461,1461008,39353,1.981611
1462,1462009,16596,0.835688
1463,1463011,53837,2.710950
1464,1464014,16163,0.813884
1465,1465013,40057,2.017061
1466,1466015,38985,1.963081
1467,1467008,16580,0.834882
1468,1468010,53885,2.713367
1469,1469011,16211,0.816301
1470,1470012,40025,2.015450
1471,1471014,39065,1.967109
1472,1472015,16804,0.846162
1473,1473016,53837,2.710950
1474,1474013,16163,0.813884
1475,1475014,40025,2.015450
1476,1476016,38953,1.961469
1477,1477009,16612,0.836493
1478,1478010,53869,2.712561
1479,1479012,16227,0.817107
1480,1480013,40041,2.016255
1481,1481013,39049,1.966304
1482,1482009,16660,0.838910
1483,1483011,53805,2.709338
1484,1484013,16115,0.811467
1485,1485015,40025,2.015450
1486,1486015,39065,1.967109
1487,1487009,16628,0.837299
1488,1488011,53853,2.711756
1489,1489012,16099,0.810661
1490,1490014,40121,2.020284
1491,1491016,38969,1.962275
1492,1492010,16692,0.840522
1493,1493011,53853,2.711756
1494,1494012,16067,0.809050
1495,1495014,40153,2.021895
1496,1496015,39129,1.970332
1497,1497016,16788,0.845356
1498,1498009,53869,2.712561
1499,1499011,16211,0.816301
1500,1500012,39977,2.013033
1501,1501014,39097,1.968720
1502,1502015,16788,0.845356
1503,1503009,53869,2.712561
1504,1504011,16211,0.816301
1505,1505012,40169,2.022701
1506,1506014,39033,1.965498
1507,1507009,16612,0.836493
1508,1508010,53821,2.710144
1509,1509011,16243,0.817913
1510,1510012,40105,2.019478
1511,1511012,39097,1.968720
1512,1512014,16772,0.844550
1513,1513015,53773,2.707727
1514,1514011,16211,0.816301
1515,1515013,39945,2.011421
1516,1516015,38985,1.963081
1517,1517008,16580,0.834882
1518,1518010,53869,2.712561
1519,1519011,16211,0.816301
1520,1520013,39993,2.013838
1521,1521014,39129,1.970332
1522,1522011,16644,0.838105
1523,1523012,53869,2.712561
1524,1524013,16227,0.817107
1525,1525015,40233,2.025924
1526,1526009,39289,1.978389
1527,1527011,16660,0.838910
1528,1528012,53805,2.709338
1529,1529015,16083,0.809856
1530,1530010,39881,2.008198
1531,1531012,39177,1.972749
1532,1532013,16740,0.842939
1533,1533014,53917,2.714978
1534,1534015,16067,0.809050
1535,1535010,39993,2.013838
1536,1536011,39193,1.973554
1537,1537015,16788,0.845356
1538,1538011,53853,2.711756
1539,1539013,16099,0.810661
1540,1540015,40185,2.023506
1541,1541008,39369,1.982417
1542,1542009,16596,0.835688
1543,1543011,53853,2.711756
1544,1544012,16195,0.815495
1545,1545016,40201,2.024312
1546,1546011,39225,1.975166
1547,1547012,16676,0.839716
1548,1548013,53869,2.712561
1549,1549014,16195,0.815495
1550,1550015,40121,2.020284
1551,1551010,39257,1.976777
1552,1552011,16628,0.837299
1553,1553013,53821,2.710144
1554,1554015,16099,0.810661
1555,1555009,39833,2.005782
1556,1556011,39225,1.975166
1557,1557012,16788,0.845356
1558,1558015,53933,2.715784
1559,1559009,16291,0.820330
1560,1560010,39865,2.007393
1561,1561013,39113,1.969526
1562,1562015,16804,0.846162
1563,1563009,53853,2.711756
1564,1564010,16275,0.819524
1565,1565012,39961,2.012227
1566,1566013,39065,1.967109
1567,1567015,16708,0.841327
1568,1568008,53853,2.711756
1569,1569011,16099,0.810661
1570,1570015,40169,2.022701
1571,1571009,39241,1.975972
1572,1572011,16692,0.840522
1573,1573013,53869,2.712561
1574,1574014,16195,0.815495
1575,1575015,40089,2.018672
1576,1576009,39321,1.980000
1577,1577013,16772,0.844550
1578,1578009,53789,2.708533
1579,1579010,16275,0.819524
1580,1580011,39945,2.011421
1581,1581011,39177,1.972749
1582,1582013,16740,0.842939
1583,1583015,53821,2.710144
1584,1584009,16291,0.820330
1585,1585014,40057,2.017061
1586,1586010,39305,1.979194
1587,1587012,16660,0.838910
1588,1588013,53805,2.709338
1589,1589015,16131,0.812273
1590,1590009,39865,2.007393
1591,1591011,39193,1.973554
1592,1592013,16804,0.846162
1593,1593009,53869,2.712561
1594,1594011,16227,0.817107
1595,1595013,39865,2.007393
1596,1596014,39145,1.971138
1597,1597016,16804,0.846162
1598,1598009,53885,2.713367
1599,1599010,16227,0.817107
1600,1600011,39961,2.012227
1601,1601015,38953,1.961469
1602,1602011,16644,0.838105
1603,1603012,53853,2.711756
1604,1604013,16243,0.817913
1605,1605014,39977,2.013033
1606,1606015,39081,1.967915
1607,1607009,16612,0.836493
1608,1608010,53853,2.711756
1609,1609016,16019,0.806633
1610,1610012,39945,2.011421
1611,1611014,39065,1.967109
1612,1612015,16740,0.842939
1613,1613010,53853,2.711756
1614,1614012,16179,0.814690
1615,1615013,39913,2.009810
1616,1616014,39097,1.968720
1617,1617011,16708,0.841327
1618,1618013,53741,2.706116
1619,1619014,16115,0.811467
1620,1620008,39785,2.003364
1621,1621010,39241,1.975972
1622,1622012,16708,0.841327
1623,1623013,53789,2.708533
1624,1624015,16099,0.810661
1625,1625011,39945,2.011421
1626,1626014,39033,1.965498
1627,1627015,16852,0.848579
1628,1628009,53853,2.711756
1629,1629010,16291,0.820330
1630,1630011,39929,2.010616
1631,1631012,39129,1.970332
1632,1632014,16740,0.842939
1633,1633011,53853,2.711756
1634,1634014,16115,0.811467
1635,1635008,39769,2.002559
1636,1636010,39289,1.978389
1637,1637012,16724,0.842133
1638,1638014,53805,2.709338
1639,1639015,16211,0.816301
1640,1640010,39865,2.007393
1641,1641008,39369,1.982417
1642,1642011,16676,0.839716
1643,1643013,53805,2.709338
1644,1644014,16067,0.809050
1645,1645009,39817,2.004976
1646,1646010,39241,1.975972
1647,1647012,16788,0.845356
1648,1648013,53773,2.707727
1649,1649012,16195,0.815495
1650,1650014,40009,2.014644
1651,1651015,38921,1.959858
1652,1652009,16628,0.837299
1653,1653010,53805,2.709338
1654,1654011,16195,0.815495
1655,1655013,40041,2.016255
1656,1656014,39049,1.966304
1657,1657013,16692,0.840522
1658,1658015,53837,2.710950
1659,1659009,16259,0.818718
1660,1660010,39913,2.009810
1661,1661012,39209,1.974360
1662,1662014,16740,0.842939
1663,1663008,53869,2.712561
1664,1664010,16291,0.820330
1665,1665010,39913,2.009810
1666,1666012,39161,1.971943
1667,1667013,16804,0.846162
1668,1668015,53837,2.710950
1669,1669009,16307,0.821135
1670,1670010,39817,2.004976
1671,1671011,39209,1.974360
1672,1672012,16692,0.840522
1673,1673011,53821,2.710144
1674,1674013,16291,0.820330
1675,1675015,40089,2.018672
1676,1676015,38985,1.963081
1677,1677009,16628,0.837299
1678,1678010,53725,2.705310
1679,1679012,16211,0.816301
1680,1680013,40009,2.014644
1681,1681012,39129,1.970332
1682,1682014,16708,0.841327
1683,1683015,53869,2.712561
1684,1684010,16291,0.820330
1685,1685011,39913,2.009810
1686,1686012,39161,1.971943
1687,1687014,16772,0.844550
1688,1688008,53885,2.713367
1689,1689015,16067,0.809050
1690,1690012,39993,2.013838
1691,1691013,39049,1.966304
1692,1692015,16852,0.848579
1693,1693009,53837,2.710950
1694,1694011,16259,0.818718
1695,1695012,39913,2.009810
1696,1696013,39129,1.970332
1697,1697014,16804,0.846162
1698,1698009,53821,2.710144
1699,1699010,16243,0.817913
1700,1700012,39977,2.013033
1701,1701013,39081,1.967915
1702,1702014,16788,0.845356
1703,1703015,53837,2.710950
1704,1704010,16307,0.821135
1705,1705009,39849,2.006587
1706,1706012,39129,1.970332
1707,1707013,16660,0.838910
1708,1708015,53821,2.710144
1709,1709009,16339,0.822747
1710,1710010,39897,2.009004
1711,1711011,39209,1.974360
1712,1712013,16804,0.846162
1713,1713014,53853,2.711756
1714,1714009,16307,0.821135
1715,1715009,39817,2.004976
1716,1716011,39257,1.976777
1717,1717012,16724,0.842133
1718,1718014,53853,2.711756
1719,1719015,16019,0.806633
1720,1720009,39817,2.004976
1721,1721010,39257,1.976777
1722,1722013,16756,0.843745
1723,1723014,53773,2.707727
1724,1724015,16163,0.813884
1725,1725009,39753,2.001753
1726,1726010,39353,1.981611
1727,1727012,16676,0.839716
1728,1728013,53853,2.711756
1729,1729014,16099,0.810661
1730,1730009,39785,2.003364
1731,1731010,39225,1.975166
1732,1732012,16692,0.840522
1733,1733013,53837,2.710950
1734,1734015,16163,0.813884
1735,1735009,39833,2.005782
1736,1736011,39305,1.979194
1737,1737012,16676,0.839716
1738,1738014,53933,2.715784
1739,1739015,16179,0.814690
1740,1740010,39865,2.007393
1741,1741011,39209,1.974360
1742,1742012,16660,0.838910
1743,1743013,53869,2.712561
1744,1744014,16147,0.813078
1745,1745016,40137,2.021090
1746,1746010,39241,1.975972
1747,1747012,16676,0.839716
1748,1748013,53917,2.714978
1749,1749015,16131,0.812273
1750,1750009,39785,2.003364
1751,1751011,39209,1.974360
1752,1752012,16564,0.834076
1753,1753014,53997,2.719006
1754,1754009,16259,0.818718
1755,1755010,39897,2.009004
1756,1756012,39193,1.973554
1757,1757013,16820,0.846967
1758,1758014,53789,2.708533
1759,1759015,16195,0.815495
1760,1760009,39849,2.006587
1761,1761012,39161,1.971943
1762,1762015,16692,0.840522
1763,1763011,53837,2.710950
1764,1764013,16211,0.816301
1765,1765015,40105,2.019478
1766,1766008,39401,1.984028
1767,1767010,16612,0.836493
1768,1768011,53805,2.709338
1769,1769014,16211,0.816301
1770,1770015,40153,2.021895
1771,1771010,39193,1.973554
1772,1772011,16660,0.838910
1773,1773012,53949,2.716590
1774,1774014,16131,0.812273
1775,1775015,40121,2.020284
1776,1776009,39273,1.977583
1777,1777011,16612,0.836493
1778,1778013,53853,2.711756
1779,1779014,16147,0.813078
1780,1780015,40217,2.025118
1781,1781009,39305,1.979194
1782,1782010,16612,0.836493
1783,1783012,53837,2.710950
1784,1784013,16227,0.817107
1785,1785016,40153,2.021895
1786,1786011,39241,1.975972
1787,1787012,16692,0.840522
1788,1788014,53917,2.714978
1789,1789015,16083,0.809856
1790,1790010,39817,2.004976
1791,1791011,39193,1.973554
1792,1792012,16756,0.843745
1793,1793009,53805,2.709338
1794,1794012,16147,0.813078
1795,1795014,39961,2.012227
1796,1796008,39337,1.980806
1797,1797010,16612,0.836493
1798,1798011,53837,2.710950
1799,1799013,16115,0.811467
1800,1800014,40201,2.024312
1801,1801011,39161,1.971943
1802,1802013,16660,0.838910
1803,1803014,53853,2.711756
1804,1804016,16115,0.811467
1805,1805009,39817,2.004976
1806,1806011,39241,1.975972
1807,1807012,16612,0.836493
1808,1808015,54077,2.723035
1809,1809011,16243,0.817913
1810,1810014,40057,2.017061
1811,1811015,38921,1.959858
1812,1812009,16612,0.836493
1813,1813011,53837,2.710950
1814,1814013,16179,0.814690
1815,1815013,40009,2.014644
1816,1816014,39017,1.964692
1817,1817011,16612,0.836493
1818,1818013,53837,2.710950
1819,1819015,16147,0.813078
1820,1820009,39833,2.005782
1821,1821011,39273,1.977583
1822,1822012,16692,0.840522
1823,1823013,53725,2.705310
1824,1824015,16083,0.809856
1825,1825012,40169,2.022701
1826,1826009,39337,1.980806
1827,1827011,16628,0.837299
1828,1828012,53821,2.710144
1829,1829013,16147,0.813078
1830,1830014,40073,2.017867
1831,1831008,39385,1.983223
1832,1832009,16612,0.836493
1833,1833011,53837,2.710950
1834,1834013,16275,0.819524
1835,1835014,39993,2.013838
1836,1836009,39369,1.982417
1837,1837010,16596,0.835688
1838,1838011,53869,2.712561
1839,1839013,16211,0.816301
1840,1840015,40121,2.020284
1841,1841012,39241,1.975972
1842,1842014,16708,0.841327
1843,1843008,53805,2.709338
1844,1844009,16323,0.821941
1845,1845011,39929,2.010616
1846,1846012,39193,1.973554
1847,1847014,16660,0.838910
1848,1848015,53917,2.714978
1849,1849013,16083,0.809856
1850,1850008,39737,2.000948
1851,1851010,39241,1.975972
1852,1852013,16724,0.842133
1853,1853014,53821,2.710144
1854,1854015,16099,0.810661
1855,1855009,39801,2.004170
1856,1856010,39321,1.980000
1857,1857009,16580,0.834882
1858,1858012,53853,2.711756
1859,1859013,16243,0.817913
1860,1860015,40057,2.017061
1861,1861009,39273,1.977583
1862,1862011,16676,0.839716
1863,1863013,53757,2.706921
1864,1864014,16195,0.815495
1865,1865011,39897,2.009004
1866,1866013,39209,1.974360
1867,1867015,16756,0.843745
1868,1868008,53757,2.706921
1869,1869010,16291,0.820330
1870,1870012,39881,2.008198
1871,1871014,39065,1.967109
1872,1872015,16740,0.842939
1873,1873012,53965,2.717395
1874,1874015,16067,0.809050
1875,1875009,39801,2.004170
1876,1876009,39289,1.978389
1877,1877011,16660,0.838910
1878,1878012,53885,2.713367
1879,1879013,16115,0.811467
1880,1880015,40073,2.017867
1881,1881015,39001,1.963886
1882,1882012,16628,0.837299
1883,1883013,53789,2.708533
1884,1884014,16179,0.814690
1885,1885009,39705,1.999336
1886,1886009,39273,1.977583
1887,1887010,16628,0.837299
1888,1888012,53869,2.712561
1889,1889010,16259,0.818718
1890,1890014,39993,2.013838
1891,1891009,39321,1.980000
1892,1892009,16612,0.836493
1893,1893011,53853,2.711756
1894,1894013,16243,0.817913
1895,1895014,39977,2.013033
1896,1896015,39065,1.967109
1897,1897015,16788,0.845356
1898,1898012,53869,2.712561
1899,1899014,16147,0.813078
1900,1900015,40153,2.021895
1901,1901010,39273,1.977583
1902,1902012,16644,0.838105
1903,1903013,53837,2.710950
1904,1904008,16323,0.821941
1905,1905014,40073,2.017867
1906,1906009,39321,1.980000
1907,1907011,16644,0.838105
1908,1908012,53821,2.710144
1909,1909014,16147,0.813078
1910,1910016,40137,2.021090
1911,1911010,39241,1.975972
1912,1912011,16676,0.839716
1913,1913011,53805,2.709338
1914,1914014,16131,0.812273
1915,1915014,40185,2.023506
1916,1916009,39337,1.980806
1917,1917010,16676,0.839716
1918,1918013,53821,2.710144
1919,1919013,16083,0.809856
1920,1920015,40057,2.017061
1921,1921013,39017,1.964692
1922,1922010,16676,0.839716
1923,1923011,53837,2.710950
1924,1924013,16195,0.815495
1925,1925014,39993,2.013838
1926,1926016,39097,1.968720
1927,1927010,16596,0.835688
1928,1928011,53901,2.714173
1929,1929010,16259,0.818718
1930,1930013,40009,2.014644
1931,1931014,39065,1.967109
1932,1932015,16868,0.849384
1933,1933010,53869,2.712561
1934,1934010,16259,0.818718
1935,1935012,39977,2.013033
1936,1936014,39001,1.963886
1937,1937013,16804,0.846162
1938,1938008,53837,2.710950
1939,1939010,16339,0.822747
1940,1940012,39913,2.009810
1941,1941014,39081,1.967915
1942,1942008,16532,0.832465
1943,1943010,53869,2.712561
1944,1944011,16243,0.817913
1945,1945013,40025,2.015450
1946,1946009,39385,1.983223
1947,1947011,16628,0.837299
1948,1948012,53853,2.711756
1949,1949014,16083,0.809856
1950,1950016,40073,2.017867
1951,1951010,39257,1.976777
1952,1952012,16692,0.840522
1953,1953013,53805,2.709338
1954,1954015,16115,0.811467
1955,1955009,39785,2.003364
1956,1956010,39305,1.979194
1957,1957012,16692,0.840522
1958,1958013,53949,2.716590
1959,1959015,16115,0.811467
1960,1960008,39769,2.002559
1961,1961009,39321,1.980000
1962,1962012,16676,0.839716
1963,1963014,53853,2.711756
1964,1964015,16163,0.813884
1965,1965009,39833,2.005782
1966,1966010,39209,1.974360
1967,1967011,16644,0.838105
1968,1968012,53837,2.710950
1969,1969014,16131,0.812273
1970,1970011,39945,2.011421
1971,1971014,39065,1.967109
1972,1972015,16900,0.850996
1973,1973009,53885,2.713367
1974,1974011,16211,0.816301
1975,1975013,40041,2.016255
1976,1976014,39001,1.963886
1977,1977016,16820,0.846967
1978,1978011,53757,2.706921
1979,1979012,16179,0.814690
1980,1980014,40073,2.017867
1981,1981015,38953,1.961469
1982,1982010,16612,0.836493
1983,1983012,53837,2.710950
1984,1984013,16211,0.816301
1985,1985015,40105,2.019478
1986,1986011,39257,1.976777
1987,1987012,16676,0.839716
1988,1988014,53853,2.711756
1989,1989015,16147,0.813078
1990,1990009,39785,2.003364
1991,1991010,39225,1.975166
1992,1992011,16596,0.835688
1993,1993012,53837,2.710950
1994,1994015,16163,0.813884
1995,1995009,39785,2.003364
1996,1996010,39353,1.981611
1997,1997011,16644,0.838105
1998,1998012,53869,2.712561
1999,1999013,16179,0.814690
2000,2000015,40089,2.018672
2001,2001010,39337,1.980806
2002,2002011,16628,0.837299
2003,2003012,53869,2.712561
2004,2004014,16195,0.815495
2005,2005015,40153,2.021895
2006,2006010,39289,1.978389
2007,2007011,16660,0.838910
2008,2008013,53821,2.710144
2009,2009014,16179,0.814690
2010,2010010,39817,2.004976
2011,2011012,39289,1.978389
2012,2012013,16724,0.842133
2013,2013014,53805,2.709338
2014,2014008,16323,0.821941
2015,2015009,39897,2.009004
2016,2016011,39225,1.975166
2017,2017013,16644,0.838105
2018,2018009,53789,2.708533
2019,2019011,16275,0.819524
2020,2020012,39945,2.011421
2021,2021013,39049,1.966304
2022,2022014,16756,0.843745
2023,2023009,53837,2.710950
2024,2024010,16291,0.820330
2025,2025012,39993,2.013838
2026,2026016,39001,1.963886
2027,2027009,16596,0.835688
2028,2028010,53821,2.710144
2029,2029012,16291,0.820330
2030,2030013,39913,2.009810
2031,2031014,39097,1.968720
2032,2032009,16580,0.834882
2033,2033013,53885,2.713367
2034,2034015,16147,0.813078
2035,2035010,39801,2.004170
2036,2036011,39225,1.975166
2037,2037013,16724,0.842133
2038,2038014,53837,2.710950
2039,2039009,16323,0.821941
2040,2040011,39881,2.008198
2041,2041015,39017,1.964692
2042,2042010,16628,0.837299
2043,2043012,53821,2.710144
2044,2044013,16163,0.813884
2045,2045015,40025,2.015450
2046,2046008,39385,1.983223
2047,2047010,16580,0.834882
2048,2048012,53917,2.714978
2049,2049014,16099,0.810661
2050,2050010,39833,2.005782
2051,2051012,39193,1.973554
2052,2052014,16788,0.845356
2053,2053015,53853,2.711756
2054,2054010,16259,0.818718
2055,2055011,39929,2.010616
2056,2056012,39209,1.974360
2057,2057010,16740,0.842939
2058,2058014,53853,2.711756
2059,2059015,16211,0.816301
2060,2060010,39817,2.004976
2061,2061011,39273,1.977583
2062,2062012,16644,0.838105
2063,2063014,53917,2.714978
2064,2064014,16195,0.815495
2065,2065012,39897,2.009004
2066,2066014,39097,1.968720
2067,2067015,16692,0.840522
2068,2068009,53805,2.709338
2069,2069011,16291,0.820330
2070,2070011,39897,2.009004
2071,2071013,39161,1.971943
2072,2072014,16676,0.839716
2073,2073012,53917,2.714978
2074,2074014,16163,0.813884
2075,2075009,39833,2.005782
2076,2076011,39241,1.975972
2077,2077013,16596,0.835688
2078,2078015,53741,2.706116
2079,2079010,16307,0.821135
2080,2080012,39929,2.010616
2081,2081009,39305,1.979194
2082,2082013,16804,0.846162
2083,2083008,53917,2.714978
2084,2084009,16323,0.821941
2085,2085010,39881,2.008198
2086,2086012,39129,1.970332
2087,2087013,16740,0.842939
2088,2088015,53885,2.713367
2089,2089013,16083,0.809856
2090,2090016,40121,2.020284
2091,2091010,39289,1.978389
2092,2092012,16644,0.838105
2093,2093013,53885,2.713367
2094,2094014,16131,0.812273
2095,2095015,40185,2.023506
2096,2096009,39353,1.981611
2097,2097014,16772,0.844550
2098,2098010,53869,2.712561
2099,2099012,16227,0.817107
2100,2100013,40121,2.020284
2101,2101015,39049,1.966304
2102,2102009,16564,0.834076
2103,2103010,53853,2.711756
2104,2104011,16259,0.818718
2105,2105010,39817,2.004976
2106,2106013,39161,1.971943
2107,2107014,16772,0.844550
2108,2108008,53869,2.712561
2109,2109010,16291,0.820330
2110,2110011,39881,2.008198
2111,2111013,39177,1.972749
2112,2112015,16724,0.842133
2113,2113014,53837,2.710950
2114,2114011,16275,0.819524
2115,2115011,39865,2.007393
2116,2116013,39145,1.971138
2117,2117013,16836,0.847773
2118,2118015,53853,2.711756
2119,2119010,16291,0.820330
2120,2120011,39865,2.007393
2121,2121010,39305,1.979194
2122,2122012,16660,0.838910
2123,2123013,53853,2.711756
2124,2124016,16147,0.813078
2125,2125010,39817,2.004976
2126,2126012,39161,1.971943
2127,2127013,16708,0.841327
2128,2128014,53965,2.717395
2129,2129014,16067,0.809050
2130,2130010,39785,2.003364
2131,2131011,39225,1.975166
2132,2132012,16740,0.842939
2133,2133013,53837,2.710950
2134,2134015,16179,0.814690
2135,2135008,39785,2.003364
2136,2136010,39305,1.979194
2137,2137010,16644,0.838105
2138,2138013,53821,2.710144
2139,2139015,16115,0.811467
2140,2140010,39881,2.008198
2141,2141012,39241,1.975972
2142,2142012,16676,0.839716
2143,2143014,53853,2.711756
2144,2144015,16099,0.810661
2145,2145015,40089,2.018672
2146,2146009,39305,1.979194
2147,2147011,16692,0.840522
2148,2148013,53869,2.712561
2149,2149014,16147,0.813078
2150,2150015,40105,2.019478
2151,2151010,39337,1.980806
2152,2152011,16676,0.839716
2153,2153012,53885,2.713367
2154,2154008,16307,0.821135
2155,2155010,39897,2.009004
2156,2156012,39241,1.975972
2157,2157014,16708,0.841327
2158,2158016,53773,2.707727
2159,2159009,16259,0.818718
2160,2160012,39865,2.007393
2161,2161012,39209,1.974360
2162,2162015,16724,0.842133
2163,2163009,53837,2.710950
2164,2164011,16259,0.818718
2165,2165012,39945,2.011421
2166,2166013,39145,1.971138
2167,2167015,16740,0.842939
2168,2168008,53821,2.710144
2169,2169010,16307,0.821135
2170,2170014,39817,2.004976
2171,2171009,39401,1.984028
2172,2172010,16644,0.838105
2173,2173010,53949,2.716590
2174,2174012,16211,0.816301
2175,2175013,39961,2.012227
2176,2176015,39193,1.973554
2177,2177009,16596,0.835688
2178,2178012,53789,2.708533
2179,2179013,16195,0.815495
2180,2180014,39993,2.013838
2181,2181008,39401,1.984028
2182,2182010,16596,0.835688
2183,2183012,53885,2.713367
2184,2184014,16147,0.813078
2185,2185015,40169,2.022701
2186,2186011,39209,1.974360
2187,2187012,16660,0.838910
2188,2188014,53789,2.708533
2189,2189016,16195,0.815495
2190,2190009,39801,2.004170
2191,2191011,39257,1.976777
2192,2192012,16660,0.838910
2193,2193013,53853,2.711756
2194,2194009,16291,0.820330
2195,2195010,39913,2.009810
2196,2196012,39225,1.975166
2197,2197013,16676,0.839716
2198,2198015,53805,2.709338
2199,2199008,16388,0.825214
2200,2200011,39833,2.005782
2201,2201012,39193,1.973554
2202,2202015,16740,0.842939
2203,2203008,53853,2.711756
2204,2204010,16355,0.823552
2205,2205011,39881,2.008198
2206,2206012,39193,1.973554
2207,2207014,16676,0.839716
2208,2208015,53837,2.710950
2209,2209009,16275,0.819524
2210,2210013,39961,2.012227
2211,2211015,39065,1.967109
2212,2212010,16596,0.835688
2213,2213010,53837,2.710950
2214,2214012,16195,0.815495
2215,2215014,40089,2.018672
2216,2216014,39241,1.975972
2217,2217009,16628,0.837299
2218,2218013,53805,2.709338
2219,2219015,16099,0.810661
2220,2220009,39817,2.004976
2221,2221011,39257,1.976777
2222,2222013,16660,0.838910
2223,2223015,53853,2.711756
2224,2224008,16355,0.823552
2225,2225010,39865,2.007393
2226,2226014,39081,1.967915
2227,2227015,16724,0.842133
2228,2228016,53853,2.711756
2229,2229009,16323,0.821941
2230,2230011,39865,2.007393
2231,2231012,39241,1.975972
2232,2232013,16564,0.834076
2233,2233010,53821,2.710144
2234,2234012,16259,0.818718
2235,2235013,39993,2.013838
2236,2236015,39145,1.971138
2237,2237009,16580,0.834882
2238,2238010,53805,2.709338
2239,2239012,16195,0.815495
2240,2240014,39977,2.013033
2241,2241010,39385,1.983223
2242,2242011,16612,0.836493
2243,2243013,53821,2.710144
2244,2244014,16051,0.808244
2245,2245015,40041,2.016255
2246,2246009,39385,1.983223
2247,2247011,16564,0.834076
2248,2248011,53885,2.713367
2249,2249014,16147,0.813078
2250,2250008,39753,2.001753
2251,2251010,39321,1.980000
2252,2252011,16708,0.841327
2253,2253014,53853,2.711756
2254,2254015,16115,0.811467
2255,2255010,39785,2.003364
2256,2256010,39305,1.979194
2257,2257014,16836,0.847773
2258,2258015,53821,2.710144
2259,2259009,16275,0.819524
2260,2260010,39785,2.003364
2261,2261012,39241,1.975972
2262,2262013,16804,0.846162
2263,2263015,53837,2.710950
2264,2264009,16323,0.821941
2265,2265012,39913,2.009810
2266,2266015,39001,1.963886
2267,2267009,16580,0.834882
2268,2268011,53885,2.713367
2269,2269012,16227,0.817107
2270,2270014,40089,2.018672
2271,2271016,38969,1.962275
2272,2272008,16564,0.834076
2273,2273012,53853,2.711756
2274,2274015,16099,0.810661
2275,2275009,39769,2.002559
2276,2276009,39337,1.980806
2277,2277011,16596,0.835688
2278,2278011,53837,2.710950
2279,2279013,16307,0.821135
2280,2280014,39897,2.009004
2281,2281012,39209,1.974360
2282,2282015,16740,0.842939
2283,2283009,53853,2.711756
2284,2284010,16307,0.821135
2285,2285011,39833,2.005782
2286,2286013,39145,1.971138
2287,2287014,16612,0.836493
2288,2288008,53853,2.711756
2289,2289013,16211,0.816301
2290,2290015,40025,2.015450
2291,2291010,39273,1.977583
2292,2292011,16644,0.838105
2293,2293013,53869,2.712561
2294,2294015,16163,0.813884
2295,2295008,39737,2.000948
2296,2296010,39321,1.980000
2297,2297013,16740,0.842939
2298,2298009,53773,2.707727
2299,2299011,16275,0.819524
2300,2300013,39929,2.010616
2301,2301014,39049,1.966304
2302,2302009,16532,0.832465
2303,2303010,53821,2.710144
2304,2304012,16291,0.820330
2305,2305010,39801,2.004170
2306,2306014,39001,1.963886
2307,2307015,16724,0.842133
2308,2308009,53885,2.713367
2309,2309011,16243,0.817913
2310,2310012,39945,2.011421
2311,2311014,39113,1.969526
2312,2312015,16756,0.843745
2313,2313013,53821,2.710144
2314,2314015,16147,0.813078
2315,2315009,39705,1.999336
2316,2316011,39353,1.981611
2317,2317012,16676,0.839716
2318,2318013,53885,2.713367
2319,2319016,16259,0.818718
2320,2320010,39865,2.007393
2321,2321015,39001,1.963886
2322,2322009,16404,0.826020
2323,2323011,53837,2.710950
2324,2324012,16227,0.817107
2325,2325014,39929,2.010616
2326,2326015,39065,1.967109
2327,2327010,16596,0.835688
2328,2328011,53853,2.711756
2329,2329009,16339,0.822747
2330,2330011,39865,2.007393
2331,2331013,39193,1.973554
2332,2332015,16660,0.838910
2333,2333010,53837,2.710950
2334,2334011,16275,0.819524
2335,2335012,39897,2.009004
2336,2336014,39193,1.973554
2337,2337012,16660,0.838910
2338,2338015,53869,2.712561
2339,2339009,16339,0.822747
2340,2340010,39849,2.006587
2341,2341012,39145,1.971138
2342,2342013,16788,0.845356
2343,2343015,53837,2.710950
2344,2344009,16291,0.820330
2345,2345016,40041,2.016255
2346,2346011,39321,1.980000
2347,2347012,16660,0.838910
2348,2348013,53869,2.712561
2349,2349015,16179,0.814690
2350,2350009,39673,1.997725
2351,2351010,39321,1.980000
2352,2352012,16660,0.838910
2353,2353010,53869,2.712561
2354,2354012,16259,0.818718
2355,2355013,39913,2.009810
2356,2356015,39113,1.969526
2357,2357015,16772,0.844550
2358,2358009,53805,2.709338
2359,2359011,16259,0.818718
2360,2360013,39961,2.012227
2361,2361013,39209,1.974360
2362,2362015,16884,0.850190
2363,2363009,53821,2.710144
2364,2364011,16291,0.820330
2365,2365012,39897,2.009004
2366,2366013,39193,1.973554
2367,2367015,16724,0.842133
2368,2368009,53821,2.710144
2369,2369015,16099,0.810661
2370,2370010,39785,2.003364
2371,2371011,39305,1.979194
2372,2372012,16676,0.839716
2373,2373013,53821,2.710144
2374,2374015,16163,0.813884
2375,2375009,39785,2.003364
2376,2376010,39353,1.981611
2377,2377010,16612,0.836493
2378,2378013,53837,2.710950
2379,2379014,16163,0.813884
2380,2380016,40105,2.019478
2381,2381010,39417,1.984834
2382,2382011,16628,0.837299
2383,2383012,53837,2.710950
2384,2384014,16259,0.818718
2385,2385014,40057,2.017061
2386,2386009,39369,1.982417
2387,2387011,16612,0.836493
2388,2388012,53885,2.713367
2389,2389013,16195,0.815495
2390,2390015,39993,2.013838
2391,2391008,39417,1.984834
2392,2392010,16628,0.837299
2393,2393009,53789,2.708533
2394,2394011,16243,0.817913
2395,2395013,40025,2.015450
2396,2396014,39145,1.971138
2397,2397015,16804,0.846162
2398,2398009,53773,2.707727
2399,2399011,16259,0.818718
2400,2400012,39929,2.010616
2401,2401012,39225,1.975166
2402,2402016,16708,0.841327
2403,2403010,53869,2.712561
2404,2404012,16275,0.819524
2405,2405014,39993,2.013838
2406,2406015,38953,1.961469
2407,2407009,16580,0.834882
2408,2408010,53805,2.709338
2409,2409012,16259,0.818718
2410,2410009,39753,2.001753
2411,2411012,39289,1.978389
2412,2412013,16740,0.842939
2413,2413014,53853,2.711756
2414,2414008,16404,0.826020
2415,2415009,39753,2.001753
2416,2416010,39321,1.980000
2417,2417012,16804,0.846162
2418,2418008,53805,2.709338
2419,2419010,16211,0.816301
2420,2420012,39929,2.010616
2421,2421014,39177,1.972749
2422,2422015,16740,0.842939
2423,2423009,53853,2.711756
2424,2424010,16339,0.822747
2425,2425011,39833,2.005782
2426,2426014,39145,1.971138
2427,2427015,16772,0.844550
2428,2428009,53901,2.714173
2429,2429010,16291,0.820330
2430,2430012,39865,2.007393
2431,2431013,39209,1.974360
2432,2432015,16868,0.849384
2433,2433009,53837,2.710950
2434,2434011,16259,0.818718
2435,2435013,39945,2.011421
2436,2436014,39193,1.973554
2437,2437015,16756,0.843745
2438,2438009,53853,2.711756
2439,2439010,16355,0.823552
2440,2440011,39881,2.008198
2441,2441014,39241,1.975972
2442,2442009,16564,0.834076
2443,2443011,53837,2.710950
2444,2444013,16211,0.816301
2445,2445014,39993,2.013838
2446,2446015,39113,1.969526
2447,2447010,16612,0.836493
2448,2448011,53885,2.713367
2449,2449014,16259,0.818718
2450,2450010,39785,2.003364
2451,2451011,39305,1.979194
2452,2452013,16692,0.840522
2453,2453015,53869,2.712561
2454,2454008,16339,0.822747
2455,2455010,39753,2.001753
2456,2456011,39225,1.975166
2457,2457015,16724,0.842133
2458,2458010,53821,2.710144
2459,2459011,16227,0.817107
2460,2460013,39977,2.013033
2461,2461014,39113,1.969526
2462,2462016,16740,0.842939
2463,2463009,53853,2.711756
2464,2464011,16259,0.818718
2465,2465014,40105,2.019478
2466,2466009,39401,1.984028
2467,2467011,16564,0.834076
2468,2468013,53885,2.713367
2469,2469014,16163,0.813884
2470,2470015,40089,2.018672
2471,2471009,39385,1.983223
2472,2472011,16628,0.837299
2473,2473015,53837,2.710950
2474,2474010,16291,0.820330
2475,2475011,39833,2.005782
2476,2476012,39209,1.974360
2477,2477014,16820,0.846967
2478,2478015,53789,2.708533
2479,2479010,16291,0.820330
2480,2480011,39817,2.004976
2481,2481015,39017,1.964692
2482,2482010,16532,0.832465
2483,2483011,53869,2.712561
2484,2484013,16211,0.816301
2485,2485014,40009,2.014644
2486,2486016,39161,1.971943
2487,2487010,16564,0.834076
2488,2488012,53869,2.712561
2489,2489015,16115,0.811467
2490,2490011,39833,2.005782
2491,2491013,39177,1.972749
2492,2492014,16692,0.840522
2493,2493009,53869,2.712561
2494,2494010,16211,0.816301
2495,2495011,39897,2.009004
2496,2496012,39209,1.974360
2497,2497016,16772,0.844550
2498,2498010,53805,2.709338
2499,2499011,16291,0.820330
2500,2500013,39993,2.013838
2501,2501014,39161,1.971943
2502,2502016,16660,0.838910
2503,2503010,53853,2.711756
2504,2504011,16259,0.818718
2505,2505016,40089,2.018672
2506,2506010,39401,1.984028
2507,2507011,16612,0.836493
2508,2508013,53917,2.714978
2509,2509015,16131,0.812273
2510,2510010,39801,2.004170
2511,2511011,39305,1.979194
2512,2512013,16692,0.840522
2513,2513009,53821,2.710144
2514,2514013,16195,0.815495
2515,2515015,40041,2.016255
2516,2516009,39401,1.984028
2517,2517011,16596,0.835688
2518,2518012,53805,2.709338
2519,2519013,16179,0.814690
2520,2520015,40089,2.018672
2521,2521012,39289,1.978389
2522,2522014,16788,0.845356
2523,2523016,53853,2.711756
2524,2524010,16291,0.820330
2525,2525011,39865,2.007393
2526,2526013,39209,1.974360
2527,2527015,16692,0.840522
2528,2528008,53869,2.712561
2529,2529015,16035,0.807439
2530,2530011,39897,2.009004
2531,2531012,39289,1.978389
2532,2532014,16676,0.839716
2533,2533015,53773,2.707727
2534,2534009,16339,0.822747
2535,2535011,39817,2.004976
2536,2536011,39273,1.977583
2537,2537009,16548,0.833271
2538,2538011,53885,2.713367
2539,2539013,16227,0.817107
2540,2540014,39865,2.007393
2541,2541009,39417,1.984834
2542,2542011,16612,0.836493
2543,2543012,53821,2.710144
2544,2544014,16195,0.815495
2545,2545010,39801,2.004170
2546,2546012,39209,1.974360
2547,2547014,16692,0.840522
2548,2548015,53805,2.709338
2549,2549008,16355,0.823552
2550,2550010,39801,2.004170
2551,2551012,39273,1.977583
2552,2552013,16676,0.839716
2553,2553012,53821,2.710144
2554,2554014,16115,0.811467
2555,2555009,39753,2.001753
2556,2556010,39369,1.982417
2557,2557011,16644,0.838105
2558,2558012,53901,2.714173
2559,2559013,16179,0.814690
2560,2560015,39977,2.013033
2561,2561014,39145,1.971138
2562,2562008,16516,0.831659
2563,2563010,53853,2.711756
2564,2564011,16355,0.823552
2565,2565012,39897,2.009004
2566,2566015,39097,1.968720
2567,2567009,16580,0.834882
2568,2568010,53805,2.709338
2569,2569015,16083,0.809856
2570,2570011,39833,2.005782
2571,2571012,39241,1.975972
2572,2572013,16692,0.840522
2573,2573015,53933,2.715784
2574,2574009,16323,0.821941
2575,2575011,39849,2.006587
2576,2576012,39321,1.980000
2577,2577011,16644,0.838105
2578,2578014,53805,2.709338
2579,2579015,16211,0.816301
2580,2580009,39753,2.001753
2581,2581011,39321,1.980000
2582,2582012,16644,0.838105
2583,2583013,53869,2.712561
2584,2584015,16179,0.814690
2585,2585015,39977,2.013033
2586,2586011,39353,1.981611
2587,2587012,16628,0.837299
2588,2588013,53901,2.714173
2589,2589015,16115,0.811467
2590,2590008,39673,1.997725
2591,2591010,39369,1.982417
2592,2592011,16612,0.836493
2593,2593009,53933,2.715784
2594,2594011,16452,0.828437
2595,2595013,39961,2.012227
2596,2596015,39113,1.969526
2597,2597009,16532,0.832465
2598,2598010,53837,2.710950
2599,2599011,16259,0.818718
2600,2600013,39881,2.008198
2601,2601013,39177,1.972749
2602,2602009,16532,0.832465
2603,2603011,53901,2.714173
2604,2604013,16259,0.818718
2605,2605015,40057,2.017061
2606,2606008,39449,1.986445
2607,2607010,16564,0.834076
2608,2608011,53853,2.711756
2609,2609012,16211,0.816301
2610,2610014,39913,2.009810
2611,2611016,39097,1.968720
2612,2612009,16596,0.835688
2613,2613010,53869,2.712561
2614,2614011,16275,0.819524
2615,2615013,39961,2.012227
2616,2616014,39225,1.975166
2617,2617014,16772,0.844550
2618,2618009,53853,2.711756
2619,2619011,16275,0.819524
2620,2620013,39945,2.011421
2621,2621015,39097,1.968720
2622,2622009,16548,0.833271
2623,2623012,53805,2.709338
2624,2624013,16275,0.819524
2625,2625014,39913,2.009810
2626,2626010,39417,1.984834
2627,2627011,16644,0.838105
2628,2628012,53837,2.710950
2629,2629014,16067,0.809050
2630,2630009,39753,2.001753
2631,2631011,39305,1.979194
2632,2632012,16660,0.838910
2633,2633012,53869,2.712561
2634,2634014,16211,0.816301
2635,2635014,39945,2.011421
2636,2636009,39401,1.984028
2637,2637010,16596,0.835688
2638,2638011,53853,2.711756
2639,2639014,16275,0.819524
2640,2640015,39961,2.012227
2641,2641009,39417,1.984834
2642,2642012,16628,0.837299
2643,2643013,53821,2.710144
2644,2644014,16275,0.819524
2645,2645009,39737,2.000948
2646,2646010,39305,1.979194
2647,2647011,16628,0.837299
2648,2648013,53917,2.714978
2649,2649015,16211,0.816301
2650,2650010,39801,2.004170
2651,2651011,39289,1.978389
2652,2652012,16660,0.838910
2653,2653014,53869,2.712561
2654,2654015,16115,0.811467
2655,2655008,39705,1.999336
2656,2656010,39385,1.983223
2657,2657012,16644,0.838105
2658,2658015,53821,2.710144
2659,2659010,16275,0.819524
2660,2660012,39961,2.012227
2661,2661013,39081,1.967915
2662,2662014,16692,0.840522
2663,2663009,53821,2.710144
2664,2664010,16339,0.822747
2665,2665012,39881,2.008198
2666,2666015,39081,1.967915
2667,2667009,16516,0.831659
2668,2668010,53837,2.710950
2669,2669012,16259,0.818718
2670,2670013,40041,2.016255
2671,2671014,39161,1.971943
2672,2672009,16580,0.834882
2673,2673011,53821,2.710144
2674,2674014,16275,0.819524
2675,2675015,40105,2.019478
2676,2676010,39401,1.984028
2677,2677011,16612,0.836493
2678,2678011,53821,2.710144
2679,2679012,16275,0.819524
2680,2680014,39929,2.010616
2681,2681009,39369,1.982417
2682,2682013,16628,0.837299
2683,2683013,53901,2.714173
2684,2684015,16083,0.809856
2685,2685009,39705,1.999336
2686,2686010,39305,1.979194
2687,2687011,16612,0.836493
2688,2688013,53837,2.710950
2689,2689008,16371,0.824358
2690,2690009,39721,2.000142
2691,2691012,39337,1.980806
2692,2692014,16676,0.839716
2693,2693015,53901,2.714173
2694,2694009,16355,0.823552
2695,2695011,39833,2.005782
2696,2696012,39257,1.976777
2697,2697015,16772,0.844550
2698,2698010,53773,2.707727
2699,2699011,16275,0.819524
2700,2700013,39945,2.011421
2701,2701014,39081,1.967915
2702,2702015,16676,0.839716
2703,2703008,53917,2.714978
2704,2704010,16339,0.822747
2705,2705013,39977,2.013033
2706,2706010,39353,1.981611
2707,2707011,16628,0.837299
2708,2708012,53805,2.709338
2709,2709012,16211,0.816301
2710,2710014,39961,2.012227
2711,2711016,39065,1.967109
2712,2712009,16564,0.834076
2713,2713013,53789,2.708533
2714,2714009,16339,0.822747
2715,2715011,39913,2.009810
2716,2716013,39193,1.973554
2717,2717014,16724,0.842133
2718,2718009,53805,2.709338
2719,2719010,16355,0.823552
2720,2720012,39833,2.005782
2721,2721015,39081,1.967915
2722,2722012,16612,0.836493
2723,2723013,53821,2.710144
2724,2724014,16211,0.816301
2725,2725015,39961,2.012227
2726,2726009,39385,1.983223
2727,2727011,16580,0.834882
2728,2728012,53869,2.712561
2729,2729015,16147,0.813078
2730,2730009,39769,2.002559
2731,2731010,39321,1.980000
2732,2732012,16660,0.838910
2733,2733014,53773,2.707727
2734,2734015,16099,0.810661
2735,2735009,39689,1.998530
2736,2736010,39369,1.982417
2737,2737016,16740,0.842939
2738,2738010,53853,2.711756
2739,2739012,16227,0.817107
2740,2740014,40009,2.014644
2741,2741015,39049,1.966304
2742,2742010,16548,0.833271
2743,2743012,53757,2.706921
2744,2744014,16227,0.817107
2745,2745011,39817,2.004976
2746,2746015,39049,1.966304
2747,2747010,16580,0.834882
2748,2748012,53821,2.710144
2749,2749014,16211,0.816301
2750,2750015,40025,2.015450
2751,2751009,39433,1.985640
2752,2752010,16660,0.838910
2753,2753008,53821,2.710144
2754,2754012,16259,0.818718
2755,2755013,39913,2.009810
2756,2756015,39257,1.976777
2757,2757008,16532,0.832465
2758,2758010,53869,2.712561
2759,2759011,16243,0.817913
2760,2760013,39913,2.009810
2761,2761011,39289,1.978389
2762,2762013,16628,0.837299
2763,2763013,53885,2.713367
2764,2764014,16147,0.813078
2765,2765010,39817,2.004976
2766,2766011,39321,1.980000
2767,2767013,16676,0.839716
2768,2768014,53901,2.714173
2769,2769012,16259,0.818718
2770,2770014,39961,2.012227
2771,2771009,39449,1.986445
2772,2772011,16612,0.836493
2773,2773012,53821,2.710144
2774,2774013,16195,0.815495
2775,2775014,40025,2.015450
2776,2776009,39401,1.984028
2777,2777015,16740,0.842939
2778,2778011,53885,2.713367
2779,2779013,16227,0.817107
2780,2780015,39977,2.013033
2781,2781009,39417,1.984834
2782,2782011,16580,0.834882
2783,2783012,53885,2.713367
2784,2784013,16227,0.817107
2785,2785012,39881,2.008198
2786,2786010,39369,1.982417
2787,2787013,16660,0.838910
2788,2788015,53805,2.709338
2789,2789009,16339,0.822747
2790,2790010,39705,1.999336
2791,2791012,39289,1.978389
2792,2792013,16660,0.838910
2793,2793013,53901,2.714173
2794,2794015,16163,0.813884
2795,2795009,39737,2.000948
2796,2796011,39305,1.979194
2797,2797012,16660,0.838910
2798,2798013,53789,2.708533
2799,2799015,16179,0.814690
2800,2800008,39769,2.002559
2801,2801015,39049,1.966304
2802,2802010,16596,0.835688
2803,2803011,53805,2.709338
2804,2804012,16227,0.817107
2805,2805013,39945,2.011421
2806,2806016,39017,1.964692
2807,2807009,16628,0.837299
2808,2808011,53853,2.711756
2809,2809010,16275,0.819524
2810,2810013,39849,2.006587
2811,2811015,39321,1.980000
2812,2812009,16500,0.830854
2813,2813010,53805,2.709338
2814,2814011,16275,0.819524
2815,2815014,39865,2.007393
2816,2816015,39065,1.967109
2817,2817015,16724,0.842133
2818,2818009,53837,2.710950
2819,2819010,16307,0.821135
2820,2820012,39817,2.004976
2821,2821013,39241,1.975972
2822,2822014,16724,0.842133
2823,2823015,53805,2.709338
2824,2824009,16339,0.822747
2825,2825010,39833,2.005782
2826,2826012,39257,1.976777
2827,2827013,16660,0.838910
2828,2828014,53789,2.708533
2829,2829015,16099,0.810661
2830,2830009,39721,2.000142
2831,2831011,39337,1.980806
2832,2832012,16612,0.836493
2833,2833012,53933,2.715784
2834,2834015,16019,0.806633
2835,2835009,39705,1.999336
2836,2836010,39417,1.984834
2837,2837011,16532,0.832465
2838,2838013,53821,2.710144
2839,2839014,16195,0.815495
2840,2840015,40009,2.014644
2841,2841009,39385,1.983223
2842,2842012,16596,0.835688
2843,2843014,53805,2.709338
2844,2844014,16147,0.813078
2845,2845008,39689,1.998530
2846,2846009,39353,1.981611
2847,2847010,16612,0.836493
2848,2848011,53853,2.711756
2849,2849012,16211,0.816301
2850,2850008,39641,1.996113
2851,2851009,39369,1.982417
2852,2852011,16580,0.834882
2853,2853012,53853,2.711756
2854,2854014,16195,0.815495
2855,2855015,40089,2.018672
2856,2856009,39353,1.981611
2857,2857011,16660,0.838910
2858,2858015,53789,2.708533
2859,2859008,16388,0.825214
2860,2860010,39769,2.002559
2861,2861011,39273,1.977583
2862,2862013,16660,0.838910
2863,2863014,53949,2.716590
2864,2864016,16131,0.812273
2865,2865009,39769,2.002559
2866,2866013,39241,1.975972
2867,2867014,16660,0.838910
2868,2868009,53853,2.711756
2869,2869010,16355,0.823552
2870,2870011,39785,2.003364
2871,2871012,39289,1.978389
2872,2872013,16692,0.840522
2873,2873014,53805,2.709338
2874,2874011,16307,0.821135
2875,2875013,39881,2.008198
2876,2876015,39161,1.971943
2877,2877009,16532,0.832465
2878,2878011,53837,2.710950
2879,2879013,16243,0.817913
2880,2880014,40057,2.017061
2881,2881015,39113,1.969526
2882,2882010,16532,0.832465
2883,2883011,53869,2.712561
2884,2884013,16211,0.816301
2885,2885015,40025,2.015450
2886,2886009,39417,1.984834
2887,2887010,16548,0.833271
2888,2888012,53901,2.714173
2889,2889013,16227,0.817107
2890,2890015,40121,2.020284
2891,2891009,39417,1.984834
2892,2892010,16580,0.834882
2893,2893011,53869,2.712561
2894,2894013,16227,0.817107
2895,2895014,39961,2.012227
2896,2896014,39209,1.974360
2897,2897010,16548,0.833271
2898,2898015,53901,2.714173
2899,2899008,16371,0.824358
2900,2900010,39769,2.002559
2901,2901011,39337,1.980806
2902,2902013,16740,0.842939
2903,2903009,53869,2.712561
2904,2904011,16339,0.822747
2905,2905013,39897,2.009004
2906,2906015,38969,1.962275
2907,2907009,16516,0.831659
2908,2908010,53853,2.711756
2909,2909011,16339,0.822747
2910,2910013,39849,2.006587
2911,2911015,39241,1.975972
2912,2912008,16532,0.832465
2913,2913012,53853,2.711756
2914,2914015,16147,0.813078
2915,2915010,39737,2.000948
2916,2916011,39273,1.977583
2917,2917014,16660,0.838910
2918,2918015,53837,2.710950
2919,2919009,16371,0.824358
2920,2920010,39769,2.002559
2921,2921012,39209,1.974360
2922,2922015,16628,0.837299
2923,2923009,53869,2.712561
2924,2924011,16307,0.821135
2925,2925012,39833,2.005782
2926,2926013,39225,1.975166
2927,2927015,16628,0.837299
2928,2928008,53901,2.714173
2929,2929013,16259,0.818718
2930,2930010,39785,2.003364
2931,2931013,39209,1.974360
2932,2932015,16708,0.841327
2933,2933015,53949,2.716590
2934,2934009,16307,0.821135
2935,2935011,39881,2.008198
2936,2936012,39273,1.977583
2937,2937009,16532,0.832465
2938,2938011,53709,2.704504
2939,2939013,16211,0.816301
2940,2940014,39961,2.012227
2941,2941015,39065,1.967109
2942,2942009,16436,0.827631
2943,2943010,53885,2.713367
2944,2944011,16323,0.821941
2945,2945014,39913,2.009810
2946,2946015,39193,1.973554
2947,2947009,16500,0.830854
2948,2948011,53789,2.708533
2949,2949012,16259,0.818718
2950,2950015,39977,2.013033
2951,2951009,39497,1.988862
2952,2952010,16532,0.832465
2953,2953014,53805,2.709338
2954,2954009,16355,0.823552
2955,2955010,39737,2.000948
2956,2956011,39369,1.982417
2957,2957013,16660,0.838910
2958,2958015,53869,2.712561
2959,2959010,16323,0.821941
2960,2960011,39817,2.004976
2961,2961008,39417,1.984834
2962,2962012,16692,0.840522
2963,2963014,53885,2.713367
2964,2964015,16163,0.813884
2965,2965009,39737,2.000948
2966,2966011,39369,1.982417
2967,2967012,16596,0.835688
2968,2968013,53869,2.712561
2969,2969011,16307,0.821135
2970,2970013,39881,2.008198
2971,2971015,39017,1.964692
2972,2972009,16580,0.834882
2973,2973010,53853,2.711756
2974,2974012,16259,0.818718
2975,2975014,39945,2.011421
2976,2976008,39513,1.989668
2977,2977014,16660,0.838910
2978,2978011,53869,2.712561
2979,2979012,16291,0.820330
2980,2980014,39929,2.010616
2981,2981016,39113,1.969526
2982,2982010,16564,0.834076
2983,2983011,53853,2.711756
2984,2984012,16323,0.821941
2985,2985010,39769,2.002559
2986,2986013,39241,1.975972
2987,2987015,16660,0.838910
2988,2988016,53917,2.714978
2989,2989010,16323,0.821941
2990,2990012,39881,2.008198
2991,2991014,39161,1.971943
2992,2992008,16484,0.830048
2993,2993014,53773,2.707727
2994,2994011,16291,0.820330
2995,2995012,39817,2.004976
2996,2996014,39225,1.975166
2997,2997015,16772,0.844550
2998,2998009,53837,2.710950
2999,2999011,16323,0.821941
3000,3000012,39801,2.004170
3001,3001011,39385,1.983223
3002,3002013,16660,0.838910
3003,3003014,53885,2.713367
3004,3004016,16179,0.814690
3005,3005010,39785,2.003364
3006,3006011,39337,1.980806
3007,3007012,16644,0.838105
3008,3008014,53917,2.714978
3009,3009011,16291,0.820330
3010,3010015,39945,2.011421
3011,3011009,39481,1.988057
3012,3012010,16532,0.832465
3013,3013011,53885,2.713367
3014,3014012,16275,0.819524
3015,3015013,39945,2.011421
3016,3016015,39177,1.972749
3017,3017013,16660,0.838910
3018,3018010,53949,2.716590
3019,3019013,16195,0.815495
3020,3020014,39945,2.011421
3021,3021015,39017,1.964692
3022,3022010,16532,0.832465
3023,3023011,53853,2.711756
3024,3024013,16227,0.817107
3025,3025011,39721,2.000142
3026,3026013,39209,1.974360
3027,3027015,16756,0.843745
3028,3028009,53741,2.706116
3029,3029011,16388,0.825214
3030,3030013,39881,2.008198
3031,3031014,39193,1.973554
3032,3032009,16516,0.831659
3033,3033014,53821,2.710144
3034,3034009,16355,0.823552
3035,3035010,39769,2.002559
3036,3036012,39321,1.980000
3037,3037013,16660,0.838910
3038,3038015,53837,2.710950
3039,3039016,16163,0.813884
3040,3040009,39705,1.999336
3041,3041009,39369,1.982417
3042,3042010,16532,0.832465
3043,3043012,53917,2.714978
3044,3044013,16259,0.818718
3045,3045015,39929,2.010616
3046,3046009,39417,1.984834
3047,3047011,16612,0.836493
3048,3048012,53853,2.711756
3049,3049012,16275,0.819524
3050,3050015,39913,2.009810
3051,3051009,39417,1.984834
3052,3052010,16564,0.834076
3053,3053012,53821,2.710144
3054,3054014,16243,0.817913
3055,3055015,39929,2.010616
3056,3056009,39449,1.986445
3057,3057009,16532,0.832465
3058,3058013,53805,2.709338
3059,3059015,16147,0.813078
3060,3060009,39913,2.009810
3061,3061011,39305,1.979194
3062,3062013,16644,0.838105
3063,3063014,53821,2.710144
3064,3064009,16355,0.823552
3065,3065010,39689,1.998530
3066,3066011,39305,1.979194
3067,3067013,16660,0.838910
3068,3068015,53869,2.712561
3069,3069009,16388,0.825214
3070,3070010,39785,2.003364
3071,3071011,39353,1.981611
3072,3072013,16644,0.838105
3073,3073013,53837,2.710950
3074,3074014,16275,0.819524
3075,3075008,39705,1.999336
3076,3076009,39385,1.983223
3077,3077011,16564,0.834076
3078,3078012,53821,2.710144
3079,3079013,16243,0.817913
3080,3080014,39945,2.011421
3081,3081015,39081,1.967915
3082,3082010,16548,0.833271
3083,3083012,53837,2.710950
3084,3084014,16243,0.817913
3085,3085014,39897,2.009004
3086,3086009,39465,1.987251
3087,3087010,16644,0.838105
3088,3088011,53853,2.711756
3089,3089012,16259,0.818718
3090,3090015,39945,2.011421
3091,3091010,39417,1.984834
3092,3092011,16564,0.834076
3093,3093012,53885,2.713367
3094,3094013,16259,0.818718
3095,3095015,39993,2.013838
3096,3096009,39433,1.985640
3097,3097011,16612,0.836493
3098,3098014,53645,2.701282
3099,3099016,16211,0.816301
3100,3100010,39769,2.002559
3101,3101012,39337,1.980806
3102,3102013,16660,0.838910
3103,3103015,53789,2.708533
3104,3104009,16420,0.826825
3105,3105009,39625,1.995308
3106,3106011,39401,1.984028
3107,3107012,16628,0.837299
3108,3108014,53693,2.703699
3109,3109015,16131,0.812273
3110,3110009,39625,1.995308
3111,3111010,39481,1.988057
3112,3112011,16612,0.836493
3113,3113013,53805,2.709338
3114,3114009,16323,0.821941
3115,3115011,39833,2.005782
3116,3116013,39305,1.979194
3117,3117013,16644,0.838105
3118,3118015,53901,2.714173
3119,3119009,16388,0.825214
3120,3120010,39737,2.000948
3121,3121013,39257,1.976777
3122,3122015,16724,0.842133
3123,3123009,53949,2.716590
3124,3124009,16355,0.823552
3125,3125011,39785,2.003364
3126,3126012,39353,1.981611
3127,3127014,16692,0.840522
3128,3128015,53821,2.710144
3129,3129011,16291,0.820330
3130,3130014,39929,2.010616
3131,3131015,39145,1.971138
3132,3132010,16580,0.834882
3133,3133012,53869,2.712561
3134,3134013,16259,0.818718
3135,3135014,39913,2.009810
3136,3136015,39177,1.972749
3137,3137010,16548,0.833271
3138,3138013,53773,2.707727
3139,3139014,16195,0.815495
3140,3140009,39657,1.996919
3141,3141010,39513,1.989668
3142,3142011,16580,0.834882
3143,3143013,53853,2.711756
3144,3144014,16179,0.814690
3145,3145009,39705,1.999336
3146,3146012,39305,1.979194
3147,3147012,16708,0.841327
3148,3148014,53917,2.714978
3149,3149016,16083,0.809856
3150,3150010,39753,2.001753
3151,3151012,39305,1.979194
3152,3152014,16708,0.841327
3153,3153010,53837,2.710950
3154,3154013,16227,0.817107
3155,3155014,39977,2.013033
3156,3156016,39081,1.967915
3157,3157009,16532,0.832465
3158,3158011,53821,2.710144
3159,3159012,16339,0.822747
3160,3160013,39897,2.009004
3161,3161015,39065,1.967109
3162,3162010,16548,0.833271
3163,3163012,53821,2.710144
3164,3164014,16211,0.816301
3165,3165009,39593,1.993696
3166,3166010,39433,1.985640
3167,3167011,16564,0.834076
3168,3168013,53901,2.714173
3169,3169008,16339,0.822747
3170,3170012,39753,2.001753
3171,3171013,39257,1.976777
3172,3172014,16676,0.839716
3173,3173015,53805,2.709338
3174,3174009,16371,0.824358
3175,3175011,39769,2.002559
3176,3176012,39273,1.977583
3177,3177015,16660,0.838910
3178,3178010,53869,2.712561
3179,3179011,16307,0.821135
3180,3180012,39817,2.004976
3181,3181013,39241,1.975972
3182,3182015,16836,0.847773
3183,3183010,53901,2.714173
3184,3184011,16307,0.821135
3185,3185015,40041,2.016255
3186,3186010,39401,1.984028
3187,3187012,16612,0.836493
3188,3188013,53837,2.710950
3189,3189015,16179,0.814690
3190,3190009,39657,1.996919
3191,3191011,39369,1.982417
3192,3192012,16580,0.834882
3193,3193009,53869,2.712561
3194,3194012,16355,0.823552
3195,3195013,39929,2.010616
3196,3196014,39209,1.974360
3197,3197008,16500,0.830854
3198,3198010,53837,2.710950
3199,3199011,16339,0.822747
3200,3200012,39833,2.005782
3201,3201009,39401,1.984028
3202,3202015,16692,0.840522
3203,3203008,53773,2.707727
3204,3204010,16339,0.822747
3205,3205012,39801,2.004170
3206,3206013,39241,1.975972
3207,3207015,16676,0.839716
3208,3208009,53805,2.709338
3209,3209013,16243,0.817913
3210,3210009,39705,1.999336
3211,3211011,39337,1.980806
3212,3212013,16644,0.838105
3213,3213014,53869,2.712561
3214,3214015,16179,0.814690
3215,3215010,39817,2.004976
3216,3216011,39385,1.983223
3217,3217009,16452,0.828437
3218,3218011,53997,2.719006
3219,3219013,16275,0.819524
3220,3220014,39849,2.006587
3221,3221015,39177,1.972749
3222,3222009,16468,0.829242
3223,3223010,53917,2.714978
3224,3224011,16323,0.821941
3225,3225010,39769,2.002559
3226,3226013,39273,1.977583
3227,3227015,16724,0.842133
3228,3228009,53853,2.711756
3229,3229011,16307,0.821135
3230,3230012,39865,2.007393
3231,3231013,39289,1.978389
3232,3232015,16676,0.839716
3233,3233014,53901,2.714173
3234,3234011,16307,0.821135
3235,3235012,39817,2.004976
3236,3236014,39193,1.973554
3237,3237009,16516,0.831659
3238,3238010,53853,2.711756
3239,3239012,16307,0.821135
3240,3240012,39833,2.005782
3241,3241010,39449,1.986445
3242,3242014,16644,0.838105
3243,3243015,53901,2.714173
3244,3244008,16404,0.826020
3245,3245010,39705,1.999336
3246,3246011,39369,1.982417
3247,3247013,16628,0.837299
3248,3248014,53837,2.710950
3249,3249013,16211,0.816301
3250,3250016,39945,2.011421
3251,3251010,39465,1.987251
3252,3252011,16580,0.834882
3253,3253013,53933,2.715784
3254,3254015,16211,0.816301
3255,3255009,39657,1.996919
3256,3256010,39401,1.984028
3257,3257009,16500,0.830854
3258,3258011,53821,2.710144
3259,3259013,16259,0.818718
3260,3260014,39993,2.013838
3261,3261015,39081,1.967915
3262,3262009,16484,0.830048
3263,3263010,53821,2.710144
3264,3264012,16307,0.821135
3265,3265012,39833,2.005782
3266,3266015,39177,1.972749
3267,3267009,16516,0.831659
3268,3268010,53821,2.710144
3269,3269011,16291,0.820330
3270,3270012,39881,2.008198
3271,3271015,39161,1.971943
3272,3272009,16500,0.830854
3273,3273015,53901,2.714173
3274,3274012,16307,0.821135
3275,3275013,39913,2.009810
3276,3276014,39225,1.975166
3277,3277009,16500,0.830854
3278,3278012,53869,2.712561
3279,3279013,16259,0.818718
3280,3280014,39977,2.013033
3281,3281015,39097,1.968720
3282,3282010,16532,0.832465
3283,3283012,53869,2.712561
3284,3284014,16243,0.817913
3285,3285015,39993,2.013838
3286,3286009,39449,1.986445
3287,3287010,16596,0.835688
3288,3288011,53901,2.714173
3289,3289011,16323,0.821941
3290,3290013,39913,2.009810
3291,3291013,39241,1.975972
3292,3292015,16676,0.839716
3293,3293016,53757,2.706921
3294,3294010,16355,0.823552
3295,3295011,39769,2.002559
3296,3296012,39337,1.980806
3297,3297012,16580,0.834882
3298,3298015,53933,2.715784
3299,3299009,16371,0.824358
3300,3300011,39801,2.004170
3301,3301012,39305,1.979194
3302,3302013,16628,0.837299
3303,3303014,53869,2.712561
3304,3304015,16099,0.810661
3305,3305008,39609,1.994502
3306,3306010,39385,1.983223
3307,3307012,16612,0.836493
3308,3308013,53837,2.710950
3309,3309014,16195,0.815495
3310,3310015,39977,2.013033
3311,3311009,39433,1.985640
3312,3312011,16548,0.833271
3313,3313011,53853,2.711756
3314,3314012,16323,0.821941
3315,3315014,39881,2.008198
3316,3316015,39097,1.968720
3317,3317010,16404,0.826020
3318,3318011,53821,2.710144
3319,3319012,16307,0.821135
3320,3320013,39913,2.009810
3321,3321014,39193,1.973554
3322,3322011,16564,0.834076
3323,3323012,53821,2.710144
3324,3324014,16227,0.817107
3325,3325009,39625,1.995308
3326,3326010,39417,1.984834
3327,3327012,16676,0.839716
3328,3328013,53773,2.707727
3329,3329015,16195,0.815495
3330,3330009,39689,1.998530
3331,3331011,39417,1.984834
3332,3332012,16596,0.835688
3333,3333013,53805,2.709338
3334,3334014,16211,0.816301
3335,3335016,40009,2.014644
3336,3336009,39529,1.990474
3337,3337010,16516,0.831659
3338,3338011,53853,2.711756
3339,3339013,16307,0.821135
3340,3340015,39945,2.011421
3341,3341009,39417,1.984834
3342,3342010,16532,0.832465
3343,3343011,53933,2.715784
3344,3344013,16275,0.819524
3345,3345014,39945,2.011421
3346,3346010,39417,1.984834
3347,3347011,16580,0.834882
3348,3348014,53901,2.714173
3349,3349015,16211,0.816301
3350,3350009,39689,1.998530
3351,3351011,39369,1.982417
3352,3352012,16596,0.835688
3353,3353015,53805,2.709338
3354,3354012,16179,0.814690
3355,3355014,39961,2.012227
3356,3356008,39513,1.989668
3357,3357010,16516,0.831659
3358,3358011,53837,2.710950
3359,3359012,16339,0.822747
3360,3360013,39881,2.008198
3361,3361008,39497,1.988862
3362,3362011,16564,0.834076
3363,3363012,53837,2.710950
3364,3364013,16259,0.818718
3365,3365015,39913,2.009810
3366,3366009,39529,1.990474
3367,3367010,16516,0.831659
3368,3368012,53885,2.713367
3369,3369014,16227,0.817107
3370,3370008,39673,1.997725
3371,3371011,39337,1.980806
3372,3372013,16676,0.839716
3373,3373015,53821,2.710144
3374,3374010,16371,0.824358
3375,3375011,39817,2.004976
3376,3376012,39305,1.979194
3377,3377015,16708,0.841327
3378,3378010,53821,2.710144
3379,3379011,16323,0.821941
3380,3380013,39865,2.007393
3381,3381014,39177,1.972749
3382,3382008,16468,0.829242
3383,3383010,53869,2.712561
3384,3384011,16323,0.821941
3385,3385015,39961,2.012227
3386,3386010,39449,1.986445
3387,3387012,16564,0.834076
3388,3388013,53949,2.716590
3389,3389014,16211,0.816301
3390,3390009,39657,1.996919
3391,3391010,39433,1.985640
3392,3392012,16644,0.838105
3393,3393009,53869,2.712561
3394,3394011,16307,0.821135
3395,3395012,39881,2.008198
3396,3396014,39193,1.973554
3397,3397015,16676,0.839716
3398,3398009,53837,2.710950
3399,3399011,16323,0.821941
3400,3400012,39833,2.005782
3401,3401009,39385,1.983223
3402,3402011,16564,0.834076
3403,3403012,53869,2.712561
3404,3404014,16307,0.821135
3405,3405015,39817,2.004976
3406,3406009,39481,1.988057
3407,3407010,16516,0.831659
3408,3408011,53869,2.712561
3409,3409014,16211,0.816301
3410,3410010,39657,1.996919
3411,3411012,39385,1.983223
3412,3412014,16692,0.840522
3413,3413008,53869,2.712561
3414,3414010,16371,0.824358
3415,3415012,39849,2.006587
3416,3416014,39193,1.973554
3417,3417011,16548,0.833271
3418,3418012,53821,2.710144
3419,3419014,16275,0.819524
3420,3420015,40105,2.019478
3421,3421009,39465,1.987251
3422,3422011,16596,0.835688
3423,3423012,53917,2.714978
3424,3424013,16259,0.818718
3425,3425010,39721,2.000142
3426,3426012,39337,1.980806
3427,3427013,16644,0.838105
3428,3428014,53869,2.712561
3429,3429015,16211,0.816301
3430,3430009,39705,1.999336
3431,3431011,39401,1.984028
3432,3432012,16612,0.836493
3433,3433015,53805,2.709338
3434,3434009,16388,0.825214
3435,3435011,39769,2.002559
3436,3436012,39401,1.984028
3437,3437013,16612,0.836493
3438,3438015,53917,2.714978
3439,3439009,16371,0.824358
3440,3440010,39769,2.002559
3441,3441008,39513,1.989668
3442,3442011,16532,0.832465
3443,3443012,53885,2.713367
3444,3444014,16195,0.815495
3445,3445015,39929,2.010616
3446,3446009,39481,1.988057
3447,3447010,16532,0.832465
3448,3448011,53837,2.710950
3449,3449009,16371,0.824358
3450,3450011,39657,1.996919
3451,3451012,39353,1.981611
3452,3452014,16628,0.837299
3453,3453015,53885,2.713367
3454,3454016,16307,0.821135
3455,3455010,39721,2.000142
3456,3456011,39385,1.983223
3457,3457009,16500,0.830854
3458,3458012,53853,2.711756
3459,3459014,16243,0.817913
3460,3460015,39945,2.011421
3461,3461009,39433,1.985640
3462,3462010,16500,0.830854
3463,3463012,53853,2.711756
3464,3464013,16275,0.819524
3465,3465011,39753,2.001753
3466,3466014,39209,1.974360
3467,3467008,16580,0.834882
3468,3468010,53837,2.710950
3469,3469012,16275,0.819524
3470,3470014,39929,2.010616
3471,3471015,39177,1.972749
3472,3472009,16500,0.830854
3473,3473015,53789,2.708533
3474,3474011,16323,0.821941
3475,3475012,39801,2.004170
3476,3476013,39273,1.977583
3477,3477015,16692,0.840522
3478,3478009,53853,2.711756
3479,3479010,16339,0.822747
3480,3480012,39817,2.004976
3481,3481011,39385,1.983223
3482,3482012,16612,0.836493
3483,3483014,53885,2.713367
3484,3484008,16371,0.824358
3485,3485010,39689,1.998530
3486,3486012,39305,1.979194
3487,3487013,16644,0.838105
3488,3488015,53853,2.711756
3489,3489014,16275,0.819524
3490,3490016,40073,2.017867
3491,3491009,39465,1.987251
3492,3492010,16532,0.832465
3493,3493012,53821,2.710144
3494,3494013,16275,0.819524
3495,3495015,40025,2.015450
3496,3496010,39433,1.985640
3497,3497009,16548,0.833271
3498,3498014,53821,2.710144
3499,3499008,16404,0.826020
3500,3500009,39593,1.993696
3501,3501010,39417,1.984834
3502,3502012,16612,0.836493
3503,3503014,53933,2.715784
3504,3504008,16404,0.826020
3505,3505014,39929,2.010616
3506,3506010,39497,1.988862
3507,3507011,16596,0.835688
3508,3508012,53853,2.711756
3509,3509013,16227,0.817107
3510,3510016,40089,2.018672
3511,3511009,39497,1.988862
3512,3512010,16564,0.834076
3513,3513009,53821,2.710144
3514,3514011,16323,0.821941
3515,3515013,39913,2.009810
3516,3516015,39177,1.972749
3517,3517009,16500,0.830854
3518,3518011,53837,2.710950
3519,3519013,16275,0.819524
3520,3520014,39913,2.009810
3521,3521014,39225,1.975166
3522,3522010,16500,0.830854
3523,3523011,53885,2.713367
3524,3524012,16323,0.821941
3525,3525014,39897,2.009004
3526,3526015,39241,1.975972
3527,3527009,16500,0.830854
3528,3528011,53853,2.711756
3529,3529011,16275,0.819524
3530,3530014,39881,2.008198
3531,3531015,39177,1.972749
3532,3532009,16532,0.832465
3533,3533010,53853,2.711756
3534,3534011,16307,0.821135
3535,3535014,39913,2.009810
3536,3536015,39145,1.971138
3537,3537016,16692,0.840522
3538,3538010,53821,2.710144
3539,3539012,16323,0.821941
3540,3540014,39913,2.009810
3541,3541015,39161,1.971943
3542,3542009,16516,0.831659
3543,3543010,53869,2.712561
3544,3544012,16227,0.817107
3545,3545013,39881,2.008198
3546,3546008,39481,1.988057
3547,3547009,16516,0.831659
3548,3548011,53869,2.712561
3549,3549012,16323,0.821941
3550,3550013,39881,2.008198
3551,3551014,39209,1.974360
3552,3552016,16628,0.837299
3553,3553010,53821,2.710144
3554,3554015,16195,0.815495
3555,3555010,39737,2.000948
3556,3556010,39369,1.982417
3557,3557011,16580,0.834882
3558,3558013,53869,2.712561
3559,3559015,16163,0.813884
3560,3560009,39641,1.996113
3561,3561010,39417,1.984834
3562,3562012,16580,0.834882
3563,3563013,53869,2.712561
3564,3564014,16227,0.817107
3565,3565008,39497,1.988862
3566,3566010,39449,1.986445
3567,3567011,16580,0.834882
3568,3568013,53837,2.710950
3569,3569015,16211,0.816301
3570,3570009,39641,1.996113
3571,3571011,39369,1.982417
3572,3572013,16612,0.836493
3573,3573014,53821,2.710144
3574,3574015,16227,0.817107
3575,3575009,39657,1.996919
3576,3576011,39417,1.984834
3577,3577013,16692,0.840522
3578,3578015,53853,2.711756
3579,3579009,16436,0.827631
3580,3580010,39689,1.998530
3581,3581012,39337,1.980806
3582,3582013,16580,0.834882
3583,3583014,53837,2.710950
3584,3584009,16355,0.823552
3585,3585012,39769,2.002559
3586,3586014,39257,1.976777
3587,3587014,16660,0.838910
3588,3588009,53821,2.710144
3589,3589010,16355,0.823552
3590,3590012,39785,2.003364
3591,3591014,39305,1.979194
3592,3592015,16708,0.841327
3593,3593010,53885,2.713367
3594,3594015,16195,0.815495
3595,3595010,39705,1.999336
3596,3596011,39401,1.984028
3597,3597013,16596,0.835688
3598,3598013,53853,2.711756
3599,3599015,16195,0.815495
3600,3600009,39673,1.997725
3601,3601012,39305,1.979194
3602,3602014,16660,0.838910
3603,3603015,53853,2.711756
3604,3604009,16404,0.826020
3605,3605012,39785,2.003364
3606,3606014,39289,1.978389
3607,3607016,16820,0.846967
3608,3608009,53853,2.711756
3609,3609011,16275,0.819524
3610,3610014,39897,2.009004
3611,3611015,39241,1.975972
3612,3612009,16484,0.830048
3613,3613011,53805,2.709338
3614,3614012,16323,0.821941
3615,3615013,39865,2.007393
3616,3616016,39145,1.971138
3617,3617012,16580,0.834882
3618,3618014,53821,2.710144
3619,3619015,16243,0.817913
3620,3620009,39657,1.996919
3621,3621011,39401,1.984028
3622,3622012,16580,0.834882
3623,3623013,53853,2.711756
3624,3624014,16227,0.817107
3625,3625011,39673,1.997725
3626,3626013,39337,1.980806
3627,3627015,16660,0.838910
3628,3628009,53981,2.718201
3629,3629010,16355,0.823552
3630,3630012,39801,2.004170
3631,3631013,39241,1.975972
3632,3632015,16660,0.838910
3633,3633011,53853,2.711756
3634,3634015,16227,0.817107
3635,3635016,39945,2.011421
3636,3636010,39497,1.988862
3637,3637011,16548,0.833271
3638,3638013,53837,2.710950
3639,3639014,16259,0.818718
3640,3640008,39721,2.000142
3641,3641012,39321,1.980000
3642,3642014,16660,0.838910
3643,3643016,53885,2.713367
3644,3644010,16388,0.825214
3645,3645011,39705,1.999336
3646,3646012,39321,1.980000
3647,3647014,16660,0.838910
3648,3648009,53917,2.714978
3649,3649013,16259,0.818718
3650,3650014,39929,2.010616
3651,3651015,39161,1.971943
3652,3652009,16516,0.831659
3653,3653011,53773,2.707727
3654,3654012,16307,0.821135
3655,3655014,39881,2.008198
3656,3656016,39193,1.973554
3657,3657012,16580,0.834882
3658,3658014,53837,2.710950
3659,3659009,16355,0.823552
3660,3660010,39737,2.000948
3661,3661012,39369,1.982417
3662,3662013,16628,0.837299
3663,3663014,53821,2.710144
3664,3664015,16243,0.817913
3665,3665012,39817,2.004976
3666,3666015,39321,1.980000
3667,3667009,16500,0.830854
3668,3668010,53821,2.710144
3669,3669011,16291,0.820330
3670,3670012,39817,2.004976
3671,3671013,39305,1.979194
3672,3672015,16644,0.838105
3673,3673012,53837,2.710950
3674,3674015,16259,0.818718
3675,3675009,39673,1.997725
3676,3676011,39465,1.987251
3677,3677013,16564,0.834076
3678,3678014,53853,2.711756
3679,3679009,16355,0.823552
3680,3680010,39689,1.998530
3681,3681008,39465,1.987251
3682,3682011,16548,0.833271
3683,3683012,53853,2.711756
3684,3684013,16275,0.819524
3685,3685015,39961,2.012227
3686,3686009,39577,1.992891
3687,3687011,16564,0.834076
3688,3688012,53805,2.709338
3689,3689010,16404,0.826020
3690,3690013,39817,2.004976
3691,3691014,39209,1.974360
3692,3692016,16676,0.839716
3693,3693010,53949,2.716590
3694,3694011,16339,0.822747
3695,3695013,39929,2.010616
3696,3696014,39193,1.973554
3697,3697012,16580,0.834882
3698,3698014,53821,2.710144
3699,3699015,16211,0.816301
3700,3700009,39721,2.000142
3701,3701010,39449,1.986445
3702,3702012,16612,0.836493
3703,3703014,53853,2.711756
3704,3704015,16291,0.820330
3705,3705015,39897,2.009004
3706,3706009,39481,1.988057
3707,3707011,16644,0.838105
3708,3708012,53869,2.712561
3709,3709015,16227,0.817107
3710,3710008,39625,1.995308
3711,3711010,39385,1.983223
3712,3712011,16548,0.833271
3713,3713009,53821,2.710144
3714,3714011,16339,0.822747
3715,3715012,39865,2.007393
3716,3716014,39145,1.971138
3717,3717009,16516,0.831659
3718,3718010,53853,2.711756
3719,3719011,16355,0.823552
3720,3720013,39801,2.004170
3721,3721012,39273,1.977583
3722,3722014,16660,0.838910
3723,3723009,53773,2.707727
3724,3724011,16339,0.822747
3725,3725012,39833,2.005782
3726,3726014,39241,1.975972
3727,3727015,16676,0.839716
3728,3728009,53805,2.709338
3729,3729008,16436,0.827631
3730,3730011,39753,2.001753
3731,3731013,39289,1.978389
3732,3732013,16628,0.837299
3733,3733014,53885,2.713367
3734,3734015,16211,0.816301
3735,3735009,39641,1.996113
3736,3736010,39433,1.985640
3737,3737010,16532,0.832465
3738,3738014,53885,2.713367
3739,3739016,16099,0.810661
3740,3740010,39689,1.998530
3741,3741011,39385,1.983223
3742,3742012,16628,0.837299
3743,3743014,53853,2.711756
3744,3744008,16436,0.827631
3745,3745016,39945,2.011421
3746,3746010,39433,1.985640
3747,3747012,16564,0.834076
3748,3748012,53773,2.707727
3749,3749014,16259,0.818718
3750,3750014,39817,2.004976
3751,3751008,39513,1.989668
3752,3752009,16500,0.830854
3753,3753010,53805,2.709338
3754,3754012,16355,0.823552
3755,3755013,39849,2.006587
3756,3756015,39241,1.975972
3757,3757009,16468,0.829242
3758,3758010,53869,2.712561
3759,3759011,16339,0.822747
3760,3760012,39769,2.002559
3761,3761011,39417,1.984834
3762,3762012,16564,0.834076
3763,3763014,53917,2.714978
3764,3764015,16211,0.816301
3765,3765009,39625,1.995308
3766,3766010,39433,1.985640
3767,3767012,16564,0.834076
3768,3768013,53853,2.711756
3769,3769015,16227,0.817107
3770,3770010,39721,2.000142
3771,3771013,39385,1.983223
3772,3772014,16660,0.838910
3773,3773009,53869,2.712561
3774,3774010,16371,0.824358
3775,3775012,39849,2.006587
3776,3776014,39273,1.977583
3777,3777015,16644,0.838105
3778,3778009,53837,2.710950
3779,3779010,16275,0.819524
3780,3780011,39785,2.003364
3781,3781013,39257,1.976777
3782,3782014,16628,0.837299
3783,3783009,53837,2.710950
3784,3784010,16420,0.826825
3785,3785011,39705,1.999336
3786,3786014,39225,1.975166
3787,3787015,16692,0.840522
3788,3788010,53709,2.704504
3789,3789010,16339,0.822747
3790,3790012,39769,2.002559
3791,3791013,39305,1.979194
3792,3792014,16628,0.837299
3793,3793009,53853,2.711756
3794,3794013,16436,0.827631
3795,3795015,39977,2.013033
3796,3796009,39497,1.988862
3797,3797011,16516,0.831659
3798,3798012,53885,2.713367
3799,3799013,16291,0.820330
3800,3800014,39849,2.006587
3801,3801016,39161,1.971943
3802,3802011,16516,0.831659
3803,3803012,53869,2.712561
3804,3804013,16275,0.819524
3805,3805014,39913,2.009810
3806,3806009,39577,1.992891
3807,3807010,16436,0.827631
3808,3808011,53821,2.710144
3809,3809012,16307,0.821135
3810,3810015,39929,2.010616
3811,3811009,39449,1.986445
3812,3812010,16564,0.834076
3813,3813012,53821,2.710144
3814,3814013,16291,0.820330
3815,3815014,39929,2.010616
3816,3816015,39177,1.972749
3817,3817010,16500,0.830854
3818,3818014,53837,2.710950
3819,3819015,16307,0.821135
3820,3820010,39657,1.996919
3821,3821011,39417,1.984834
3822,3822012,16564,0.834076
3823,3823013,53885,2.713367
3824,3824015,16243,0.817913
3825,3825009,39641,1.996113
3826,3826011,39401,1.984028
3827,3827013,16644,0.838105
3828,3828015,53869,2.712561
3829,3829009,16355,0.823552
3830,3830010,39673,1.997725
3831,3831011,39385,1.983223
3832,3832013,16596,0.835688
3833,3833015,53885,2.713367
3834,3834011,16388,0.825214
3835,3835013,39833,2.005782
3836,3836014,39289,1.978389
3837,3837015,16708,0.841327
3838,3838009,53901,2.714173
3839,3839011,16355,0.823552
3840,3840012,39849,2.006587
3841,3841016,39193,1.973554
3842,3842012,16612,0.836493
3843,3843013,53805,2.709338
3844,3844014,16291,0.820330
3845,3845015,39865,2.007393
3846,3846009,39513,1.989668
3847,3847010,16580,0.834882
3848,3848012,53821,2.710144
3849,3849015,16179,0.814690
3850,3850010,39673,1.997725
3851,3851012,39353,1.981611
3852,3852013,16580,0.834882
3853,3853014,53805,2.709338
3854,3854009,16436,0.827631
3855,3855011,39641,1.996113
3856,3856012,39337,1.980806
3857,3857015,16660,0.838910
3858,3858010,53805,2.709338
3859,3859011,16388,0.825214
3860,3860012,39849,2.006587
3861,3861014,39241,1.975972
3862,3862009,16452,0.828437
3863,3863011,53821,2.710144
3864,3864012,16291,0.820330
3865,3865008,39593,1.993696
3866,3866011,39385,1.983223
3867,3867013,16596,0.835688
3868,3868014,53805,2.709338
3869,3869015,16211,0.816301
3870,3870009,39641,1.996113
3871,3871011,39417,1.984834
3872,3872012,16612,0.836493
3873,3873010,53885,2.713367
3874,3874014,16291,0.820330
3875,3875015,39881,2.008198
3876,3876010,39497,1.988862
3877,3877010,16564,0.834076
3878,3878011,53837,2.710950
3879,3879012,16307,0.821135
3880,3880013,39785,2.003364
3881,3881011,39433,1.985640
3882,3882013,16612,0.836493
3883,3883015,53869,2.712561
3884,3884009,16355,0.823552
3885,3885010,39689,1.998530
3886,3886012,39337,1.980806
3887,3887014,16660,0.838910
3888,3888015,53853,2.711756
3889,3889012,16307,0.821135
3890,3890014,39801,2.004170
3891,3891015,39273,1.977583
3892,3892009,16484,0.830048
3893,3893010,53885,2.713367
3894,3894011,16339,0.822747
3895,3895013,39769,2.002559
3896,3896015,39161,1.971943
3897,3897012,16548,0.833271
3898,3898014,53837,2.710950
3899,3899015,16211,0.816301
3900,3900009,39609,1.994502
3901,3901010,39401,1.984028
3902,3902012,16564,0.834076
3903,3903013,53885,2.713367
3904,3904015,16163,0.813884
3905,3905013,39961,2.012227
3906,3906011,39401,1.984028
3907,3907013,16628,0.837299
3908,3908015,53789,2.708533
3909,3909015,16211,0.816301
3910,3910010,39657,1.996919
3911,3911011,39433,1.985640
3912,3912013,16580,0.834882
3913,3913011,53789,2.708533
3914,3914013,16404,0.826020
3915,3915014,39817,2.004976
3916,3916015,39209,1.974360
3917,3917009,16436,0.827631
3918,3918011,53869,2.712561
3919,3919013,16323,0.821941
3920,3920014,39881,2.008198
3921,3921012,39273,1.977583
3922,3922014,16628,0.837299
3923,3923015,53869,2.712561
3924,3924009,16371,0.824358
3925,3925010,39577,1.992891
3926,3926011,39449,1.986445
3927,3927013,16564,0.834076
3928,3928014,53933,2.715784
3929,3929011,16323,0.821941
3930,3930014,39833,2.005782
3931,3931015,39241,1.975972
3932,3932015,16660,0.838910
3933,3933010,53821,2.710144
3934,3934011,16339,0.822747
3935,3935012,39801,2.004170
3936,3936013,39289,1.978389
3937,3937011,16532,0.832465
3938,3938014,53837,2.710950
3939,3939009,16500,0.830854
3940,3940010,39689,1.998530
3941,3941011,39401,1.984028
3942,3942014,16644,0.838105
3943,3943015,53837,2.710950
3944,3944009,16420,0.826825
3945,3945016,40009,2.014644
3946,3946011,39401,1.984028
3947,3947013,16612,0.836493
3948,3948014,53789,2.708533
3949,3949009,16452,0.828437
3950,3950009,39609,1.994502
3951,3951011,39433,1.985640
3952,3952012,16484,0.830048
3953,3953011,53869,2.712561
3954,3954013,16291,0.820330
3955,3955015,39897,2.009004
3956,3956008,39577,1.992891
3957,3957010,16436,0.827631
3958,3958011,53837,2.710950
3959,3959013,16291,0.820330
3960,3960015,39929,2.010616
3961,3961015,39145,1.971138
3962,3962011,16548,0.833271
3963,3963013,53741,2.706116
3964,3964014,16275,0.819524
3965,3965015,39977,2.013033
3966,3966009,39513,1.989668
3967,3967010,16532,0.832465
3968,3968012,53837,2.710950
3969,3969011,16307,0.821135
3970,3970012,39689,1.998530
3971,3971014,39305,1.979194
3972,3972015,16660,0.838910
3973,3973010,53789,2.708533
3974,3974011,16371,0.824358
3975,3975012,39817,2.004976
3976,3976014,39257,1.976777
3977,3977014,16676,0.839716
3978,3978009,53821,2.710144
3979,3979010,16339,0.822747
3980,3980012,39769,2.002559
3981,3981013,39305,1.979194
3982,3982014,16660,0.838910
3983,3983016,53869,2.712561
3984,3984009,16484,0.830048
3985,3985009,39625,1.995308
3986,3986011,39401,1.984028
3987,3987012,16564,0.834076
3988,3988014,53837,2.710950
3989,3989015,16227,0.817107
3990,3990009,39577,1.992891
3991,3991010,39481,1.988057
3992,3992011,16564,0.834076
3993,3993012,53821,2.710144
3994,3994015,16211,0.816301
3995,3995010,39689,1.998530
3996,3996011,39385,1.983223
3997,3997012,16548,0.833271
3998,3998014,53917,2.714978
3999,3999015,16195,0.815495
4000,4000009,39529,1.990474
4001,4001010,39449,1.986445
4002,4002012,16660,0.838910
4003,4003013,53885,2.713367
4004,4004015,16227,0.817107
4005,4005009,39593,1.993696
4006,4006009,39593,1.993696
4007,4007011,16532,0.832465
4008,4008013,53837,2.710950
4009,4009014,16227,0.817107
4010,4010009,39721,2.000142
4011,4011011,39481,1.988057
4012,4012013,16612,0.836493
4013,4013014,53837,2.710950
4014,4014015,16259,0.818718
4015,4015009,39609,1.994502
4016,4016010,39481,1.988057
4017,4017012,16612,0.836493
4018,4018015,53885,2.713367
4019,4019009,16452,0.828437
4020,4020010,39641,1.996113
4021,4021011,39353,1.981611
4022,4022013,16612,0.836493
4023,4023014,53837,2.710950
4024,4024008,16404,0.826020
4025,4025010,39721,2.000142
4026,4026012,39401,1.984028
4027,4027014,16612,0.836493
4028,4028015,53837,2.710950
4029,4029009,16275,0.819524
4030,4030012,39785,2.003364
4031,4031013,39305,1.979194
4032,4032015,16660,0.838910
4033,4033009,53901,2.714173
4034,4034011,16339,0.822747
4035,4035013,39833,2.005782
4036,4036014,39257,1.976777
4037,4037009,16468,0.829242
4038,4038011,53869,2.712561
4039,4039012,16339,0.822747
4040,4040013,39865,2.007393
4041,4041014,39209,1.974360
4042,4042011,16548,0.833271
4043,4043013,53805,2.709338
4044,4044014,16355,0.823552
4045,4045015,39913,2.009810
4046,4046010,39449,1.986445
4047,4047011,16500,0.830854
4048,4048012,53821,2.710144
4049,4049015,16211,0.816301
4050,4050009,39657,1.996919
4051,4051010,39401,1.984028
4052,4052012,16500,0.830854
4053,4053013,53805,2.709338
4054,4054014,16291,0.820330
4055,4055008,39513,1.989668
4056,4056009,39481,1.988057
4057,4057012,16516,0.831659
4058,4058013,53837,2.710950
4059,4059014,16243,0.817913
4060,4060009,39593,1.993696
4061,4061010,39529,1.990474
4062,4062011,16564,0.834076
4063,4063013,53837,2.710950
4064,4064015,16243,0.817913
4065,4065010,39689,1.998530
4066,4066015,39241,1.975972
4067,4067010,16516,0.831659
4068,4068011,53933,2.715784
4069,4069012,16355,0.823552
4070,4070013,39849,2.006587
4071,4071015,39241,1.975972
4072,4072009,16468,0.829242
4073,4073013,53837,2.710950
4074,4074015,16259,0.818718
4075,4075009,39657,1.996919
4076,4076012,39417,1.984834
4077,4077013,16564,0.834076
4078,4078014,53773,2.707727
4079,4079015,16307,0.821135
4080,4080009,39561,1.992085
4081,4081013,39353,1.981611
4082,4082009,16468,0.829242
4083,4083009,53869,2.712561
4084,4084010,16388,0.825214
4085,4085011,39705,1.999336
4086,4086013,39337,1.980806
4087,4087014,16644,0.838105
4088,4088008,53773,2.707727
4089,4089011,16355,0.823552
4090,4090014,39961,2.012227
4091,4091009,39417,1.984834
4092,4092010,16484,0.830048
4093,4093011,53773,2.707727
4094,4094012,16355,0.823552
4095,4095013,39769,2.002559
4096,4096015,39209,1.974360
4097,4097014,16644,0.838105
4098,4098010,53853,2.711756
4099,4099011,16291,0.820330
4100,4100013,39785,2.003364
4101,4101015,39289,1.978389
4102,4102009,16452,0.828437
4103,4103011,53869,2.712561
4104,4104012,16323,0.821941
4105,4105016,39897,2.009004
4106,4106011,39513,1.989668
4107,4107012,16596,0.835688
4108,4108013,53869,2.712561
4109,4109014,16179,0.814690
4110,4110016,39913,2.009810
4111,4111009,39513,1.989668
4112,4112011,16516,0.831659
4113,4113010,53885,2.713367
4114,4114013,16275,0.819524
4115,4115008,39529,1.990474
4116,4116009,39529,1.990474
4117,4117011,16500,0.830854
4118,4118012,53837,2.710950
4119,4119013,16323,0.821941
4120,4120015,39929,2.010616
4121,4121012,39273,1.977583
4122,4122011,16532,0.832465
4123,4123012,53789,2.708533
4124,4124013,16291,0.820330
4125,4125015,39897,2.009004
4126,4126016,39225,1.975166
4127,4127010,16516,0.831659
4128,4128013,53837,2.710950
4129,4129010,16323,0.821941
4130,4130011,39673,1.997725
4131,4131013,39337,1.980806
4132,4132015,16644,0.838105
4133,4133009,53773,2.707727
4134,4134009,16420,0.826825
4135,4135012,39689,1.998530
4136,4136013,39353,1.981611
4137,4137011,16468,0.829242
4138,4138014,53965,2.717395
4139,4139015,16259,0.818718
4140,4140010,39673,1.997725
4141,4141010,39449,1.986445
4142,4142011,16580,0.834882
4143,4143013,53885,2.713367
4144,4144015,16227,0.817107
4145,4145013,39833,2.005782
4146,4146015,39273,1.977583
4147,4147008,16436,0.827631
4148,4148010,53837,2.710950
4149,4149011,16291,0.820330
4150,4150013,39737,2.000948
4151,4151014,39289,1.978389
4152,4152015,16628,0.837299
4153,4153013,53885,2.713367
4154,4154014,16259,0.818718
4155,4155016,39993,2.013838
4156,4156009,39433,1.985640
4157,4157010,16532,0.832465
4158,4158012,53757,2.706921
4159,4159014,16307,0.821135
4160,4160016,39865,2.007393
4161,4161014,39273,1.977583
4162,4162009,16484,0.830048
4163,4163011,53869,2.712561
4164,4164013,16259,0.818718
4165,4165014,39817,2.004976
4166,4166015,39209,1.974360
4167,4167009,16564,0.834076
4168,4168012,53837,2.710950
4169,4169010,16436,0.827631
4170,4170015,40025,2.015450
4171,4171008,39593,1.993696
4172,4172010,16484,0.830048
4173,4173012,53837,2.710950
4174,4174014,16291,0.820330
4175,4175015,39881,2.008198
4176,4176009,39529,1.990474
4177,4177009,16452,0.828437
4178,4178010,53789,2.708533
4179,4179011,16339,0.822747
4180,4180013,39705,1.999336
4181,4181014,39305,1.979194
4182,4182016,16660,0.838910
4183,4183010,53933,2.715784
4184,4184011,16371,0.824358
4185,4185011,39753,2.001753
4186,4186014,39193,1.973554
4187,4187009,16516,0.831659
4188,4188010,53837,2.710950
4189,4189011,16388,0.825214
4190,4190013,39817,2.004976
4191,4191014,39305,1.979194
4192,4192008,16420,0.826825
4193,4193015,53869,2.712561
4194,4194009,16452,0.828437
4195,4195011,39593,1.993696
4196,4196012,39417,1.984834
4197,4197014,16612,0.836493
4198,4198015,53821,2.710144
4199,4199009,16355,0.823552
4200,4200010,39609,1.994502
4201,4201010,39497,1.988862
4202,4202012,16580,0.834882
4203,4203013,53821,2.710144
4204,4204014,16371,0.824358
4205,4205009,39577,1.992891
4206,4206011,39513,1.989668
4207,4207013,16596,0.835688
4208,4208014,53933,2.715784
4209,4209014,16227,0.817107
4210,4210010,39641,1.996113
4211,4211012,39401,1.984028
4212,4212013,16564,0.834076
4213,4213015,53789,2.708533
4214,4214009,16420,0.826825
4215,4215010,39673,1.997725
4216,4216011,39417,1.984834
4217,4217011,16516,0.831659
4218,4218014,53885,2.713367
4219,4219009,16436,0.827631
4220,4220010,39641,1.996113
4221,4221011,39321,1.980000
4222,4222013,16580,0.834882
4223,4223014,53837,2.710950
4224,4224015,16307,0.821135
4225,4225015,39881,2.008198
4226,4226009,39529,1.990474
4227,4227010,16468,0.829242
4228,4228012,53757,2.706921
4229,4229013,16275,0.819524
4230,4230015,39929,2.010616
4231,4231009,39625,1.995308
4232,4232010,16452,0.828437
4233,4233010,53981,2.718201
4234,4234013,16404,0.826020
4235,4235014,39785,2.003364
4236,4236008,39561,1.992085
4237,4237010,16484,0.830048
4238,4238011,53773,2.707727
4239,4239012,16371,0.824358
4240,4240014,39849,2.006587
4241,4241008,39529,1.990474
4242,4242012,16580,0.834882
4243,4243014,53869,2.712561
4244,4244008,16468,0.829242
4245,4245009,39593,1.993696
4246,4246011,39449,1.986445
4247,4247012,16580,0.834882
4248,4248013,53837,2.710950
4249,4249016,16211,0.816301
4250,4250011,39657,1.996919
4251,4251012,39353,1.981611
4252,4252014,16628,0.837299
4253,4253015,53853,2.711756
4254,4254009,16452,0.828437
4255,4255011,39625,1.995308
4256,4256012,39353,1.981611
4257,4257015,16628,0.837299
4258,4258010,53853,2.711756
4259,4259011,16388,0.825214
4260,4260013,39817,2.004976
4261,4261015,39321,1.980000
4262,4262008,16436,0.827631
4263,4263009,53917,2.714978
4264,4264010,16404,0.826020
4265,4265012,39785,2.003364
4266,4266015,39273,1.977583
4267,4267008,16371,0.824358
4268,4268010,53885,2.713367
4269,4269011,16355,0.823552
4270,4270013,39801,2.004170
4271,4271013,39321,1.980000
4272,4272015,16660,0.838910
4273,4273009,53805,2.709338
4274,4274012,16307,0.821135
4275,4275013,39785,2.003364
4276,4276014,39321,1.980000
4277,4277009,16452,0.828437
4278,4278011,53805,2.709338
4279,4279013,16323,0.821941
4280,4280014,39817,2.004976
4281,4281010,39465,1.987251
4282,4282013,16580,0.834882
4283,4283014,53853,2.711756
4284,4284015,16227,0.817107
4285,4285009,39593,1.993696
4286,4286010,39577,1.992891
4287,4287011,16516,0.831659
4288,4288012,53837,2.710950
4289,4289015,16291,0.820330
4290,4290010,39625,1.995308
4291,4291012,39417,1.984834
4292,4292013,16564,0.834076
4293,4293014,53837,2.710950
4294,4294008,16468,0.829242
4295,4295010,39689,1.998530
4296,4296011,39433,1.985640
4297,4297016,16708,0.841327
4298,4298011,53869,2.712561
4299,4299012,16388,0.825214
4300,4300013,39753,2.001753
4301,4301015,39257,1.976777
4302,4302008,16468,0.829242
4303,4303010,53773,2.707727
4304,4304011,16404,0.826020
4305,4305015,39833,2.005782
4306,4306010,39529,1.990474
4307,4307011,16532,0.832465
4308,4308012,53789,2.708533
4309,4309014,16275,0.819524
4310,4310015,39785,2.003364
4311,4311009,39529,1.990474
4312,4312010,16468,0.829242
4313,4313014,53837,2.710950
4314,4314008,16420,0.826825
4315,4315010,39689,1.998530
4316,4316012,39369,1.982417
4317,4317014,16580,0.834882
4318,4318015,53821,2.710144
4319,4319009,16468,0.829242
4320,4320010,39673,1.997725
4321,4321015,39225,1.975166
4322,4322010,16484,0.830048
4323,4323011,53901,2.714173
4324,4324013,16323,0.821941
4325,4325014,39833,2.005782
4326,4326009,39593,1.993696
4327,4327011,16516,0.831659
4328,4328012,53917,2.714978
4329,4329015,16259,0.818718
4330,4330011,39609,1.994502
4331,4331012,39385,1.983223
4332,4332013,16564,0.834076
4333,4333015,53837,2.710950
4334,4334009,16452,0.828437
4335,4335011,39657,1.996919
4336,4336013,39369,1.982417
4337,4337009,16468,0.829242
4338,4338013,53837,2.710950
4339,4339015,16275,0.819524
4340,4340009,39609,1.994502
4341,4341011,39433,1.985640
4342,4342013,16580,0.834882
4343,4343008,53773,2.707727
4344,4344010,16388,0.825214
4345,4345015,39897,2.009004
4346,4346011,39529,1.990474
4347,4347012,16548,0.833271
4348,4348013,53805,2.709338
4349,4349015,16243,0.817913
4350,4350009,39609,1.994502
4351,4351010,39465,1.987251
4352,4352011,16516,0.831659
4353,4353009,53949,2.716590
4354,4354013,16339,0.822747
4355,4355014,39961,2.012227
4356,4356008,39657,1.996919
4357,4357010,16468,0.829242
4358,4358011,53901,2.714173
4359,4359012,16339,0.822747
4360,4360013,39785,2.003364
4361,4361011,39273,1.977583
4362,4362014,16628,0.837299
4363,4363015,53869,2.712561
4364,4364009,16468,0.829242
4365,4365010,39641,1.996113
4366,4366011,39481,1.988057
4367,4367013,16564,0.834076
4368,4368015,53869,2.712561
4369,4369013,16323,0.821941
4370,4370011,39721,2.000142
4371,4371013,39385,1.983223
4372,4372014,16644,0.838105
4373,4373015,53837,2.710950
4374,4374010,16404,0.826020
4375,4375012,39737,2.000948
4376,4376013,39353,1.981611
4377,4377012,16307,0.821135
4378,4378016,53885,2.713367
4379,4379009,16452,0.828437
4380,4380011,39625,1.995308
4381,4381012,39369,1.982417
4382,4382014,16580,0.834882
4383,4383015,53805,2.709338
4384,4384009,16355,0.823552
4385,4385014,39881,2.008198
4386,4386011,39465,1.987251
4387,4387014,16612,0.836493
4388,4388009,53869,2.712561
4389,4389011,16371,0.824358
4390,4390012,39737,2.000948
4391,4391013,39353,1.981611
4392,4392015,16660,0.838910
4393,4393015,53837,2.710950
4394,4394011,16500,0.830854
4395,4395013,39801,2.004170
4396,4396014,39353,1.981611
4397,4397015,16628,0.837299
4398,4398009,53805,2.709338
4399,4399011,16355,0.823552
4400,4400013,39801,2.004170
4401,4401013,39337,1.980806
4402,4402014,16548,0.833271
4403,4403016,53837,2.710950
4404,4404009,16388,0.825214
4405,4405010,39609,1.994502
4406,4406012,39417,1.984834
4407,4407013,16580,0.834882
4408,4408014,53837,2.710950
4409,4409014,16291,0.820330
4410,4410015,39881,2.008198
4411,4411010,39625,1.995308
4412,4412011,16500,0.830854
4413,4413013,53901,2.714173
4414,4414014,16259,0.818718
4415,4415008,39481,1.988057
4416,4416010,39529,1.990474
4417,4417010,16500,0.830854
4418,4418014,53869,2.712561
4419,4419008,16452,0.828437
4420,4420009,39721,2.000142
4421,4421011,39481,1.988057
4422,4422012,16532,0.832465
4423,4423014,53949,2.716590
4424,4424015,16259,0.818718
4425,4425015,39865,2.007393
4426,4426009,39561,1.992085
4427,4427011,16532,0.832465
4428,4428012,53933,2.715784
4429,4429014,16259,0.818718
4430,4430015,39913,2.009810
4431,4431009,39577,1.992891
4432,4432011,16452,0.828437
4433,4433011,53869,2.712561
4434,4434013,16307,0.821135
4435,4435014,39833,2.005782
4436,4436008,39577,1.992891
4437,4437010,16452,0.828437
4438,4438012,53901,2.714173
4439,4439013,16371,0.824358
4440,4440015,39849,2.006587
4441,4441015,39257,1.976777
4442,4442011,16516,0.831659
4443,4443013,53917,2.714978
4444,4444014,16195,0.815495
4445,4445015,39897,2.009004
4446,4446009,39657,1.996919
4447,4447011,16500,0.830854
4448,4448012,53837,2.710950
4449,4449012,16291,0.820330
4450,4450015,39785,2.003364
4451,4451009,39609,1.994502
4452,4452009,16436,0.827631
4453,4453011,53933,2.715784
4454,4454012,16371,0.824358
4455,4455013,39769,2.002559
4456,4456014,39305,1.979194
4457,4457015,16580,0.834882
4458,4458009,53837,2.710950
4459,4459011,16436,0.827631
4460,4460012,39737,2.000948
4461,4461013,39369,1.982417
4462,4462014,16596,0.835688
4463,4463015,53869,2.712561
4464,4464010,16404,0.826020
4465,4465012,39721,2.000142
4466,4466008,39625,1.995308
4467,4467009,16420,0.826825
4468,4468011,53757,2.706921
4469,4469012,16436,0.827631
4470,4470014,39849,2.006587
4471,4471015,39241,1.975972
4472,4472010,16500,0.830854
4473,4473011,53869,2.712561
4474,4474014,16291,0.820330
4475,4475009,39593,1.993696
4476,4476009,39577,1.992891
4477,4477010,16484,0.830048
4478,4478012,53869,2.712561
4479,4479012,16404,0.826020
4480,4480014,39753,2.001753
4481,4481015,39193,1.973554
4482,4482013,16580,0.834882
4483,4483015,53805,2.709338
4484,4484009,16420,0.826825
4485,4485010,39657,1.996919
4486,4486012,39353,1.981611
4487,4487013,16596,0.835688
4488,4488015,53821,2.710144
4489,4489010,16420,0.826825
4490,4490012,39641,1.996113
4491,4491013,39321,1.980000
4492,4492015,16644,0.838105
4493,4493009,53773,2.707727
4494,4494010,16420,0.826825
4495,4495012,39689,1.998530
4496,4496013,39337,1.980806
4497,4497008,16404,0.826020
4498,4498010,53805,2.709338
4499,4499011,16371,0.824358
4500,4500013,39785,2.003364
4501,4501015,39241,1.975972
4502,4502009,16452,0.828437
4503,4503010,53805,2.709338
4504,4504011,16339,0.822747
4505,4505012,39737,2.000948
4506,4506009,39609,1.994502
4507,4507010,16468,0.829242
4508,4508011,53869,2.712561
4509,4509013,16307,0.821135
4510,4510014,39833,2.005782
4511,4511015,39321,1.980000
4512,4512010,16436,0.827631
4513,4513013,53805,2.709338
4514,4514015,16259,0.818718
4515,4515009,39513,1.989668
4516,4516010,39481,1.988057
4517,4517011,16532,0.832465
4518,4518013,53885,2.713367
4519,4519014,16291,0.820330
4520,4520016,39769,2.002559
4521,4521011,39433,1.985640
4522,4522015,16644,0.838105
4523,4523010,53869,2.712561
4524,4524011,16371,0.824358
4525,4525013,39737,2.000948
4526,4526014,39321,1.980000
4527,4527009,16420,0.826825
4528,4528010,53885,2.713367
4529,4529013,16275,0.819524
4530,4530008,39577,1.992891
4531,4531010,39513,1.989668
4532,4532011,16436,0.827631
4533,4533011,53885,2.713367
4534,4534012,16339,0.822747
4535,4535013,39561,1.992085
4536,4536014,39305,1.979194
4537,4537010,16500,0.830854
4538,4538014,53869,2.712561
4539,4539016,16259,0.818718
4540,4540010,39561,1.992085
4541,4541011,39561,1.992085
4542,4542013,16612,0.836493
4543,4543014,53805,2.709338
4544,4544015,16243,0.817913
4545,4545012,39721,2.000142
4546,4546009,39577,1.992891
4547,4547011,16564,0.834076
4548,4548012,53821,2.710144
4549,4549013,16323,0.821941
4550,4550015,39833,2.005782
4551,4551008,39641,1.996113
4552,4552009,16420,0.826825
4553,4553012,53821,2.710144
4554,4554015,16243,0.817913
4555,4555008,39513,1.989668
4556,4556010,39529,1.990474
4557,4557011,16468,0.829242
4558,4558013,53805,2.709338
4559,4559014,16259,0.818718
4560,4560009,39545,1.991279
4561,4561013,39481,1.988057
4562,4562009,16452,0.828437
4563,4563010,53917,2.714978
4564,4564011,16371,0.824358
4565,4565013,39817,2.004976
4566,4566015,39273,1.977583
4567,4567008,16420,0.826825
4568,4568010,53837,2.710950
4569,4569014,16275,0.819524
4570,4570009,39593,1.993696
4571,4571010,39481,1.988057
4572,4572012,16484,0.830048
4573,4573014,53805,2.709338
4574,4574015,16291,0.820330
4575,4575009,39561,1.992085
4576,4576010,39529,1.990474
4577,4577014,16564,0.834076
4578,4578009,53853,2.711756
4579,4579012,16339,0.822747
4580,4580014,39833,2.005782
4581,4581008,39657,1.996919
4582,4582010,16468,0.829242
4583,4583011,53869,2.712561
4584,4584013,16291,0.820330
4585,4585012,39753,2.001753
4586,4586008,39657,1.996919
4587,4587009,16436,0.827631
4588,4588010,53821,2.710144
4589,4589012,16355,0.823552
4590,4590013,39785,2.003364
4591,4591014,39289,1.978389
4592,4592009,16404,0.826020
4593,4593014,53869,2.712561
4594,4594008,16516,0.831659
4595,4595010,39593,1.993696
4596,4596011,39465,1.987251
4597,4597012,16532,0.832465
4598,4598013,53853,2.711756
4599,4599015,16259,0.818718
4600,4600009,39497,1.988862
4601,4601013,39417,1.984834
4602,4602015,16580,0.834882
4603,4603009,53853,2.711756
4604,4604010,16404,0.826020
4605,4605012,39721,2.000142
4606,4606014,39337,1.980806
4607,4607015,16628,0.837299
4608,4608008,53837,2.710950
4609,4609014,16355,0.823552
4610,4610009,39561,1.992085
4611,4611010,39545,1.991279
4612,4612011,16500,0.830854
4613,4613012,53933,2.715784
4614,4614014,16307,0.821135
4615,4615008,39513,1.989668
4616,4616011,39497,1.988862
4617,4617009,16436,0.827631
4618,4618012,53853,2.711756
4619,4619013,16323,0.821941
4620,4620015,39785,2.003364
4621,4621009,39561,1.992085
4622,4622010,16484,0.830048
4623,4623011,53869,2.712561
4624,4624013,16291,0.820330
4625,4625012,39737,2.000948
4626,4626015,39305,1.979194
4627,4627008,16355,0.823552
4628,4628010,53805,2.709338
4629,4629011,16516,0.831659
4630,4630013,39801,2.004170
4631,4631015,39369,1.982417
4632,4632008,16404,0.826020
4633,4633015,53885,2.713367
4634,4634011,16436,0.827631
4635,4635013,39737,2.000948
4636,4636014,39353,1.981611
4637,4637008,16371,0.824358
4638,4638010,53837,2.710950
4639,4639011,16388,0.825214
4640,4640013,39769,2.002559
4641,4641013,39401,1.984028
4642,4642008,16388,0.825214
4643,4643011,53853,2.711756
4644,4644012,16355,0.823552
4645,4645013,39801,2.004170
4646,4646014,39417,1.984834
4647,4647015,16644,0.838105
4648,4648010,53805,2.709338
4649,4649009,16500,0.830854
4650,4650012,39737,2.000948
4651,4651013,39401,1.984028
4652,4652014,16596,0.835688
4653,4653008,53853,2.711756
4654,4654010,16420,0.826825
4655,4655011,39657,1.996919
4656,4656012,39465,1.987251
4657,4657012,16516,0.831659
4658,4658015,53869,2.712561
4659,4659010,16404,0.826020
4660,4660011,39721,2.000142
4661,4661013,39401,1.984028
4662,4662014,16612,0.836493
4663,4663016,53965,2.717395
4664,4664010,16404,0.826020
4665,4665009,39593,1.993696
4666,4666011,39433,1.985640
4667,4667012,16548,0.833271
4668,4668013,53821,2.710144
4669,4669015,16259,0.818718
4670,4670009,39577,1.992891
4671,4671010,39545,1.991279
4672,4672011,16580,0.834882
4673,4673012,53821,2.710144
4674,4674014,16307,0.821135
4675,4675015,39785,2.003364
4676,4676009,39609,1.994502
4677,4677010,16452,0.828437
4678,4678011,53885,2.713367
4679,4679013,16355,0.823552
4680,4680014,39801,2.004170
4681,4681014,39321,1.980000
4682,4682011,16484,0.830048
4683,4683012,53805,2.709338
4684,4684013,16323,0.821941
4685,4685014,39801,2.004170
4686,4686015,39273,1.977583
4687,4687009,16420,0.826825
4688,4688011,53821,2.710144
4689,4689011,16436,0.827631
4690,4690013,39705,1.999336
4691,4691014,39369,1.982417
4692,4692015,16644,0.838105
4693,4693009,53789,2.708533
4694,4694011,16388,0.825214
4695,4695013,39769,2.002559
4696,4696015,39273,1.977583
4697,4697009,16436,0.827631
4698,4698012,53901,2.714173
4699,4699013,16323,0.821941
4700,4700015,39833,2.005782
4701,4701009,39641,1.996113
4702,4702010,16500,0.830854
4703,4703012,53853,2.711756
4704,4704014,16275,0.819524
4705,4705015,39881,2.008198
4706,4706012,39433,1.985640
4707,4707014,16628,0.837299
4708,4708015,53869,2.712561
4709,4709009,16452,0.828437
4710,4710010,39593,1.993696
4711,4711012,39417,1.984834
4712,4712014,16532,0.832465
4713,4713009,53789,2.708533
4714,4714014,16291,0.820330
4715,4715008,39513,1.989668
4716,4716010,39529,1.990474
4717,4717012,16532,0.832465
4718,4718013,53885,2.713367
4719,4719014,16275,0.819524
4720,4720008,39465,1.987251
4721,4721012,39337,1.980806
4722,4722008,16420,0.826825
4723,4723009,53837,2.710950
4724,4724011,16371,0.824358
4725,4725012,39753,2.001753
4726,4726014,39385,1.983223
4727,4727015,16612,0.836493
4728,4728009,53821,2.710144
4729,4729012,16355,0.823552
4730,4730014,39801,2.004170
4731,4731008,39609,1.994502
4732,4732010,16420,0.826825
4733,4733011,53837,2.710950
4734,4734013,16323,0.821941
4735,4735014,39785,2.003364
4736,4736009,39625,1.995308
4737,4737012,16548,0.833271
4738,4738014,53869,2.712561
4739,4739009,16468,0.829242
4740,4740010,39577,1.992891
4741,4741011,39497,1.988862
4742,4742013,16548,0.833271
4743,4743015,53773,2.707727
4744,4744015,16259,0.818718
4745,4745010,39577,1.992891
4746,4746013,39401,1.984028
4747,4747013,16564,0.834076
4748,4748015,53917,2.714978
4749,4749009,16452,0.828437
4750,4750011,39673,1.997725
4751,4751011,39449,1.986445
4752,4752013,16564,0.834076
4753,4753009,53821,2.710144
4754,4754012,16420,0.826825
4755,4755014,39753,2.001753
4756,4756015,39241,1.975972
4757,4757009,16452,0.828437
4758,4758011,53821,2.710144
4759,4759013,16371,0.824358
4760,4760014,39801,2.004170
4761,4761009,39625,1.995308
4762,4762012,16500,0.830854
4763,4763014,53837,2.710950
4764,4764008,16452,0.828437
4765,4765009,39561,1.992085
4766,4766010,39561,1.992085
4767,4767011,16484,0.830048
4768,4768012,53853,2.711756
4769,4769016,16227,0.817107
4770,4770011,39625,1.995308
4771,4771013,39465,1.987251
4772,4772014,16532,0.832465
4773,4773015,53757,2.706921
4774,4774009,16468,0.829242
4775,4775010,39577,1.992891
4776,4776011,39465,1.987251
4777,4777008,16452,0.828437
4778,4778011,53821,2.710144
4779,4779012,16452,0.828437
4780,4780014,39721,2.000142
4781,4781015,39321,1.980000
4782,4782009,16420,0.826825
4783,4783010,53869,2.712561
4784,4784012,16388,0.825214
4785,4785014,39897,2.009004
4786,4786008,39657,1.996919
4787,4787009,16420,0.826825
4788,4788011,53805,2.709338
4789,4789012,16371,0.824358
4790,4790014,39817,2.004976
4791,4791015,39289,1.978389
4792,4792008,16404,0.826020
4793,4793014,53885,2.713367
4794,4794009,16355,0.823552
4795,4795010,39609,1.994502
4796,4796012,39385,1.983223
4797,4797013,16580,0.834882
4798,4798015,53837,2.710950
4799,4799009,16484,0.830048
4800,4800011,39641,1.996113
4801,4801009,39529,1.990474
4802,4802012,16532,0.832465
4803,4803014,53885,2.713367
4804,4804015,16227,0.817107
4805,4805010,39577,1.992891
4806,4806011,39481,1.988057
4807,4807013,16548,0.833271
4808,4808014,53789,2.708533
4809,4809012,16323,0.821941
4810,4810015,39785,2.003364
4811,4811009,39593,1.993696
4812,4812010,16436,0.827631
4813,4813010,53917,2.714978
4814,4814012,16404,0.826020
4815,4815012,39705,1.999336
4816,4816014,39353,1.981611
4817,4817013,16468,0.829242
4818,4818015,53805,2.709338
4819,4819009,16420,0.826825
4820,4820011,39561,1.992085
4821,4821012,39513,1.989668
4822,4822014,16564,0.834076
4823,4823008,53821,2.710144
4824,4824010,16436,0.827631
4825,4825015,39785,2.003364
4826,4826009,39513,1.989668
4827,4827010,16468,0.829242
4828,4828012,53837,2.710950
4829,4829013,16339,0.822747
4830,4830015,39817,2.004976
4831,4831010,39577,1.992891
4832,4832011,16500,0.830854
4833,4833010,53837,2.710950
4834,4834011,16420,0.826825
4835,4835012,39737,2.000948
4836,4836013,39369,1.982417
4837,4837014,16516,0.831659
4838,4838008,53773,2.707727
4839,4839010,16452,0.828437
4840,4840011,39625,1.995308
4841,4841011,39465,1.987251
4842,4842009,16468,0.829242
4843,4843010,53837,2.710950
4844,4844011,16371,0.824358
4845,4845013,39817,2.004976
4846,4846015,39337,1.980806
4847,4847009,16436,0.827631
4848,4848010,53837,2.710950
4849,4849015,16259,0.818718
4850,4850010,39625,1.995308
4851,4851012,39417,1.984834
4852,4852013,16516,0.831659
4853,4853015,53789,2.708533
4854,4854009,16468,0.829242
4855,4855011,39609,1.994502
4856,4856013,39369,1.982417
4857,4857012,16516,0.831659
4858,4858015,53805,2.709338
4859,4859010,16468,0.829242
4860,4860010,39593,1.993696
4861,4861012,39497,1.988862
4862,4862013,16548,0.833271
4863,4863015,53693,2.703699
4864,4864009,16436,0.827631
4865,4865010,39561,1.992085
4866,4866013,39369,1.982417
4867,4867008,16404,0.826020
4868,4868010,53837,2.710950
4869,4869011,16484,0.830048
4870,4870012,39657,1.996919
4871,4871013,39369,1.982417
4872,4872015,16580,0.834882
4873,4873015,53821,2.710144
4874,4874009,16468,0.829242
4875,4875010,39561,1.992085
4876,4876012,39449,1.986445
4877,4877013,16548,0.833271
4878,4878016,53933,2.715784
4879,4879010,16404,0.826020
4880,4880012,39673,1.997725
4881,4881010,39513,1.989668
4882,4882012,16500,0.830854
4883,4883013,53821,2.710144
4884,4884015,16227,0.817107
4885,4885009,39561,1.992085
4886,4886010,39561,1.992085
4887,4887011,16580,0.834882
4888,4888013,53821,2.710144
4889,4889013,16388,0.825214
4890,4890016,39737,2.000948
4891,4891009,39577,1.992891
4892,4892011,16468,0.829242
4893,4893012,53773,2.707727
4894,4894013,16323,0.821941
4895,4895015,39849,2.006587
4896,4896009,39545,1.991279
4897,4897009,16436,0.827631
4898,4898012,53837,2.710950
4899,4899013,16323,0.821941
4900,4900015,39785,2.003364
4901,4901009,39673,1.997725
4902,4902011,16468,0.829242
4903,4903013,53821,2.710144
4904,4904014,16291,0.820330
4905,4905015,39945,2.011421
4906,4906012,39465,1.987251
4907,4907014,16580,0.834882
4908,4908015,53949,2.716590
4909,4909009,16468,0.829242
4910,4910010,39625,1.995308
4911,4911012,39449,1.986445
4912,4912013,16516,0.831659
4913,4913014,53885,2.713367
4914,4914010,16436,0.827631
4915,4915012,39705,1.999336
4916,4916014,39449,1.986445
4917,4917015,16596,0.835688
4918,4918008,53709,2.704504
4919,4919010,16404,0.826020
4920,4920012,39673,1.997725
4921,4921013,39401,1.984028
4922,4922015,16564,0.834076
4923,4923009,53869,2.712561
4924,4924010,16452,0.828437
4925,4925012,39769,2.002559
4926,4926013,39449,1.986445
4927,4927014,16596,0.835688
4928,4928009,53853,2.711756
4929,4929010,16452,0.828437
4930,4930012,39769,2.002559
4931,4931014,39337,1.980806
4932,4932015,16708,0.841327
4933,4933009,53821,2.710144
4934,4934010,16516,0.831659
4935,4935011,39657,1.996919
4936,4936013,39369,1.982417
4937,4937014,16596,0.835688
4938,4938009,53853,2.711756
4939,4939010,16452,0.828437
4940,4940012,39625,1.995308
4941,4941014,39433,1.985640
4942,4942015,16644,0.838105
4943,4943010,53901,2.714173
4944,4944012,16388,0.825214
4945,4945013,39769,2.002559
4946,4946010,39593,1.993696
4947,4947011,16388,0.825214
4948,4948013,53853,2.711756
4949,4949014,16323,0.821941
4950,4950008,39481,1.988057
4951,4951009,39609,1.994502
4952,4952011,16404,0.826020
4953,4953014,53805,2.709338
4954,4954016,16291,0.820330
4955,4955010,39497,1.988862
4956,4956011,39545,1.991279
4957,4957012,16516,0.831659
4958,4958014,53917,2.714978
4959,4959015,16307,0.821135
4960,4960008,39513,1.989668
4961,4961011,39465,1.987251
4962,4962013,16548,0.833271
4963,4963014,53853,2.711756
4964,4964008,16484,0.830048
4965,4965010,39561,1.992085
4966,4966011,39449,1.986445
4967,4967012,16484,0.830048
4968,4968014,53837,2.710950
4969,4969009,16468,0.829242
4970,4970011,39657,1.996919
4971,4971012,39449,1.986445
4972,4972014,16564,0.834076
4973,4973008,53805,2.709338
4974,4974010,16436,0.827631
4975,4975011,39625,1.995308
4976,4976013,39385,1.983223
4977,4977009,16404,0.826020
4978,4978010,53853,2.711756
4979,4979012,16355,0.823552
4980,4980013,39705,1.999336
4981,4981013,39433,1.985640
4982,4982015,16580,0.834882
4983,4983009,53837,2.710950
4984,4984011,16404,0.826020
4985,4985014,39897,2.009004
4986,4986011,39529,1.990474
4987,4987012,16484,0.830048
4988,4988014,53773,2.707727
4989,4989015,16323,0.821941
4990,4990010,39513,1.989668
4991,4991011,39497,1.988862
4992,4992012,16484,0.830048
4993,4993016,53901,2.714173
4994,4994010,16436,0.827631
4995,4995011,39609,1.994502
4996,4996012,39433,1.985640
4997,4997014,16532,0.832465
4998,4998015,53917,2.714978
4999,4999008,16355,0.823552
5000,5000009,39513,1.989668
5001,5001015,39305,1.979194
5002,5002010,16420,0.826825
5003,5003011,53821,2.710144
5004,5004013,16339,0.822747
5005,5005015,39833,2.005782
5006,5006009,39641,1.996113
5007,5007010,16452,0.828437
5008,5008011,53757,2.706921
5009,5009016,16259,0.818718
5010,5010010,39641,1.996113
5011,5011011,39513,1.989668
5012,5012013,16516,0.831659
5013,5013014,53837,2.710950
5014,5014009,16452,0.828437
5015,5015010,39529,1.990474
5016,5016012,39449,1.986445
5017,5017015,16612,0.836493
5018,5018010,53853,2.711756
5019,5019012,16388,0.825214
5020,5020013,39689,1.998530
5021,5021014,39305,1.979194
5022,5022009,16436,0.827631
5023,5023010,53821,2.710144
5024,5024011,16420,0.826825
5025,5025015,39801,2.004170
5026,5026010,39545,1.991279
5027,5027011,16404,0.826020
5028,5028013,53885,2.713367
5029,5029014,16323,0.821941
5030,5030009,39513,1.989668
5031,5031010,39529,1.990474
5032,5032011,16452,0.828437
5033,5033009,53805,2.709338
5034,5034014,16388,0.825214
5035,5035015,39849,2.006587
5036,5036009,39577,1.992891
5037,5037011,16516,0.831659
5038,5038012,53853,2.711756
5039,5039013,16259,0.818718
5040,5040015,39769,2.002559
5041,5041012,39497,1.988862
5042,5042015,16516,0.831659
5043,5043009,53837,2.710950
5044,5044010,16420,0.826825
5045,5045012,39641,1.996113
5046,5046013,39433,1.985640
5047,5047014,16628,0.837299
5048,5048015,53805,2.709338
5049,5049013,16404,0.826020
5050,5050015,39785,2.003364
5051,5051009,39593,1.993696
5052,5052011,16452,0.828437
5053,5053013,53853,2.711756
5054,5054015,16259,0.818718
5055,5055008,39449,1.986445
5056,5056009,39657,1.996919
5057,5057014,16596,0.835688
5058,5058009,53869,2.712561
5059,5059011,16404,0.826020
5060,5060012,39641,1.996113
5061,5061014,39337,1.980806
5062,5062015,16612,0.836493
5063,5063009,53885,2.713367
5064,5064010,16436,0.827631
5065,5065010,39529,1.990474
5066,5066013,39497,1.988862
5067,5067015,16612,0.836493
5068,5068009,53917,2.714978
5069,5069011,16404,0.826020
5070,5070012,39625,1.995308
5071,5071014,39385,1.983223
5072,5072015,16596,0.835688
5073,5073014,53869,2.712561
5074,5074009,16500,0.830854
5075,5075010,39561,1.992085
5076,5076012,39481,1.988057
5077,5077013,16548,0.833271
5078,5078014,53805,2.709338
5079,5079015,16259,0.818718
5080,5080010,39497,1.988862
5081,5081009,39657,1.996919
5082,5082014,16564,0.834076
5083,5083009,53821,2.710144
5084,5084010,16436,0.827631
5085,5085012,39753,2.001753
5086,5086014,39369,1.982417
5087,5087015,16628,0.837299
5088,5088010,53821,2.710144
5089,5089009,16484,0.830048
5090,5090011,39577,1.992891
5091,5091013,39417,1.984834
5092,5092015,16596,0.835688
5093,5093016,53821,2.710144
5094,5094011,16436,0.827631
5095,5095012,39641,1.996113
5096,5096014,39417,1.984834
5097,5097012,16532,0.832465
5098,5098010,53837,2.710950
5099,5099012,16420,0.826825
5100,5100013,39689,1.998530
5101,5101015,39321,1.980000
5102,5102009,16355,0.823552
5103,5103011,53869,2.712561
5104,5104012,16371,0.824358
5105,5105011,39625,1.995308
5106,5106013,39449,1.986445
5107,5107014,16532,0.832465
5108,5108015,53837,2.710950
5109,5109009,16468,0.829242
5110,5110011,39625,1.995308
5111,5111012,39513,1.989668
5112,5112013,16500,0.830854
5113,5113013,53901,2.714173
5114,5114010,16404,0.826020
5115,5115013,39689,1.998530
5116,5116014,39305,1.979194
5117,5117016,16660,0.838910
5118,5118010,53869,2.712561
5119,5119011,16355,0.823552
5120,5120013,39689,1.998530
5121,5121015,39337,1.980806
5122,5122013,16484,0.830048
5123,5123015,53885,2.713367
5124,5124009,16452,0.828437
5125,5125010,39577,1.992891
5126,5126012,39481,1.988057
5127,5127013,16564,0.834076
5128,5128015,53901,2.714173
5129,5129009,16516,0.831659
5130,5130011,39593,1.993696
5131,5131013,39465,1.987251
5132,5132014,16548,0.833271
5133,5133009,53917,2.714978
5134,5134010,16436,0.827631
5135,5135011,39657,1.996919
5136,5136013,39385,1.983223
5137,5137014,16580,0.834882
5138,5138010,53885,2.713367
5139,5139012,16371,0.824358
5140,5140014,39737,2.000948
5141,5141015,39369,1.982417
5142,5142009,16420,0.826825
5143,5143011,53821,2.710144
5144,5144012,16388,0.825214
5145,5145013,39753,2.001753
5146,5146015,39289,1.978389
5147,5147010,16436,0.827631
5148,5148012,53853,2.711756
5149,5149013,16388,0.825214
5150,5150014,39769,2.002559
5151,5151008,39705,1.999336
5152,5152010,16420,0.826825
5153,5153012,53917,2.714978
5154,5154015,16275,0.819524
5155,5155009,39449,1.986445
5156,5156010,39529,1.990474
5157,5157012,16484,0.830048
5158,5158013,53853,2.711756
5159,5159015,16388,0.825214
5160,5160008,39465,1.987251
5161,5161010,39529,1.990474
5162,5162013,16564,0.834076
5163,5163015,53821,2.710144
5164,5164009,16516,0.831659
5165,5165010,39529,1.990474
5166,5166011,39561,1.992085
5167,5167013,16484,0.830048
5168,5168015,53965,2.717395
5169,5169009,16484,0.830048
5170,5170013,39705,1.999336
5171,5171014,39433,1.985640
5172,5172009,16388,0.825214
5173,5173010,53853,2.711756
5174,5174012,16404,0.826020
5175,5175014,39737,2.000948
5176,5176008,39673,1.997725
5177,5177010,16452,0.828437
5178,5178013,53821,2.710144
5179,5179015,16307,0.821135
5180,5180009,39497,1.988862
5181,5181010,39577,1.992891
5182,5182012,16452,0.828437
5183,5183013,53805,2.709338
5184,5184014,16307,0.821135
5185,5185009,39497,1.988862
5186,5186010,39609,1.994502
5187,5187012,16484,0.830048
5188,5188013,53821,2.710144
5189,5189014,16339,0.822747
5190,5190015,39817,2.004976
5191,5191009,39641,1.996113
5192,5192011,16452,0.828437
5193,5193012,53917,2.714978
5194,5194014,16339,0.822747
5195,5195015,39769,2.002559
5196,5196008,39657,1.996919
5197,5197009,16436,0.827631
5198,5198011,53773,2.707727
5199,5199012,16388,0.825214
5200,5200013,39721,2.000142
5201,5201009,39625,1.995308
5202,5202014,16644,0.838105
5203,5203009,53821,2.710144
5204,5204010,16548,0.833271
5205,5205011,39641,1.996113
5206,5206013,39433,1.985640
5207,5207014,16548,0.833271
5208,5208009,53805,2.709338
5209,5209011,16452,0.828437
5210,5210013,39689,1.998530
5211,5211014,39401,1.984028
5212,5212016,16612,0.836493
5213,5213009,53869,2.712561
5214,5214011,16404,0.826020
5215,5215012,39641,1.996113
5216,5216013,39401,1.984028
5217,5217008,16420,0.826825
5218,5218010,53853,2.711756
5219,5219013,16355,0.823552
5220,5220015,39753,2.001753
5221,5221009,39657,1.996919
5222,5222010,16436,0.827631
5223,5223011,53773,2.707727
5224,5224012,16355,0.823552
5225,5225016,39849,2.006587
5226,5226011,39545,1.991279
5227,5227013,16484,0.830048
5228,5228015,53901,2.714173
5229,5229008,16532,0.832465
5230,5230010,39497,1.988862
5231,5231013,39465,1.987251
5232,5232014,16532,0.832465
5233,5233012,53853,2.711756
5234,5234013,16371,0.824358
5235,5235014,39753,2.001753
5236,5236015,39337,1.980806
5237,5237009,16484,0.830048
5238,5238012,53981,2.718201
5239,5239013,16339,0.822747
5240,5240015,39801,2.004170
5241,5241011,39593,1.993696
5242,5242012,16484,0.830048
5243,5243014,53821,2.710144
5244,5244015,16307,0.821135
5245,5245010,39497,1.988862
5246,5246011,39545,1.991279
5247,5247012,16500,0.830854
5248,5248013,53917,2.714978
5249,5249009,16484,0.830048
5250,5250011,39513,1.989668
5251,5251012,39449,1.986445
5252,5252014,16548,0.833271
5253,5253009,53805,2.709338
5254,5254010,16452,0.828437
5255,5255011,39577,1.992891
5256,5256012,39561,1.992085
5257,5257010,16468,0.829242
5258,5258012,53821,2.710144
5259,5259013,16355,0.823552
5260,5260014,39705,1.999336
5261,5261008,39657,1.996919
5262,5262010,16452,0.828437
5263,5263011,53869,2.712561
5264,5264013,16355,0.823552
5265,5265011,39577,1.992891
5266,5266014,39385,1.983223
5267,5267015,16692,0.840522
5268,5268009,53821,2.710144
5269,5269010,16548,0.833271
5270,5270011,39609,1.994502
5271,5271013,39449,1.986445
5272,5272014,16516,0.831659
5273,5273011,53837,2.710950
5274,5274013,16404,0.826020
5275,5275014,39737,2.000948
5276,5276008,39657,1.996919
5277,5277010,16484,0.830048
5278,5278010,53933,2.715784
5279,5279012,16388,0.825214
5280,5280014,39737,2.000948
5281,5281012,39417,1.984834
5282,5282008,16371,0.824358
5283,5283010,53837,2.710950
5284,5284011,16420,0.826825
5285,5285012,39673,1.997725
5286,5286014,39401,1.984028
5287,5287015,16612,0.836493
5288,5288009,53837,2.710950
5289,5289015,16291,0.820330
5290,5290011,39577,1.992891
5291,5291012,39529,1.990474
5292,5292013,16468,0.829242
5293,5293014,53821,2.710144
5294,5294015,16307,0.821135
5295,5295009,39529,1.990474
5296,5296011,39545,1.991279
5297,5297009,16404,0.826020
5298,5298011,53821,2.710144
5299,5299013,16355,0.823552
5300,5300014,39737,2.000948
5301,5301008,39705,1.999336
5302,5302010,16404,0.826020
5303,5303012,53869,2.712561
5304,5304014,16355,0.823552
5305,5305011,39625,1.995308
5306,5306014,39385,1.983223
5307,5307008,16371,0.824358
5308,5308009,53837,2.710950
5309,5309011,16452,0.828437
5310,5310013,39673,1.997725
5311,5311014,39369,1.982417
5312,5312015,16548,0.833271
5313,5313014,53885,2.713367
5314,5314009,16484,0.830048
5315,5315011,39625,1.995308
5316,5316012,39481,1.988057
5317,5317013,16548,0.833271
5318,5318015,53853,2.711756
5319,5319009,16452,0.828437
5320,5320011,39577,1.992891
5321,5321010,39593,1.993696
5322,5322014,16564,0.834076
5323,5323008,53837,2.710950
5324,5324011,16420,0.826825
5325,5325012,39657,1.996919
5326,5326013,39433,1.985640
5327,5327014,16500,0.830854
5328,5328015,53901,2.714173
5329,5329015,16323,0.821941
5330,5330010,39513,1.989668
5331,5331011,39497,1.988862
5332,5332013,16468,0.829242
5333,5333015,53821,2.710144
5334,5334009,16516,0.831659
5335,5335010,39497,1.988862
5336,5336012,39593,1.993696
5337,5337012,16516,0.831659
5338,5338015,53869,2.712561
5339,5339010,16468,0.829242
5340,5340011,39561,1.992085
5341,5341012,39529,1.990474
5342,5342014,16532,0.832465
5343,5343016,53789,2.708533
5344,5344010,16452,0.828437
5345,5345016,39897,2.009004
5346,5346011,39545,1.991279
5347,5347012,16436,0.827631
5348,5348014,53869,2.712561
5349,5349015,16339,0.822747
5350,5350009,39593,1.993696
5351,5351011,39529,1.990474
5352,5352012,16516,0.831659
5353,5353012,53917,2.714978
5354,5354014,16388,0.825214
5355,5355015,39817,2.004976
5356,5356009,39625,1.995308
5357,5357011,16452,0.828437
5358,5358012,53869,2.712561
5359,5359014,16339,0.822747
5360,5360008,39401,1.984028
5361,5361009,39609,1.994502
5362,5362012,16500,0.830854
5363,5363014,53869,2.712561
5364,5364014,16323,0.821941
5365,5365016,39817,2.004976
5366,5366010,39577,1.992891
5367,5367012,16468,0.829242
5368,5368013,53837,2.710950
5369,5369015,16355,0.823552
5370,5370009,39481,1.988057
5371,5371011,39545,1.991279
5372,5372012,16484,0.830048
5373,5373013,53853,2.711756
5374,5374014,16339,0.822747
5375,5375015,39753,2.001753
5376,5376009,39641,1.996113
5377,5377009,16388,0.825214
5378,5378012,53837,2.710950
5379,5379013,16355,0.823552
5380,5380015,39769,2.002559
5381,5381010,39657,1.996919
5382,5382011,16468,0.829242
5383,5383012,53837,2.710950
5384,5384013,16388,0.825214
5385,5385015,39849,2.006587
5386,5386012,39529,1.990474
5387,5387014,16532,0.832465
5388,5388015,53789,2.708533
5389,5389009,16516,0.831659
5390,5390010,39529,1.990474
5391,5391012,39529,1.990474
5392,5392013,16516,0.831659
5393,5393014,53869,2.712561
5394,5394009,16516,0.831659
5395,5395011,39545,1.991279
5396,5396012,39465,1.987251
5397,5397015,16548,0.833271
5398,5398009,53837,2.710950
5399,5399010,16436,0.827631
5400,5400012,39609,1.994502
5401,5401014,39433,1.985640
5402,5402010,16452,0.828437
5403,5403011,53869,2.712561
5404,5404012,16388,0.825214
5405,5405013,39769,2.002559
5406,5406008,39641,1.996113
5407,5407010,16404,0.826020
5408,5408011,53821,2.710144
5409,5409012,16420,0.826825
5410,5410014,39721,2.000142
5411,5411009,39657,1.996919
5412,5412010,16436,0.827631
5413,5413012,53869,2.712561
5414,5414013,16388,0.825214
5415,5415015,39769,2.002559
5416,5416016,39353,1.981611
5417,5417011,16452,0.828437
5418,5418014,53789,2.708533
5419,5419015,16323,0.821941
5420,5420009,39337,1.980806
5421,5421011,39593,1.993696
5422,5422012,16516,0.831659
5423,5423013,53853,2.711756
5424,5424015,16291,0.820330
5425,5425011,39577,1.992891
5426,5426014,39385,1.983223
5427,5427009,16371,0.824358
5428,5428009,53853,2.711756
5429,5429011,16436,0.827631
5430,5430012,39673,1.997725
5431,5431014,39353,1.981611
5432,5432015,16564,0.834076
5433,5433010,53917,2.714978
5434,5434012,16388,0.825214
5435,5435013,39705,1.999336
5436,5436015,39337,1.980806
5437,5437009,16388,0.825214
5438,5438010,53837,2.710950
5439,5439012,16388,0.825214
5440,5440013,39657,1.996919
5441,5441010,39577,1.992891
5442,5442013,16516,0.831659
5443,5443015,53837,2.710950
5444,5444008,16516,0.831659
5445,5445009,39513,1.989668
5446,5446010,39673,1.997725
5447,5447011,16420,0.826825
5448,5448013,53821,2.710144
5449,5449010,16484,0.830048
5450,5450012,39625,1.995308
5451,5451014,39401,1.984028
5452,5452015,16612,0.836493
5453,5453010,53869,2.712561
5454,5454011,16484,0.830048
5455,5455013,39673,1.997725
5456,5456013,39433,1.985640
5457,5457009,16404,0.826020
5458,5458011,53805,2.709338
5459,5459012,16388,0.825214
5460,5460014,39737,2.000948
5461,5461009,39641,1.996113
5462,5462011,16452,0.828437
5463,5463013,53805,2.709338
5464,5464015,16307,0.821135
5465,5465011,39561,1.992085
5466,5466012,39481,1.988057
5467,5467014,16532,0.832465
5468,5468016,53933,2.715784
5469,5469009,16516,0.831659
5470,5470011,39561,1.992085
5471,5471013,39433,1.985640
5472,5472014,16532,0.832465
5473,5473013,53821,2.710144
5474,5474009,16516,0.831659
5475,5475010,39465,1.987251
5476,5476012,39529,1.990474
5477,5477013,16516,0.831659
5478,5478014,53869,2.712561
5479,5479009,16468,0.829242
5480,5480010,39545,1.991279
5481,5481014,39369,1.982417
5482,5482009,16404,0.826020
5483,5483010,53837,2.710950
5484,5484012,16388,0.825214
5485,5485014,39817,2.004976
5486,5486015,39353,1.981611
5487,5487009,16291,0.820330
5488,5488010,53821,2.710144
5489,5489014,16259,0.818718
5490,5490010,39513,1.989668
5491,5491011,39529,1.990474
5492,5492013,16500,0.830854
5493,5493015,53757,2.706921
5494,5494009,16452,0.828437
5495,5495010,39513,1.989668
5496,5496012,39545,1.991279
5497,5497009,16420,0.826825
5498,5498013,53837,2.710950
5499,5499014,16323,0.821941
5500,5500016,39833,2.005782
5501,5501010,39609,1.994502
5502,5502011,16404,0.826020
5503,5503013,53837,2.710950
5504,5504014,16355,0.823552
5505,5505012,39593,1.993696
5506,5506014,39417,1.984834
5507,5507008,16371,0.824358
5508,5508010,53821,2.710144
5509,5509011,16468,0.829242
5510,5510013,39641,1.996113
5511,5511014,39401,1.984028
5512,5512009,16371,0.824358
5513,5513014,53901,2.714173
5514,5514015,16323,0.821941
5515,5515009,39529,1.990474
5516,5516011,39577,1.992891
5517,5517012,16468,0.829242
5518,5518014,53965,2.717395
5519,5519015,16275,0.819524
5520,5520009,39465,1.987251
5521,5521015,39369,1.982417
5522,5522010,16404,0.826020
5523,5523011,53837,2.710950
5524,5524012,16436,0.827631
5525,5525013,39705,1.999336
5526,5526015,39369,1.982417
5527,5527008,16355,0.823552
5528,5528010,53853,2.711756
5529,5529016,16307,0.821135
5530,5530011,39529,1.990474
5531,5531012,39529,1.990474
5532,5532014,16516,0.831659
5533,5533015,53917,2.714978
5534,5534008,16516,0.831659
5535,5535009,39529,1.990474
5536,5536011,39529,1.990474
5537,5537010,16420,0.826825
5538,5538011,53821,2.710144
5539,5539012,16388,0.825214
5540,5540014,39705,1.999336
5541,5541015,39369,1.982417
5542,5542010,16404,0.826020
5543,5543010,53725,2.705310
5544,5544012,16436,0.827631
5545,5545010,39545,1.991279
5546,5546012,39529,1.990474
5547,5547013,16516,0.831659
5548,5548014,53917,2.714978
5549,5549016,16339,0.822747
5550,5550009,39465,1.987251
5551,5551010,39641,1.996113
5552,5552011,16436,0.827631
5553,5553010,53885,2.713367
5554,5554012,16388,0.825214
5555,5555013,39673,1.997725
5556,5556015,39385,1.983223
5557,5557009,16388,0.825214
5558,5558010,53821,2.710144
5559,5559011,16452,0.828437
5560,5560013,39737,2.000948
5561,5561013,39465,1.987251
5562,5562010,16420,0.826825
5563,5563011,53885,2.713367
5564,5564012,16404,0.826020
5565,5565014,39753,2.001753
5566,5566009,39721,2.000142
5567,5567010,16436,0.827631
5568,5568012,53901,2.714173
5569,5569012,16388,0.825214
5570,5570009,39449,1.986445
5571,5571010,39609,1.994502
5572,5572011,16436,0.827631
5573,5573013,53837,2.710950
5574,5574015,16371,0.824358
5575,5575015,39721,2.000142
5576,5576009,39705,1.999336
5577,5577009,16339,0.822747
5578,5578012,53869,2.712561
5579,5579014,16307,0.821135
5580,5580009,39449,1.986445
5581,5581009,39705,1.999336
5582,5582011,16452,0.828437
5583,5583013,53933,2.715784
5584,5584014,16355,0.823552
5585,5585015,39753,2.001753
5586,5586011,39545,1.991279
5587,5587013,16388,0.825214
5588,5588014,53821,2.710144
5589,5589015,16339,0.822747
5590,5590009,39401,1.984028
5591,5591010,39625,1.995308
5592,5592011,16420,0.826825
5593,5593011,53805,2.709338
5594,5594014,16339,0.822747
5595,5595015,39737,2.000948
5596,5596010,39673,1.997725
5597,5597011,16468,0.829242
5598,5598012,53853,2.711756
5599,5599013,16388,0.825214
5600,5600015,39753,2.001753
5601,5601008,39657,1.996919
5602,5602011,16452,0.828437
5603,5603013,53885,2.713367
5604,5604014,16420,0.826825
5605,5605008,39433,1.985640
5606,5606010,39705,1.999336
5607,5607011,16404,0.826020
5608,5608012,53853,2.711756
5609,5609014,16323,0.821941
5610,5610010,39497,1.988862
5611,5611012,39529,1.990474
5612,5612013,16532,0.832465
5613,5613015,53853,2.711756
5614,5614008,16516,0.831659
5615,5615010,39481,1.988057
5616,5616012,39625,1.995308
5617,5617013,16516,0.831659
5618,5618008,53837,2.710950
5619,5619010,16452,0.828437
5620,5620011,39577,1.992891
5621,5621012,39465,1.987251
5622,5622014,16500,0.830854
5623,5623016,53901,2.714173
5624,5624009,16484,0.830048
5625,5625010,39513,1.989668
5626,5626012,39593,1.993696
5627,5627014,16484,0.830048
5628,5628009,53837,2.710950
5629,5629010,16484,0.830048
5630,5630012,39545,1.991279
5631,5631013,39529,1.990474
5632,5632014,16468,0.829242
5633,5633010,53933,2.715784
5634,5634013,16388,0.825214
5635,5635015,39705,1.999336
5636,5636009,39689,1.998530
5637,5637010,16436,0.827631
5638,5638011,53821,2.710144
5639,5639013,16420,0.826825
5640,5640014,39721,2.000142
5641,5641008,39705,1.999336
5642,5642012,16484,0.830048
5643,5643016,53773,2.707727
5644,5644010,16532,0.832465
5645,5645010,39497,1.988862
5646,5646012,39561,1.992085
5647,5647013,16484,0.830048
5648,5648015,53853,2.711756
5649,5649010,16484,0.830048
5650,5650013,39673,1.997725
5651,5651015,39449,1.986445
5652,5652009,16420,0.826825
5653,5653009,53837,2.710950
5654,5654010,16436,0.827631
5655,5655012,39593,1.993696
5656,5656014,39481,1.988057
5657,5657009,16388,0.825214
5658,5658011,53789,2.708533
5659,5659012,16436,0.827631
5660,5660013,39705,1.999336
5661,5661015,39417,1.984834
5662,5662009,16468,0.829242
5663,5663011,53853,2.711756
5664,5664013,16388,0.825214
5665,5665015,39817,2.004976
5666,5666010,39593,1.993696
5667,5667012,16436,0.827631
5668,5668014,53853,2.711756
5669,5669015,16355,0.823552
5670,5670008,39497,1.988862
5671,5671010,39641,1.996113
5672,5672011,16420,0.826825
5673,5673015,53917,2.714978
5674,5674012,16436,0.827631
5675,5675013,39689,1.998530
5676,5676015,39369,1.982417
5677,5677009,16388,0.825214
5678,5678010,53901,2.714173
5679,5679012,16404,0.826020
5680,5680014,39705,1.999336
5681,5681010,39673,1.997725
5682,5682012,16468,0.829242
5683,5683013,53805,2.709338
5684,5684015,16323,0.821941
5685,5685015,39753,2.001753
5686,5686009,39689,1.998530
5687,5687010,16468,0.829242
5688,5688012,53821,2.710144
5689,5689009,16484,0.830048
5690,5690012,39625,1.995308
5691,5691013,39449,1.986445
5692,5692014,16516,0.831659
5693,5693009,53837,2.710950
5694,5694010,16452,0.828437
5695,5695011,39545,1.991279
5696,5696012,39561,1.992085
5697,5697015,16612,0.836493
5698,5698014,53901,2.714173
5699,5699015,16323,0.821941
5700,5700010,39481,1.988057
5701,5701011,39689,1.998530
5702,5702013,16420,0.826825
5703,5703013,53853,2.711756
5704,5704015,16420,0.826825
5705,5705011,39545,1.991279
5706,5706012,39545,1.991279
5707,5707014,16516,0.831659
5708,5708015,53853,2.711756
5709,5709009,16532,0.832465
5710,5710011,39481,1.988057
5711,5711012,39609,1.994502
5712,5712013,16484,0.830048
5713,5713010,53901,2.714173
5714,5714014,16355,0.823552
5715,5715008,39385,1.983223
5716,5716009,39673,1.997725
5717,5717011,16452,0.828437
5718,5718012,53821,2.710144
5719,5719014,16339,0.822747
5720,5720008,39433,1.985640
5721,5721013,39481,1.988057
5722,5722014,16452,0.828437
5723,5723009,53821,2.710144
5724,5724010,16500,0.830854
5725,5725011,39593,1.993696
5726,5726013,39529,1.990474
5727,5727014,16468,0.829242
5728,5728016,53693,2.703699
5729,5729013,16371,0.824358
5730,5730015,39689,1.998530
5731,5731009,39689,1.998530
5732,5732010,16404,0.826020
5733,5733012,53821,2.710144
5734,5734014,16388,0.825214
5735,5735015,39785,2.003364
5736,5736009,39689,1.998530
5737,5737016,16596,0.835688
5738,5738014,53885,2.713367
5739,5739009,16484,0.830048
5740,5740011,39529,1.990474
5741,5741013,39481,1.988057
5742,5742014,16516,0.831659
5743,5743015,53821,2.710144
5744,5744010,16500,0.830854
5745,5745015,39753,2.001753
5746,5746010,39609,1.994502
5747,5747011,16420,0.826825
5748,5748013,53805,2.709338
5749,5749015,16339,0.822747
5750,5750009,39481,1.988057
5751,5751011,39529,1.990474
5752,5752013,16500,0.830854
5753,5753012,53837,2.710950
5754,5754009,16500,0.830854
5755,5755010,39465,1.987251
5756,5756011,39609,1.994502
5757,5757013,16484,0.830048
5758,5758014,53773,2.707727
5759,5759009,16484,0.830048
5760,5760010,39497,1.988862
5761,5761015,39369,1.982417
5762,5762012,16468,0.829242
5763,5763013,53837,2.710950
5764,5764015,16339,0.822747
5765,5765009,39465,1.987251
5766,5766011,39545,1.991279
5767,5767013,16484,0.830048
5768,5768015,53837,2.710950
5769,5769014,16355,0.823552
5770,5770010,39529,1.990474
5771,5771012,39497,1.988862
5772,5772013,16468,0.829242
5773,5773014,53853,2.711756
5774,5774015,16339,0.822747
5775,5775009,39401,1.984028
5776,5776010,39641,1.996113
5777,5777010,16323,0.821941
5778,5778013,53885,2.713367
5779,5779014,16307,0.821135
5780,5780008,39401,1.984028
5781,5781009,39641,1.996113
5782,5782011,16388,0.825214
5783,5783012,53821,2.710144
5784,5784015,16339,0.822747
5785,5785014,39689,1.998530
5786,5786010,39689,1.998530
5787,5787011,16371,0.824358
5788,5788013,53805,2.709338
5789,5789014,16388,0.825214
5790,5790015,39689,1.998530
5791,5791009,39705,1.999336
5792,5792010,16388,0.825214
5793,5793009,53869,2.712561
5794,5794013,16388,0.825214
5795,5795014,39689,1.998530
5796,5796015,39401,1.984028
5797,5797010,16404,0.826020
5798,5798011,53789,2.708533
5799,5799012,16436,0.827631
5800,5800014,39689,1.998530
5801,5801013,39465,1.987251
5802,5802015,16532,0.832465
5803,5803008,53885,2.713367
5804,5804010,16516,0.831659
5805,5805011,39545,1.991279
5806,5806012,39545,1.991279
5807,5807014,16548,0.833271
5808,5808009,53725,2.705310
5809,5809009,16500,0.830854
5810,5810012,39673,1.997725
5811,5811014,39497,1.988862
5812,5812015,16532,0.832465
5813,5813009,53901,2.714173
5814,5814011,16484,0.830048
5815,5815012,39577,1.992891
5816,5816014,39417,1.984834
5817,5817014,16564,0.834076
5818,5818011,53773,2.707727
5819,5819012,16307,0.821135
5820,5820013,39641,1.996113
5821,5821014,39433,1.985640
5822,5822008,16355,0.823552
5823,5823009,53869,2.712561
5824,5824011,16452,0.828437
5825,5825012,39641,1.996113
5826,5826009,39657,1.996919
5827,5827011,16436,0.827631
5828,5828012,53869,2.712561
5829,5829015,16388,0.825214
5830,5830009,39385,1.983223
5831,5831010,39609,1.994502
5832,5832012,16452,0.828437
5833,5833012,53805,2.709338
5834,5834015,16323,0.821941
5835,5835015,39593,1.993696
5836,5836009,39705,1.999336
5837,5837011,16420,0.826825
5838,5838012,53837,2.710950
5839,5839014,16323,0.821941
5840,5840008,39417,1.984834
5841,5841011,39561,1.992085
5842,5842015,16468,0.829242
5843,5843008,53837,2.710950
5844,5844009,16484,0.830048
5845,5845010,39481,1.988057
5846,5846012,39625,1.995308
5847,5847013,16468,0.829242
5848,5848015,53869,2.712561
5849,5849009,16548,0.833271
5850,5850013,39641,1.996113
5851,5851009,39673,1.997725
5852,5852011,16420,0.826825
5853,5853012,53757,2.706921
5854,5854014,16388,0.825214
5855,5855014,39625,1.995308
5856,5856016,39385,1.983223
5857,5857009,16404,0.826020
5858,5858012,53821,2.710144
5859,5859013,16388,0.825214
5860,5860015,39753,2.001753
5861,5861009,39673,1.997725
5862,5862011,16355,0.823552
5863,5863012,53933,2.715784
5864,5864013,16388,0.825214
5865,5865016,39833,2.005782
5866,5866013,39513,1.989668
5867,5867015,16532,0.832465
5868,5868008,53853,2.711756
5869,5869009,16516,0.831659
5870,5870011,39497,1.988862
5871,5871013,39529,1.990474
5872,5872015,16548,0.833271
5873,5873010,53869,2.712561
5874,5874012,16420,0.826825
5875,5875013,39641,1.996113
5876,5876015,39417,1.984834
5877,5877009,16355,0.823552
5878,5878010,53741,2.706116
5879,5879011,16404,0.826020
5880,5880013,39657,1.996919
5881,5881014,39433,1.985640
5882,5882009,16339,0.822747
5883,5883010,53869,2.712561
5884,5884011,16468,0.829242
5885,5885013,39625,1.995308
5886,5886015,39433,1.985640
5887,5887009,16355,0.823552
5888,5888011,53837,2.710950
5889,5889013,16323,0.821941
5890,5890009,39417,1.984834
5891,5891011,39609,1.994502
5892,5892012,16436,0.827631
5893,5893013,53837,2.710950
5894,5894015,16355,0.823552
5895,5895009,39417,1.984834
5896,5896010,39625,1.995308
5897,5897014,16516,0.831659
5898,5898014,53821,2.710144
5899,5899015,16323,0.821941
5900,5900009,39433,1.985640
5901,5901010,39561,1.992085
5902,5902012,16452,0.828437
5903,5903014,53821,2.710144
5904,5904008,16548,0.833271
5905,5905011,39609,1.994502
5906,5906014,39401,1.984028
5907,5907009,16355,0.823552
5908,5908010,53869,2.712561
5909,5909012,16484,0.830048
5910,5910012,39465,1.987251
5911,5911014,39449,1.986445
5912,5912015,16580,0.834882
5913,5913012,53949,2.716590
5914,5914015,16355,0.823552
5915,5915009,39417,1.984834
5916,5916009,39673,1.997725
5917,5917011,16436,0.827631
5918,5918013,53853,2.711756
5919,5919014,16468,0.829242
5920,5920008,39401,1.984028
5921,5921011,39593,1.993696
5922,5922013,16532,0.832465
5923,5923014,53805,2.709338
5924,5924015,16323,0.821941
5925,5925010,39465,1.987251
5926,5926011,39577,1.992891
5927,5927012,16420,0.826825
5928,5928013,53837,2.710950
5929,5929009,16532,0.832465
5930,5930012,39561,1.992085
5931,5931014,39417,1.984834
5932,5932015,16548,0.833271
5933,5933009,53869,2.712561
5934,5934011,16548,0.833271
5935,5935013,39657,1.996919
5936,5936015,39369,1.982417
5937,5937013,16484,0.830048
5938,5938010,53837,2.710950
5939,5939013,16388,0.825214
5940,5940014,39753,2.001753
5941,5941009,39705,1.999336
5942,5942010,16420,0.826825
5943,5943012,53917,2.714978
5944,5944013,16404,0.826020
5945,5945010,39449,1.986445
5946,5946013,39513,1.989668
5947,5947015,16484,0.830048
5948,5948008,53853,2.711756
5949,5949009,16516,0.831659
5950,5950011,39545,1.991279
5951,5951013,39497,1.988862
5952,5952014,16548,0.833271
5953,5953010,53837,2.710950
5954,5954013,16420,0.826825
5955,5955015,39689,1.998530
5956,5956010,39753,2.001753
5957,5957012,16436,0.827631
5958,5958014,53805,2.709338
5959,5959015,16355,0.823552
5960,5960009,39417,1.984834
5961,5961013,39545,1.991279
5962,5962015,16532,0.832465
5963,5963010,53789,2.708533
5964,5964011,16468,0.829242
5965,5965012,39577,1.992891
5966,5966014,39465,1.987251
5967,5967015,16548,0.833271
5968,5968009,53693,2.703699
5969,5969015,16371,0.824358
5970,5970011,39497,1.988862
5971,5971013,39513,1.989668
5972,5972015,16580,0.834882
5973,5973009,53805,2.709338
5974,5974010,16516,0.831659
5975,5975011,39481,1.988057
5976,5976012,39513,1.989668
5977,5977011,16452,0.828437
5978,5978014,53805,2.709338
5979,5979016,16291,0.820330
5980,5980009,39449,1.986445
5981,5981012,39593,1.993696
5982,5982013,16500,0.830854
5983,5983014,53837,2.710950
5984,5984015,16339,0.822747
5985,5985014,39689,1.998530
5986,5986009,39705,1.999336
5987,5987010,16355,0.823552
5988,5988012,53821,2.710144
5989,5989014,16404,0.826020
5990,5990008,39353,1.981611
5991,5991010,39641,1.996113
5992,5992011,16452,0.828437
5993,5993009,53885,2.713367
5994,5994012,16436,0.827631
5995,5995014,39737,2.000948
5996,5996009,39673,1.997725
5997,5997010,16355,0.823552
5998,5998012,53805,2.709338
5999,5999013,16388,0.825214
6000,6000015,39753,2.001753
6001,6001015,39401,1.984028
6002,6002009,16371,0.824358
6003,6003011,53709,2.704504
6004,6004013,16436,0.827631
6005,6005015,39817,2.004976
6006,6006008,39721,2.000142
6007,6007010,16355,0.823552
6008,6008012,53885,2.713367
6009,6009011,16452,0.828437
6010,6010016,39785,2.003364
6011,6011010,39625,1.995308
6012,6012011,16436,0.827631
6013,6013013,53837,2.710950
6014,6014014,16355,0.823552
6015,6015015,39689,1.998530
6016,6016009,39785,2.003364
6017,6017015,16548,0.833271
6018,6018012,53901,2.714173
6019,6019014,16404,0.826020
6020,6020015,39721,2.000142
6021,6021009,39689,1.998530
6022,6022010,16404,0.826020
6023,6023012,53789,2.708533
6024,6024013,16388,0.825214
6025,6025013,39641,1.996113
6026,6026015,39417,1.984834
6027,6027009,16339,0.822747
6028,6028009,53837,2.710950
6029,6029011,16532,0.832465
6030,6030012,39609,1.994502
6031,6031014,39417,1.984834
6032,6032015,16532,0.832465
6033,6033013,53821,2.710144
6034,6034008,16548,0.833271
6035,6035009,39449,1.986445
6036,6036011,39593,1.993696
6037,6037012,16516,0.831659
6038,6038014,53837,2.710950
6039,6039015,16339,0.822747
6040,6040009,39449,1.986445
6041,6041009,39657,1.996919
6042,6042012,16436,0.827631
6043,6043014,53821,2.710144
6044,6044016,16323,0.821941
6045,6045010,39465,1.987251
6046,6046011,39609,1.994502
6047,6047012,16404,0.826020
6048,6048013,53853,2.711756
6049,6049015,16371,0.824358
6050,6050010,39433,1.985640
6051,6051011,39657,1.996919
6052,6052013,16484,0.830048
6053,6053014,53853,2.711756
6054,6054015,16307,0.821135
6055,6055009,39401,1.984028
6056,6056011,39625,1.995308
6057,6057011,16420,0.826825
6058,6058014,53853,2.711756
6059,6059009,16484,0.830048
6060,6060010,39497,1.988862
6061,6061012,39529,1.990474
6062,6062013,16516,0.831659
6063,6063014,53805,2.709338
6064,6064015,16388,0.825214
6065,6065008,39417,1.984834
6066,6066011,39609,1.994502
6067,6067012,16404,0.826020
6068,6068014,53869,2.712561
6069,6069008,16548,0.833271
6070,6070010,39513,1.989668
6071,6071012,39577,1.992891
6072,6072012,16452,0.828437
6073,6073014,53869,2.712561
6074,6074014,16371,0.824358
6075,6075009,39385,1.983223
6076,6076010,39705,1.999336
6077,6077011,16436,0.827631
6078,6078012,53901,2.714173
6079,6079014,16388,0.825214
6080,6080015,39721,2.000142
6081,6081009,39737,2.000948
6082,6082011,16404,0.826020
6083,6083012,53789,2.708533
6084,6084013,16420,0.826825
6085,6085015,39737,2.000948
6086,6086010,39641,1.996113
6087,6087011,16452,0.828437
6088,6088013,53837,2.710950
6089,6089016,16371,0.824358
6090,6090010,39465,1.987251
6091,6091011,39625,1.995308
6092,6092013,16452,0.828437
6093,6093015,53837,2.710950
6094,6094009,16548,0.833271
6095,6095011,39465,1.987251
6096,6096012,39561,1.992085
6097,6097015,16564,0.834076
6098,6098009,53773,2.707727
6099,6099011,16484,0.830048
6100,6100012,39577,1.992891
6101,6101013,39545,1.991279
6102,6102015,16532,0.832465
6103,6103009,53853,2.711756
6104,6104010,16484,0.830048
6105,6105012,39513,1.989668
6106,6106013,39529,1.990474
6107,6107014,16484,0.830048
6108,6108008,53869,2.712561
6109,6109009,16532,0.832465
6110,6110011,39497,1.988862
6111,6111012,39529,1.990474
6112,6112014,16516,0.831659
6113,6113016,53805,2.709338
6114,6114011,16468,0.829242
6115,6115013,39577,1.992891
6116,6116014,39497,1.988862
6117,6117016,16548,0.833271
6118,6118009,53853,2.711756
6119,6119011,16500,0.830854
6120,6120011,39561,1.992085
6121,6121014,39449,1.986445
6122,6122009,16371,0.824358
6123,6123011,53885,2.713367
6124,6124012,16468,0.829242
6125,6125014,39657,1.996919
6126,6126015,39433,1.985640
6127,6127009,16420,0.826825
6128,6128011,53789,2.708533
6129,6129014,16404,0.826020
6130,6130009,39449,1.986445
6131,6131011,39641,1.996113
6132,6132012,16468,0.829242
6133,6133014,53789,2.708533
6134,6134015,16323,0.821941
6135,6135009,39401,1.984028
6136,6136010,39705,1.999336
6137,6137015,16564,0.834076
6138,6138010,53629,2.700476
6139,6139011,16452,0.828437
6140,6140012,39545,1.991279
6141,6141014,39513,1.989668
6142,6142015,16484,0.830048
6143,6143009,53805,2.709338
6144,6144011,16468,0.829242
6145,6145009,39417,1.984834
6146,6146011,39593,1.993696
6147,6147013,16452,0.828437
6148,6148013,53885,2.713367
6149,6149014,16355,0.823552
6150,6150009,39369,1.982417
6151,6151010,39657,1.996919
6152,6152011,16420,0.826825
6153,6153015,53821,2.710144
6154,6154011,16452,0.828437
6155,6155013,39657,1.996919
6156,6156015,39465,1.987251
6157,6157009,16339,0.822747
6158,6158011,53821,2.710144
6159,6159012,16339,0.822747
6160,6160014,39689,1.998530
6161,6161010,39721,2.000142
6162,6162013,16468,0.829242
6163,6163014,53933,2.715784
6164,6164015,16355,0.823552
6165,6165009,39465,1.987251
6166,6166011,39593,1.993696
6167,6167012,16371,0.824358
6168,6168014,53853,2.711756
6169,6169011,16452,0.828437
6170,6170009,39369,1.982417
6171,6171010,39689,1.998530
6172,6172012,16436,0.827631
6173,6173014,53901,2.714173
6174,6174015,16355,0.823552
6175,6175009,39417,1.984834
6176,6176010,39657,1.996919
6177,6177015,16484,0.830048
6178,6178009,53773,2.707727
6179,6179010,16484,0.830048
6180,6180011,39513,1.989668
6181,6181013,39577,1.992891
6182,6182014,16452,0.828437
6183,6183008,53789,2.708533
6184,6184010,16516,0.831659
6185,6185015,39753,2.001753
6186,6186012,39529,1.990474
6187,6187013,16468,0.829242
6188,6188015,53805,2.709338
6189,6189009,16532,0.832465
6190,6190011,39497,1.988862
6191,6191012,39577,1.992891
6192,6192015,16516,0.831659
6193,6193013,53853,2.711756
6194,6194015,16436,0.827631
6195,6195009,39353,1.981611
6196,6196010,39689,1.998530
6197,6197011,16404,0.826020
6198,6198012,53853,2.711756
6199,6199013,16388,0.825214
6200,6200015,39753,2.001753
6201,6201012,39641,1.996113
6202,6202014,16452,0.828437
6203,6203015,53853,2.711756
6204,6204009,16436,0.827631
6205,6205011,39465,1.987251
6206,6206013,39513,1.989668
6207,6207015,16532,0.832465
6208,6208009,53853,2.711756
6209,6209016,16307,0.821135
6210,6210011,39481,1.988057
6211,6211013,39561,1.992085
6212,6212014,16548,0.833271
6213,6213009,53885,2.713367
6214,6214012,16452,0.828437
6215,6215013,39593,1.993696
6216,6216014,39449,1.986445
6217,6217014,16548,0.833271
6218,6218009,53869,2.712561
6219,6219010,16452,0.828437
6220,6220011,39577,1.992891
6221,6221012,39545,1.991279
6222,6222013,16452,0.828437
6223,6223015,53837,2.710950
6224,6224009,16612,0.836493
6225,6225008,39385,1.983223
6226,6226011,39545,1.991279
6227,6227014,16484,0.830048
6228,6228015,53917,2.714978
6229,6229009,16564,0.834076
6230,6230010,39433,1.985640
6231,6231011,39577,1.992891
6232,6232013,16468,0.829242
6233,6233013,53805,2.709338
6234,6234015,16388,0.825214
6235,6235010,39449,1.986445
6236,6236012,39609,1.994502
6237,6237012,16404,0.826020
6238,6238014,53869,2.712561
6239,6239009,16516,0.831659
6240,6240010,39417,1.984834
6241,6241016,39385,1.983223
6242,6242010,16436,0.827631
6243,6243011,53821,2.710144
6244,6244013,16420,0.826825
6245,6245014,39705,1.999336
6246,6246015,39385,1.983223
6247,6247010,16371,0.824358
6248,6248011,53853,2.711756
6249,6249011,16468,0.829242
6250,6250014,39593,1.993696
6251,6251015,39449,1.986445
6252,6252009,16355,0.823552
6253,6253010,53933,2.715784
6254,6254012,16452,0.828437
6255,6255013,39577,1.992891
6256,6256014,39561,1.992085
6257,6257013,16468,0.829242
6258,6258008,53805,2.709338
6259,6259009,16516,0.831659
6260,6260010,39577,1.992891
6261,6261012,39561,1.992085
6262,6262013,16468,0.829242
6263,6263014,53869,2.712561
6264,6264015,16339,0.822747
6265,6265015,39689,1.998530
6266,6266009,39753,2.001753
6267,6267010,16355,0.823552
6268,6268011,53837,2.710950
6269,6269012,16452,0.828437
6270,6270013,39609,1.994502
6271,6271015,39401,1.984028
6272,6272009,16371,0.824358
6273,6273010,53917,2.714978
6274,6274013,16404,0.826020
6275,6275015,39673,1.997725
6276,6276008,39817,2.004976
6277,6277009,16339,0.822747
6278,6278011,53821,2.710144
6279,6279012,16436,0.827631
6280,6280013,39657,1.996919
6281,6281015,39369,1.982417
6282,6282009,16371,0.824358
6283,6283010,53821,2.710144
6284,6284011,16516,0.831659
6285,6285012,39513,1.989668
6286,6286014,39449,1.986445
6287,6287015,16532,0.832465
6288,6288009,53869,2.712561
6289,6289009,16548,0.833271
6290,6290012,39641,1.996113
6291,6291014,39513,1.989668
6292,6292015,16580,0.834882
6293,6293009,53837,2.710950
6294,6294011,16484,0.830048
6295,6295012,39577,1.992891
6296,6296014,39513,1.989668
6297,6297015,16532,0.832465
6298,6298011,53837,2.710950
6299,6299012,16452,0.828437
6300,6300013,39593,1.993696
6301,6301015,39513,1.989668
6302,6302008,16275,0.819524
6303,6303009,53805,2.709338
6304,6304011,16404,0.826020
6305,6305013,39737,2.000948
6306,6306010,39673,1.997725
6307,6307011,16404,0.826020
6308,6308013,53821,2.710144
6309,6309015,16355,0.823552
6310,6310009,39369,1.982417
6311,6311010,39673,1.997725
6312,6312012,16436,0.827631
6313,6313014,53853,2.711756
6314,6314011,16484,0.830048
6315,6315012,39513,1.989668
6316,6316013,39609,1.994502
6317,6317015,16516,0.831659
6318,6318009,53837,2.710950
6319,6319010,16516,0.831659
6320,6320012,39561,1.992085
6321,6321014,39497,1.988862
6322,6322009,16307,0.821135
6323,6323010,53853,2.711756
6324,6324011,16596,0.835688
6325,6325012,39577,1.992891
6326,6326014,39529,1.990474
6327,6327009,16307,0.821135
6328,6328010,53805,2.709338
6329,6329013,16436,0.827631
6330,6330016,39737,2.000948
6331,6331009,39753,2.001753
6332,6332011,16371,0.824358
6333,6333012,53837,2.710950
6334,6334014,16404,0.826020
6335,6335016,39753,2.001753
6336,6336009,39801,2.004170
6337,6337012,16420,0.826825
6338,6338015,53837,2.710950
6339,6339008,16548,0.833271
6340,6340010,39497,1.988862
6341,6341012,39641,1.996113
6342,6342014,16452,0.828437
6343,6343008,53821,2.710144
6344,6344009,16548,0.833271
6345,6345012,39577,1.992891
6346,6346014,39497,1.988862
6347,6347015,16500,0.830854
6348,6348009,53853,2.711756
6349,6349010,16516,0.831659
6350,6350012,39513,1.989668
6351,6351012,39609,1.994502
6352,6352013,16484,0.830048
6353,6353009,53821,2.710144
6354,6354012,16452,0.828437
6355,6355014,39577,1.992891
6356,6356015,39401,1.984028
6357,6357009,16355,0.823552
6358,6358011,53853,2.711756
6359,6359013,16436,0.827631
6360,6360015,39721,2.000142
6361,6361011,39561,1.992085
6362,6362015,16484,0.830048
6363,6363009,53869,2.712561
6364,6364011,16516,0.831659
6365,6365011,39497,1.988862
6366,6366013,39481,1.988057
6367,6367015,16484,0.830048
6368,6368009,53853,2.711756
6369,6369013,16420,0.826825
6370,6370014,39641,1.996113
6371,6371008,39785,2.003364
6372,6372010,16339,0.822747
6373,6373011,53821,2.710144
6374,6374013,16404,0.826020
6375,6375015,39673,1.997725
6376,6376009,39737,2.000948
6377,6377012,16468,0.829242
6378,6378015,53837,2.710950
6379,6379010,16516,0.831659
6380,6380011,39481,1.988057
6381,6381012,39593,1.993696
6382,6382014,16468,0.829242
6383,6383015,53837,2.710950
6384,6384009,16580,0.834882
6385,6385013,39625,1.995308
6386,6386015,39433,1.985640
6387,6387010,16355,0.823552
6388,6388011,53853,2.711756
6389,6389012,16468,0.829242
6390,6390013,39593,1.993696
6391,6391015,39417,1.984834
6392,6392008,16339,0.822747
6393,6393012,53821,2.710144
6394,6394014,16404,0.826020
6395,6395015,39673,1.997725
6396,6396009,39753,2.001753
6397,6397011,16388,0.825214
6398,6398012,53917,2.714978
6399,6399014,16355,0.823552
6400,6400015,39737,2.000948
6401,6401012,39609,1.994502
6402,6402009,16339,0.822747
6403,6403012,53853,2.711756
6404,6404013,16436,0.827631
6405,6405014,39673,1.997725
6406,6406008,39833,2.005782
6407,6407010,16355,0.823552
6408,6408012,53853,2.711756
6409,6409009,16564,0.834076
6410,6410011,39449,1.986445
6411,6411013,39561,1.992085
6412,6412013,16484,0.830048
6413,6413016,53885,2.713367
6414,6414010,16452,0.828437
6415,6415010,39433,1.985640
6416,6416012,39625,1.995308
6417,6417009,16355,0.823552
6418,6418012,53773,2.707727
6419,6419014,16404,0.826020
6420,6420008,39337,1.980806
6421,6421009,39817,2.004976
6422,6422011,16339,0.822747
6423,6423012,53821,2.710144
6424,6424013,16436,0.827631
6425,6425012,39497,1.988862
6426,6426014,39561,1.992085
6427,6427009,16291,0.820330
6428,6428010,53821,2.710144
6429,6429012,16452,0.828437
6430,6430014,39577,1.992891
6431,6431008,39769,2.002559
6432,6432009,16307,0.821135
6433,6433016,53821,2.710144
6434,6434010,16532,0.832465
6435,6435012,39545,1.991279
6436,6436013,39497,1.988862
6437,6437016,16532,0.832465
6438,6438010,53821,2.710144
6439,6439011,16500,0.830854
6440,6440012,39497,1.988862
6441,6441010,39737,2.000948
6442,6442012,16404,0.826020
6443,6443013,53885,2.713367
6444,6444015,16388,0.825214
6445,6445009,39369,1.982417
6446,6446010,39689,1.998530
6447,6447012,16388,0.825214
6448,6448014,53869,2.712561
6449,6449013,16404,0.826020
6450,6450015,39721,2.000142
6451,6451010,39689,1.998530
6452,6452011,16404,0.826020
6453,6453013,53805,2.709338
6454,6454014,16420,0.826825
6455,6455015,39673,1.997725
6456,6456010,39753,2.001753
6457,6457010,16339,0.822747
6458,6458011,53837,2.710950
6459,6459013,16468,0.829242
6460,6460013,39593,1.993696
6461,6461015,39417,1.984834
6462,6462010,16307,0.821135
6463,6463011,53805,2.709338
6464,6464012,16468,0.829242
6465,6465012,39609,1.994502
6466,6466009,39769,2.002559
6467,6467010,16371,0.824358
6468,6468011,53869,2.712561
6469,6469012,16500,0.830854
6470,6470015,39641,1.996113
6471,6471009,39753,2.001753
6472,6472010,16355,0.823552
6473,6473009,53837,2.710950
6474,6474011,16500,0.830854
6475,6475013,39561,1.992085
6476,6476014,39561,1.992085
6477,6477008,16323,0.821941
6478,6478010,53837,2.710950
6479,6479011,16500,0.830854
6480,6480012,39529,1.990474
6481,6481012,39593,1.993696
6482,6482013,16452,0.828437
6483,6483015,53853,2.711756
6484,6484009,16596,0.835688
6485,6485010,39433,1.985640
6486,6486011,39657,1.996919
6487,6487012,16339,0.822747
6488,6488014,53853,2.711756
6489,6489008,16596,0.835688
6490,6490011,39561,1.992085
6491,6491013,39545,1.991279
6492,6492014,16500,0.830854
6493,6493009,53789,2.708533
6494,6494010,16564,0.834076
6495,6495012,39529,1.990474
6496,6496013,39561,1.992085
6497,6497015,16500,0.830854
6498,6498010,53853,2.711756
6499,6499011,16404,0.826020
6500,6500012,39561,1.992085
6501,6501013,39577,1.992891
6502,6502014,16484,0.830048
6503,6503015,53853,2.711756
6504,6504009,16564,0.834076
6505,6505010,39465,1.987251
6506,6506014,39497,1.988862
6507,6507016,16532,0.832465
6508,6508010,53885,2.713367
6509,6509011,16484,0.830048
6510,6510013,39593,1.993696
6511,6511015,39513,1.989668
6512,6512008,16291,0.820330
6513,6513009,53869,2.712561
6514,6514012,16436,0.827631
6515,6515015,39673,1.997725
6516,6516009,39785,2.003364
6517,6517010,16420,0.826825
6518,6518011,53869,2.712561
6519,6519013,16468,0.829242
6520,6520014,39609,1.994502
6521,6521015,39593,1.993696
6522,6522009,16307,0.821135
6523,6523011,53965,2.717395
6524,6524012,16468,0.829242
6525,6525014,39593,1.993696
6526,6526015,39497,1.988862
6527,6527009,16307,0.821135
6528,6528011,53821,2.710144
6529,6529013,16436,0.827631
6530,6530010,39465,1.987251
6531,6531012,39577,1.992891
6532,6532013,16452,0.828437
6533,6533015,53885,2.713367
6534,6534008,16612,0.836493
6535,6535010,39369,1.982417
6536,6536012,39609,1.994502
6537,6537013,16484,0.830048
6538,6538016,53869,2.712561
6539,6539009,16564,0.834076
6540,6540011,39465,1.987251
6541,6541012,39721,2.000142
6542,6542014,16516,0.831659
6543,6543015,53853,2.711756
6544,6544009,16628,0.837299
6545,6545011,39481,1.988057
6546,6546015,39465,1.987251
6547,6547009,16275,0.819524
6548,6548010,53773,2.707727
6549,6549012,16516,0.831659
6550,6550014,39593,1.993696
6551,6551015,39449,1.986445
6552,6552009,16227,0.817107
6553,6553010,53837,2.710950
6554,6554013,16355,0.823552
6555,6555015,39689,1.998530
6556,6556009,39753,2.001753
6557,6557011,16355,0.823552
6558,6558012,53853,2.711756
6559,6559013,16436,0.827631
6560,6560014,39641,1.996113
6561,6561009,39753,2.001753
6562,6562012,16436,0.827631
6563,6563013,53869,2.712561
6564,6564014,16404,0.826020
6565,6565008,39385,1.983223
6566,6566011,39673,1.997725
6567,6567013,16500,0.830854
6568,6568014,53869,2.712561
6569,6569009,16596,0.835688
6570,6570011,39465,1.987251
6571,6571012,39609,1.994502
6572,6572013,16468,0.829242
6573,6573014,53821,2.710144
6574,6574015,16420,0.826825
6575,6575009,39273,1.977583
6576,6576010,39721,2.000142
6577,6577013,16468,0.829242
6578,6578008,53805,2.709338
6579,6579010,16548,0.833271
6580,6580011,39497,1.988862
6581,6581013,39593,1.993696
6582,6582014,16452,0.828437
6583,6583015,53821,2.710144
6584,6584009,16580,0.834882
6585,6585012,39513,1.989668
6586,6586015,39481,1.988057
6587,6587009,16355,0.823552
6588,6588010,53837,2.710950
6589,6589012,16468,0.829242
6590,6590013,39593,1.993696
6591,6591014,39545,1.991279
6592,6592016,16532,0.832465
6593,6593011,53757,2.706921
6594,6594016,16339,0.822747
6595,6595010,39449,1.986445
6596,6596012,39577,1.992891
6597,6597014,16484,0.830048
6598,6598009,53805,2.709338
6599,6599009,16516,0.831659
6600,6600010,39449,1.986445
6601,6601014,39513,1.989668
6602,6602010,16355,0.823552
6603,6603012,53869,2.712561
6604,6604013,16404,0.826020
6605,6605014,39641,1.996113
6606,6606015,39449,1.986445
6607,6607009,16339,0.822747
6608,6608011,53837,2.710950
6609,6609016,16323,0.821941
6610,6610012,39497,1.988862
6611,6611013,39529,1.990474
6612,6612015,16452,0.828437
6613,6613009,53805,2.709338
6614,6614010,16532,0.832465
6615,6615011,39417,1.984834
6616,6616012,39689,1.998530
6617,6617016,16548,0.833271
6618,6618009,53773,2.707727
6619,6619010,16612,0.836493
6620,6620012,39529,1.990474
6621,6621013,39625,1.995308
6622,6622014,16452,0.828437
6623,6623009,53885,2.713367
6624,6624010,16532,0.832465
6625,6625014,39737,2.000948
6626,6626010,39689,1.998530
6627,6627011,16404,0.826020
6628,6628012,53853,2.711756
6629,6629013,16420,0.826825
6630,6630015,39641,1.996113
6631,6631016,39465,1.987251
6632,6632010,16371,0.824358
6633,6633015,53821,2.710144
6634,6634012,16436,0.827631
6635,6635014,39593,1.993696
6636,6636008,39833,2.005782
6637,6637010,16323,0.821941
6638,6638010,53805,2.709338
6639,6639012,16500,0.830854
6640,6640013,39577,1.992891
6641,6641012,39593,1.993696
6642,6642015,16484,0.830048
6643,6643009,53837,2.710950
6644,6644010,16564,0.834076
6645,6645011,39513,1.989668
6646,6646012,39561,1.992085
6647,6647015,16500,0.830854
6648,6648009,53837,2.710950
6649,6649014,16388,0.825214
6650,6650012,39465,1.987251
6651,6651015,39481,1.988057
6652,6652009,16355,0.823552
6653,6653011,53853,2.711756
6654,6654012,16452,0.828437
6655,6655013,39593,1.993696
6656,6656015,39497,1.988862
6657,6657013,16452,0.828437
6658,6658009,53853,2.711756
6659,6659010,16564,0.834076
6660,6660012,39529,1.990474
6661,6661013,39593,1.993696
6662,6662014,16452,0.828437
6663,6663015,53837,2.710950
6664,6664010,16580,0.834882
6665,6665016,39657,1.996919
6666,6666011,39705,1.999336
6667,6667012,16404,0.826020
6668,6668014,53901,2.714173
6669,6669009,16548,0.833271
6670,6670011,39353,1.981611
6671,6671013,39513,1.989668
6672,6672014,16436,0.827631
6673,6673012,53805,2.709338
6674,6674014,16436,0.827631
6675,6675015,39689,1.998530
6676,6676009,39721,2.000142
6677,6677011,16371,0.824358
6678,6678013,53837,2.710950
6679,6679015,16404,0.826020
6680,6680008,39289,1.978389
6681,6681009,39753,2.001753
6682,6682013,16436,0.827631
6683,6683014,53837,2.710950
6684,6684016,16388,0.825214
6685,6685009,39353,1.981611
6686,6686010,39737,2.000948
6687,6687012,16452,0.828437
6688,6688013,53901,2.714173
6689,6689014,16436,0.827631
6690,6690010,39385,1.983223
6691,6691012,39657,1.996919
6692,6692013,16420,0.826825
6693,6693014,53789,2.708533
6694,6694016,16371,0.824358
6695,6695009,39305,1.979194
6696,6696011,39737,2.000948
6697,6697009,16243,0.817913
6698,6698013,53837,2.710950
6699,6699015,16355,0.823552
6700,6700010,39417,1.984834
6701,6701011,39753,2.001753
6702,6702013,16420,0.826825
6703,6703014,53837,2.710950
6704,6704015,16355,0.823552
6705,6705015,39625,1.995308
6706,6706011,39801,2.004170
6707,6707012,16388,0.825214
6708,6708013,53853,2.711756
6709,6709015,16420,0.826825
6710,6710008,39321,1.980000
6711,6711010,39769,2.002559
6712,6712012,16436,0.827631
6713,6713012,53869,2.712561
6714,6714013,16404,0.826020
6715,6715014,39657,1.996919
6716,6716015,39433,1.985640
6717,6717010,16355,0.823552
6718,6718012,53821,2.710144
6719,6719014,16388,0.825214
6720,6720015,39625,1.995308
6721,6721015,39481,1.988057
6722,6722010,16323,0.821941
6723,6723011,53821,2.710144
6724,6724012,16484,0.830048
6725,6725014,39609,1.994502
6726,6726015,39433,1.985640
6727,6727009,16307,0.821135
6728,6728011,53901,2.714173
6729,6729011,16484,0.830048
6730,6730013,39513,1.989668
6731,6731015,39497,1.988862
6732,6732015,16500,0.830854
6733,6733009,53869,2.712561
6734,6734010,16548,0.833271
6735,6735011,39433,1.985640
6736,6736012,39625,1.995308
6737,6737013,16307,0.821135
6738,6738008,53821,2.710144
6739,6739010,16516,0.831659
6740,6740012,39481,1.988057
6741,6741013,39609,1.994502
6742,6742014,16452,0.828437
6743,6743009,53821,2.710144
6744,6744010,16564,0.834076
6745,6745010,39305,1.979194
6746,6746013,39577,1.992891
6747,6747014,16548,0.833271
6748,6748015,53837,2.710950
6749,6749009,16548,0.833271
6750,6750011,39497,1.988862
6751,6751011,39641,1.996113
6752,6752014,16468,0.829242
6753,6753009,53853,2.711756
6754,6754012,16484,0.830048
6755,6755012,39513,1.989668
6756,6756014,39561,1.992085
6757,6757014,16452,0.828437
6758,6758015,53805,2.709338
6759,6759010,16516,0.831659
6760,6760012,39465,1.987251
6761,6761013,39513,1.989668
6762,6762015,16516,0.831659
6763,6763008,53853,2.711756
6764,6764010,16532,0.832465
6765,6765011,39449,1.986445
6766,6766013,39545,1.991279
6767,6767015,16500,0.830854
6768,6768009,53869,2.712561
6769,6769010,16532,0.832465
6770,6770012,39529,1.990474
6771,6771014,39561,1.992085
6772,6772014,16452,0.828437
6773,6773009,53853,2.711756
6774,6774010,16532,0.832465
6775,6775012,39529,1.990474
6776,6776014,39577,1.992891
6777,6777009,16307,0.821135
6778,6778013,53853,2.711756
6779,6779014,16436,0.827631
6780,6780009,39353,1.981611
6781,6781010,39689,1.998530
6782,6782011,16404,0.826020
6783,6783013,53853,2.711756
6784,6784015,16404,0.826020
6785,6785010,39417,1.984834
6786,6786012,39641,1.996113
6787,6787014,16500,0.830854
6788,6788015,53821,2.710144
6789,6789010,16580,0.834882
6790,6790011,39481,1.988057
6791,6791013,39625,1.995308
6792,6792015,16516,0.831659
6793,6793009,53901,2.714173
6794,6794012,16516,0.831659
6795,6795012,39497,1.988862
6796,6796014,39561,1.992085
6797,6797008,16291,0.820330
6798,6798010,53805,2.709338
6799,6799011,16420,0.826825
6800,6800013,39513,1.989668
6801,6801009,39737,2.000948
6802,6802011,16371,0.824358
6803,6803013,53901,2.714173
6804,6804014,16404,0.826020
6805,6805015,39625,1.995308
6806,6806008,39785,2.003364
6807,6807009,16339,0.822747
6808,6808011,53917,2.714978
6809,6809014,16404,0.826020
6810,6810009,39353,1.981611
6811,6811010,39737,2.000948
6812,6812013,16436,0.827631
6813,6813014,53837,2.710950
6814,6814015,16323,0.821941
6815,6815009,39369,1.982417
6816,6816011,39593,1.993696
6817,6817015,16532,0.832465
6818,6818010,53853,2.711756
6819,6819012,16500,0.830854
6820,6820013,39529,1.990474
6821,6821014,39561,1.992085
6822,6822015,16468,0.829242
6823,6823009,53901,2.714173
6824,6824010,16548,0.833271
6825,6825014,39641,1.996113
6826,6826011,39641,1.996113
6827,6827012,16420,0.826825
6828,6828013,53853,2.711756
6829,6829015,16388,0.825214
6830,6830009,39337,1.980806
6831,6831010,39737,2.000948
6832,6832012,16420,0.826825
6833,6833009,53805,2.709338
6834,6834014,16484,0.830048
6835,6835015,39673,1.997725
6836,6836008,39913,2.009810
6837,6837010,16355,0.823552
6838,6838012,53837,2.710950
6839,6839013,16532,0.832465
6840,6840014,39609,1.994502
6841,6841010,39737,2.000948
6842,6842011,16371,0.824358
6843,6843012,53885,2.713367
6844,6844013,16452,0.828437
6845,6845015,39641,1.996113
6846,6846009,39737,2.000948
6847,6847011,16420,0.826825
6848,6848013,53821,2.710144
6849,6849010,16532,0.832465
6850,6850014,39609,1.994502
6851,6851009,39817,2.004976
6852,6852009,16323,0.821941
6853,6853011,53885,2.713367
6854,6854012,16484,0.830048
6855,6855013,39577,1.992891
6856,6856015,39385,1.983223
6857,6857012,16452,0.828437
6858,6858015,53837,2.710950
6859,6859009,16580,0.834882
6860,6860010,39401,1.984028
6861,6861011,39657,1.996919
6862,6862013,16388,0.825214
6863,6863014,53821,2.710144
6864,6864015,16404,0.826020
6865,6865013,39593,1.993696
6866,6866014,39529,1.990474
6867,6867009,16404,0.826020
6868,6868010,53821,2.710144
6869,6869011,16596,0.835688
6870,6870013,39513,1.989668
6871,6871015,39561,1.992085
6872,6872008,16291,0.820330
6873,6873014,53869,2.712561
6874,6874010,16548,0.833271
6875,6875012,39513,1.989668
6876,6876013,39577,1.992891
6877,6877015,16452,0.828437
6878,6878008,53901,2.714173
6879,6879010,16532,0.832465
6880,6880011,39465,1.987251
6881,6881011,39705,1.999336
6882,6882013,16307,0.821135
6883,6883015,53821,2.710144
6884,6884009,16564,0.834076
6885,6885011,39401,1.984028
6886,6886012,39641,1.996113
6887,6887014,16468,0.829242
6888,6888015,53837,2.710950
6889,6889014,16436,0.827631
6890,6890011,39449,1.986445
6891,6891012,39641,1.996113
6892,6892015,16500,0.830854
6893,6893008,53709,2.704504
6894,6894009,16580,0.834882
6895,6895011,39449,1.986445
6896,6896013,39641,1.996113
6897,6897011,16371,0.824358
6898,6898014,53869,2.712561
6899,6899009,16564,0.834076
6900,6900010,39417,1.984834
6901,6901012,39641,1.996113
6902,6902013,16404,0.826020
6903,6903015,53725,2.705310
6904,6904009,16548,0.833271
6905,6905016,39689,1.998530
6906,6906011,39721,2.000142
6907,6907012,16404,0.826020
6908,6908013,53821,2.710144
6909,6909015,16388,0.825214
6910,6910009,39369,1.982417
6911,6911011,39705,1.999336
6912,6912012,16388,0.825214
6913,6913012,53821,2.710144
6914,6914013,16452,0.828437
6915,6915015,39705,1.999336
6916,6916016,39433,1.985640
6917,6917010,16275,0.819524
6918,6918010,53821,2.710144
6919,6919012,16420,0.826825
6920,6920013,39529,1.990474
6921,6921013,39577,1.992891
6922,6922015,16452,0.828437
6923,6923009,53837,2.710950
6924,6924010,16564,0.834076
6925,6925012,39449,1.986445
6926,6926014,39561,1.992085
6927,6927014,16371,0.824358
6928,6928008,53901,2.714173
6929,6929009,16532,0.832465
6930,6930012,39497,1.988862
6931,6931014,39593,1.993696
6932,6932015,16468,0.829242
6933,6933009,53853,2.711756
6934,6934010,16564,0.834076
6935,6935011,39449,1.986445
6936,6936013,39641,1.996113
6937,6937012,16420,0.826825
6938,6938014,53821,2.710144
6939,6939016,16371,0.824358
6940,6940009,39353,1.981611
6941,6941011,39737,2.000948
6942,6942013,16388,0.825214
6943,6943013,53965,2.717395
6944,6944015,16420,0.826825
6945,6945015,39657,1.996919
6946,6946011,39689,1.998530
6947,6947015,16484,0.830048
6948,6948010,53885,2.713367
6949,6949011,16532,0.832465
6950,6950012,39513,1.989668
6951,6951013,39577,1.992891
6952,6952015,16484,0.830048
6953,6953015,53805,2.709338
6954,6954008,16612,0.836493
6955,6955010,39385,1.983223
6956,6956012,39689,1.998530
6957,6957014,16436,0.827631
6958,6958008,53805,2.709338
6959,6959010,16580,0.834882
6960,6960011,39369,1.982417
6961,6961011,39673,1.997725
6962,6962014,16436,0.827631
6963,6963015,53901,2.714173
6964,6964010,16580,0.834882
6965,6965011,39481,1.988057
6966,6966013,39577,1.992891
6967,6967015,16436,0.827631
6968,6968009,53869,2.712561
6969,6969012,16468,0.829242
6970,6970010,39417,1.984834
6971,6971012,39689,1.998530
6972,6972014,16468,0.829242
6973,6973015,53837,2.710950
6974,6974009,16596,0.835688
6975,6975010,39369,1.982417
6976,6976011,39641,1.996113
6977,6977012,16452,0.828437
6978,6978009,53789,2.708533
6979,6979013,16468,0.829242
6980,6980016,39641,1.996113
6981,6981010,39817,2.004976
6982,6982011,16355,0.823552
6983,6983012,53901,2.714173
6984,6984014,16452,0.828437
6985,6985016,39737,2.000948
6986,6986010,39657,1.996919
6987,6987012,16371,0.824358
6988,6988013,53885,2.713367
6989,6989014,16452,0.828437
6990,6990015,39657,1.996919
6991,6991009,39817,2.004976
6992,6992010,16339,0.822747
6993,6993012,53789,2.708533
6994,6994014,16420,0.826825
6995,6995016,39705,1.999336
6996,6996010,39817,2.004976
6997,6997011,16371,0.824358
6998,6998012,53821,2.710144
6999,6999014,16452,0.828437
7000,7000015,39657,1.996919
7001,7001015,39497,1.988862
7002,7002010,16323,0.821941
7003,7003011,53869,2.712561
7004,7004013,16436,0.827631
7005,7005015,39657,1.996919
7006,7006008,39785,2.003364
7007,7007009,16339,0.822747
7008,7008011,53869,2.712561
7009,7009013,16420,0.826825
7010,7010009,39273,1.977583
7011,7011011,39753,2.001753
7012,7012012,16355,0.823552
7013,7013013,53869,2.712561
7014,7014014,16388,0.825214
7015,7015016,39689,1.998530
7016,7016010,39737,2.000948
7017,7017014,16436,0.827631
7018,7018009,53821,2.710144
7019,7019010,16564,0.834076
7020,7020012,39449,1.986445
7021,7021013,39625,1.995308
7022,7022014,16436,0.827631
7023,7023015,53821,2.710144
7024,7024009,16596,0.835688
7025,7025012,39465,1.987251
7026,7026014,39561,1.992085
7027,7027015,16484,0.830048
7028,7028009,53853,2.711756
7029,7029011,16516,0.831659
7030,7030012,39529,1.990474
7031,7031014,39593,1.993696
7032,7032015,16484,0.830048
7033,7033010,53821,2.710144
7034,7034012,16468,0.829242
7035,7035013,39497,1.988862
7036,7036015,39529,1.990474
7037,7037015,16484,0.830048
7038,7038010,53869,2.712561
7039,7039011,16452,0.828437
7040,7040013,39481,1.988057
7041,7041008,39865,2.007393
7042,7042011,16371,0.824358
7043,7043015,53853,2.711756
7044,7044009,16628,0.837299
7045,7045009,39369,1.982417
7046,7046011,39657,1.996919
7047,7047013,16404,0.826020
7048,7048014,53837,2.710950
7049,7049010,16500,0.830854
7050,7050015,39529,1.990474
7051,7051010,39817,2.004976
7052,7052011,16404,0.826020
7053,7053013,53853,2.711756
7054,7054014,16404,0.826020
7055,7055015,39641,1.996113
7056,7056009,39849,2.006587
7057,7057013,16404,0.826020
7058,7058008,53869,2.712561
7059,7059010,16548,0.833271
7060,7060011,39433,1.985640
7061,7061013,39673,1.997725
7062,7062015,16516,0.831659
7063,7063016,53949,2.716590
7064,7064010,16548,0.833271
7065,7065015,39641,1.996113
7066,7066010,39737,2.000948
7067,7067011,16388,0.825214
7068,7068013,53901,2.714173
7069,7069014,16452,0.828437
7070,7070015,39641,1.996113
7071,7071009,39833,2.005782
7072,7072010,16323,0.821941
7073,7073014,53821,2.710144
7074,7074008,16644,0.838105
7075,7075010,39369,1.982417
7076,7076011,39657,1.996919
7077,7077013,16420,0.826825
7078,7078014,53757,2.706921
7079,7079009,16612,0.836493
7080,7080010,39417,1.984834
7081,7081014,39529,1.990474
7082,7082009,16291,0.820330
7083,7083010,53885,2.713367
7084,7084011,16500,0.830854
7085,7085013,39497,1.988862
7086,7086015,39529,1.990474
7087,7087009,16291,0.820330
7088,7088010,53821,2.710144
7089,7089015,16388,0.825214
7090,7090010,39449,1.986445
7091,7091012,39705,1.999336
7092,7092013,16404,0.826020
7093,7093014,53821,2.710144
7094,7094016,16420,0.826825
7095,7095010,39369,1.982417
7096,7096010,39753,2.001753
7097,7097009,16339,0.822747
7098,7098013,53773,2.707727
7099,7099015,16388,0.825214
7100,7100009,39337,1.980806
7101,7101010,39753,2.001753
7102,7102012,16371,0.824358
7103,7103013,53853,2.711756
7104,7104015,16388,0.825214
7105,7105014,39561,1.992085
7106,7106009,39849,2.006587
7107,7107010,16307,0.821135
7108,7108012,53869,2.712561
7109,7109013,16468,0.829242
7110,7110015,39529,1.990474
7111,7111009,39833,2.005782
7112,7112011,16355,0.823552
7113,7113009,53805,2.709338
7114,7114013,16468,0.829242
7115,7115015,39561,1.992085
7116,7116009,39833,2.005782
7117,7117010,16323,0.821941
7118,7118011,53853,2.711756
7119,7119012,16500,0.830854
7120,7120014,39577,1.992891
7121,7121012,39657,1.996919
7122,7122014,16452,0.828437
7123,7123015,53821,2.710144
7124,7124010,16596,0.835688
7125,7125012,39465,1.987251
7126,7126013,39641,1.996113
7127,7127015,16468,0.829242
7128,7128015,53821,2.710144
7129,7129014,16436,0.827631
7130,7130011,39417,1.984834
7131,7131012,39705,1.999336
7132,7132013,16420,0.826825
7133,7133015,53805,2.709338
7134,7134009,16564,0.834076
7135,7135010,39449,1.986445
7136,7136011,39689,1.998530
7137,7137010,16339,0.822747
7138,7138012,53837,2.710950
7139,7139013,16548,0.833271
7140,7140014,39657,1.996919
7141,7141008,39817,2.004976
7142,7142009,16275,0.819524
7143,7143012,53805,2.709338
7144,7144013,16500,0.830854
7145,7145013,39513,1.989668
7146,7146015,39481,1.988057
7147,7147009,16275,0.819524
7148,7148010,53837,2.710950
7149,7149012,16516,0.831659
7150,7150014,39577,1.992891
7151,7151015,39465,1.987251
7152,7152010,16339,0.822747
7153,7153009,53821,2.710144
7154,7154011,16532,0.832465
7155,7155011,39481,1.988057
7156,7156013,39689,1.998530
7157,7157015,16468,0.829242
7158,7158015,53853,2.711756
7159,7159009,16596,0.835688
7160,7160011,39401,1.984028
7161,7161011,39769,2.002559
7162,7162013,16404,0.826020
7163,7163014,53789,2.708533
7164,7164015,16436,0.827631
7165,7165008,39289,1.978389
7166,7166009,39785,2.003364
7167,7167011,16355,0.823552
7168,7168012,53853,2.711756
7169,7169013,16484,0.830048
7170,7170016,39593,1.993696
7171,7171010,39737,2.000948
7172,7172011,16436,0.827631
7173,7173013,53853,2.711756
7174,7174014,16420,0.826825
7175,7175015,39577,1.992891
7176,7176010,39769,2.002559
7177,7177010,16323,0.821941
7178,7178013,53901,2.714173
7179,7179014,16436,0.827631
7180,7180016,39657,1.996919
7181,7181010,39833,2.005782
7182,7182012,16404,0.826020
7183,7183013,53869,2.712561
7184,7184014,16436,0.827631
7185,7185014,39577,1.992891
7186,7186008,39753,2.001753
7187,7187009,16291,0.820330
7188,7188011,53805,2.709338
7189,7189013,16516,0.831659
7190,7190014,39545,1.991279
7191,7191015,39497,1.988862
7192,7192009,16259,0.818718
7193,7193010,53853,2.711756
7194,7194013,16436,0.827631
7195,7195014,39641,1.996113
7196,7196009,39817,2.004976
7197,7197010,16323,0.821941
7198,7198012,53837,2.710950
7199,7199014,16452,0.828437
7200,7200009,39321,1.980000
7201,7201008,39913,2.009810
7202,7202010,16227,0.817107
7203,7203012,53869,2.712561
7204,7204013,16484,0.830048
7205,7205015,39577,1.992891
7206,7206008,39721,2.000142
7207,7207010,16339,0.822747
7208,7208012,53869,2.712561
7209,7209014,16436,0.827631
7210,7210009,39305,1.979194
7211,7211011,39753,2.001753
7212,7212012,16355,0.823552
7213,7213013,53821,2.710144
7214,7214015,16371,0.824358
7215,7215010,39353,1.981611
7216,7216011,39721,2.000142
7217,7217013,16404,0.826020
7218,7218015,53789,2.708533
7219,7219009,16580,0.834882
7220,7220010,39481,1.988057
7221,7221011,39737,2.000948
7222,7222013,16371,0.824358
7223,7223015,53901,2.714173
7224,7224009,16596,0.835688
7225,7225012,39449,1.986445
7226,7226008,39785,2.003364
7227,7227011,16339,0.822747
7228,7228012,53805,2.709338
7229,7229013,16436,0.827631
7230,7230015,39593,1.993696
7231,7231015,39497,1.988862
7232,7232010,16307,0.821135
7233,7233011,53869,2.712561
7234,7234014,16436,0.827631
7235,7235015,39657,1.996919
7236,7236009,39833,2.005782
7237,7237011,16339,0.822747
7238,7238013,53821,2.710144
7239,7239014,16452,0.828437
7240,7240015,39577,1.992891
7241,7241010,39849,2.006587
7242,7242015,16452,0.828437
7243,7243009,53805,2.709338
7244,7244009,16660,0.838910
7245,7245012,39417,1.984834
7246,7246013,39545,1.991279
7247,7247015,16500,0.830854
7248,7248009,53773,2.707727
7249,7249012,16484,0.830048
7250,7250013,39465,1.987251
7251,7251015,39481,1.988057
7252,7252009,16259,0.818718
7253,7253010,53853,2.711756
7254,7254012,16452,0.828437
7255,7255013,39513,1.989668
7256,7256015,39513,1.989668
7257,7257012,16355,0.823552
7258,7258014,53885,2.713367
7259,7259016,16420,0.826825
7260,7260009,39321,1.980000
7261,7261011,39689,1.998530
7262,7262012,16404,0.826020
7263,7263014,53853,2.711756
7264,7264015,16468,0.829242
7265,7265011,39385,1.983223
7266,7266009,39865,2.007393
7267,7267010,16339,0.822747
7268,7268011,53869,2.712561
7269,7269012,16500,0.830854
7270,7270014,39529,1.990474
7271,7271015,39577,1.992891
7272,7272008,16211,0.816301
7273,7273011,53821,2.710144
7274,7274013,16452,0.828437
7275,7275014,39545,1.991279
7276,7276015,39513,1.989668
7277,7277009,16323,0.821941
7278,7278011,53869,2.712561
7279,7279013,16548,0.833271
7280,7280014,39561,1.992085
7281,7281011,39689,1.998530
7282,7282014,16388,0.825214
7283,7283015,53821,2.710144
7284,7284010,16596,0.835688
7285,7285011,39449,1.986445
7286,7286012,39705,1.999336
7287,7287014,16468,0.829242
7288,7288008,53901,2.714173
7289,7289012,16500,0.830854
7290,7290015,39577,1.992891
7291,7291010,39865,2.007393
7292,7292011,16275,0.819524
7293,7293013,53837,2.710950
7294,7294014,16452,0.828437
7295,7295015,39625,1.995308
7296,7296009,39849,2.006587
7297,7297014,16468,0.829242
7298,7298008,53901,2.714173
7299,7299009,16596,0.835688
7300,7300011,39417,1.984834
7301,7301012,39689,1.998530
7302,7302014,16468,0.829242
7303,7303015,53805,2.709338
7304,7304009,16628,0.837299
7305,7305014,39609,1.994502
7306,7306010,39801,2.004170
7307,7307011,16355,0.823552
7308,7308012,53869,2.712561
7309,7309014,16452,0.828437
7310,7310008,39273,1.977583
7311,7311010,39785,2.003364
7312,7312012,16371,0.824358
7313,7313009,53853,2.711756
7314,7314011,16532,0.832465
7315,7315013,39513,1.989668
7316,7316014,39625,1.995308
7317,7317015,16420,0.826825
7318,7318009,53885,2.713367
7319,7319011,16564,0.834076
7320,7320013,39529,1.990474
7321,7321015,39433,1.985640
7322,7322010,16291,0.820330
7323,7323012,53869,2.712561
7324,7324013,16484,0.830048
7325,7325013,39481,1.988057
7326,7326015,39529,1.990474
7327,7327010,16339,0.822747
7328,7328011,53869,2.712561
7329,7329627,20501,1.032323
7330,7330014,39513,1.989668
7331,7331015,39513,1.989668
7332,7332010,16307,0.821135
7333,7333012,53885,2.713367
7334,7334014,16484,0.830048
7335,7335015,39641,1.996113
7336,7336009,39785,2.003364
7337,7337015,16484,0.830048
7338,7338010,53789,2.708533
7339,7339012,16580,0.834882
7340,7340014,39513,1.989668
7341,7341015,39561,1.992085
7342,7342009,16227,0.817107
7343,7343010,53869,2.712561
7344,7344012,16532,0.832465
7345,7345012,39497,1.988862
7346,7346014,39609,1.994502
7347,7347009,16291,0.820330
7348,7348011,53901,2.714173
7349,7349012,16516,0.831659
7350,7350013,39497,1.988862
7351,7351015,39497,1.988862
7352,7352009,16131,0.812273
7353,7353015,53869,2.712561
7354,7354010,16484,0.830048
7355,7355012,39465,1.987251
7356,7356013,39657,1.996919
7357,7357015,16436,0.827631
7358,7358008,53885,2.713367
7359,7359010,16596,0.835688
7360,7360011,39433,1.985640
7361,7361008,39769,2.002559
7362,7362010,16307,0.821135
7363,7363011,53885,2.713367
7364,7364013,16484,0.830048
7365,7365015,39625,1.995308
7366,7366010,39753,2.001753
7367,7367011,16355,0.823552
7368,7368013,53901,2.714173
7369,7369011,16548,0.833271
7370,7370014,39529,1.990474
7371,7371015,39577,1.992891
7372,7372009,16307,0.821135
7373,7373010,53917,2.714978
7374,7374011,16548,0.833271
7375,7375013,39529,1.990474
7376,7376015,39545,1.991279
7377,7377015,16484,0.830048
7378,7378011,53821,2.710144
7379,7379013,16468,0.829242
7380,7380014,39593,1.993696
7381,7381016,39529,1.990474
7382,7382009,16291,0.820330
7383,7383010,53837,2.710950
7384,7384012,16516,0.831659
7385,7385012,39385,1.983223
7386,7386014,39529,1.990474
7387,7387008,16323,0.821941
7388,7388010,53901,2.714173
7389,7389012,16516,0.831659
7390,7390014,39561,1.992085
7391,7391009,39833,2.005782
7392,7392010,16291,0.820330
7393,7393011,53853,2.711756
7394,7394012,16516,0.831659
7395,7395013,39577,1.992891
7396,7396014,39577,1.992891
7397,7397009,16259,0.818718
7398,7398010,53821,2.710144
7399,7399011,16548,0.833271
7400,7400013,39465,1.987251
7401,7401013,39673,1.997725
7402,7402009,16291,0.820330
7403,7403011,53885,2.713367
7404,7404012,16580,0.834882
7405,7405013,39513,1.989668
7406,7406015,39529,1.990474
7407,7407010,16307,0.821135
7408,7408011,53805,2.709338
7409,7409011,16580,0.834882
7410,7410014,39513,1.989668
7411,7411009,39929,2.010616
7412,7412010,16339,0.822747
7413,7413012,53853,2.711756
7414,7414013,16516,0.831659
7415,7415015,39577,1.992891
7416,7416009,39753,2.001753
7417,7417010,16323,0.821941
7418,7418012,53805,2.709338
7419,7419013,16468,0.829242
7420,7420015,39545,1.991279
7421,7421009,39689,1.998530
7422,7422010,16291,0.820330
7423,7423011,53869,2.712561
7424,7424012,16484,0.830048
7425,7425014,39545,1.991279
7426,7426009,39833,2.005782
7427,7427010,16275,0.819524
7428,7428011,53901,2.714173
7429,7429013,16468,0.829242
7430,7430014,39529,1.990474
7431,7431009,39865,2.007393
7432,7432010,16323,0.821941
7433,7433012,53805,2.709338
7434,7434015,16404,0.826020
7435,7435010,39337,1.980806
7436,7436011,39769,2.002559
7437,7437012,16339,0.822747
7438,7438013,53821,2.710144
7439,7439015,16420,0.826825
7440,7440009,39337,1.980806
7441,7441009,39769,2.002559
7442,7442012,16355,0.823552
7443,7443013,53837,2.710950
7444,7444015,16436,0.827631
7445,7445009,39225,1.975166
7446,7446011,39849,2.006587
7447,7447013,16388,0.825214
7448,7448015,53837,2.710950
7449,7449010,16580,0.834882
7450,7450012,39433,1.985640
7451,7451013,39737,2.000948
7452,7452014,16420,0.826825
7453,7453009,53853,2.711756
7454,7454010,16564,0.834076
7455,7455013,39497,1.988862
7456,7456014,39577,1.992891
7457,7457015,16452,0.828437
7458,7458010,53869,2.712561
7459,7459011,16548,0.833271
7460,7460012,39465,1.987251
7461,7461014,39545,1.991279
7462,7462009,16227,0.817107
7463,7463009,53853,2.711756
7464,7464010,16580,0.834882
7465,7465013,39545,1.991279
7466,7466009,39849,2.006587
7467,7467010,16323,0.821941
7468,7468012,53837,2.710950
7469,7469012,16532,0.832465
7470,7470014,39561,1.992085
7471,7471016,39481,1.988057
7472,7472009,16355,0.823552
7473,7473011,53853,2.711756
7474,7474013,16468,0.829242
7475,7475014,39561,1.992085
7476,7476016,39481,1.988057
7477,7477009,16275,0.819524
7478,7478011,53821,2.710144
7479,7479012,16548,0.833271
7480,7480013,39513,1.989668
7481,7481016,39513,1.989668
7482,7482011,16291,0.820330
7483,7483011,53837,2.710950
7484,7484012,16516,0.831659
7485,7485014,39497,1.988862
7486,7486015,39513,1.989668
7487,7487009,16291,0.820330
7488,7488011,53901,2.714173
7489,7489015,16420,0.826825
7490,7490011,39337,1.980806
7491,7491013,39673,1.997725
7492,7492015,16436,0.827631
7493,7493009,53853,2.711756
7494,7494010,16596,0.835688
7495,7495011,39385,1.983223
7496,7496012,39737,2.000948
7497,7497015,16436,0.827631
7498,7498010,53901,2.714173
7499,7499012,16532,0.832465
7500,7500013,39465,1.987251
7501,7501015,39529,1.990474
7502,7502009,16291,0.820330
7503,7503010,53965,2.717395
7504,7504011,16596,0.835688
7505,7505014,39545,1.991279
7506,7506010,39785,2.003364
7507,7507011,16291,0.820330
7508,7508012,53853,2.711756
7509,7509014,16452,0.828437
7510,7510015,39529,1.990474
7511,7511009,39865,2.007393
7512,7512010,16291,0.820330
7513,7513014,53805,2.709338
7514,7514009,16612,0.836493
7515,7515010,39353,1.981611
7516,7516011,39721,2.000142
7517,7517013,16388,0.825214
7518,7518015,53869,2.712561
7519,7519010,16548,0.833271
7520,7520011,39369,1.982417
7521,7521015,39545,1.991279
7522,7522009,16275,0.819524
7523,7523011,53789,2.708533
7524,7524012,16548,0.833271
7525,7525013,39497,1.988862
7526,7526015,39545,1.991279
7527,7527009,16259,0.818718
7528,7528010,53805,2.709338
7529,7529015,16420,0.826825
7530,7530012,39465,1.987251
7531,7531013,39657,1.996919
7532,7532015,16452,0.828437
7533,7533010,53837,2.710950
7534,7534011,16500,0.830854
7535,7535013,39449,1.986445
7536,7536015,39545,1.991279
7537,7537012,16388,0.825214
7538,7538015,53869,2.712561
7539,7539015,16436,0.827631
7540,7540009,39321,1.980000
7541,7541010,39769,2.002559
7542,7542012,16355,0.823552
7543,7543013,53821,2.710144
7544,7544014,16452,0.828437
7545,7545012,39449,1.986445
7546,7546008,39865,2.007393
7547,7547010,16307,0.821135
7548,7548012,53901,2.714173
7549,7549013,16484,0.830048
7550,7550014,39545,1.991279
7551,7551008,39945,2.011421
7552,7552010,16275,0.819524
7553,7553015,53885,2.713367
7554,7554010,16548,0.833271
7555,7555012,39401,1.984028
7556,7556014,39673,1.997725
7557,7557015,16420,0.826825
7558,7558009,53773,2.707727
7559,7559010,16596,0.835688
7560,7560011,39433,1.985640
7561,7561015,39529,1.990474
7562,7562010,16291,0.820330
7563,7563011,53885,2.713367
7564,7564012,16548,0.833271
7565,7565014,39497,1.988862
7566,7566015,39577,1.992891
7567,7567009,16211,0.816301
7568,7568010,53821,2.710144
7569,7569009,16644,0.838105
7570,7570012,39401,1.984028
7571,7571013,39657,1.996919
7572,7572015,16420,0.826825
7573,7573009,53885,2.713367
7574,7574010,16580,0.834882
7575,7575011,39417,1.984834
7576,7576013,39657,1.996919
7577,7577011,16323,0.821941
7578,7578013,53789,2.708533
7579,7579013,16500,0.830854
7580,7580015,39561,1.992085
7581,7581015,39609,1.994502
7582,7582009,16227,0.817107
7583,7583010,53821,2.710144
7584,7584011,16548,0.833271
7585,7585010,39289,1.978389
7586,7586011,39801,2.004170
7587,7587013,16420,0.826825
7588,7588014,53917,2.714978
7589,7589015,16436,0.827631
7590,7590009,39337,1.980806
7591,7591011,39801,2.004170
7592,7592012,16355,0.823552
7593,7593010,53853,2.711756
7594,7594012,16500,0.830854
7595,7595014,39497,1.988862
7596,7596015,39577,1.992891
7597,7597009,16339,0.822747
7598,7598011,53821,2.710144
7599,7599012,16532,0.832465
7600,7600014,39497,1.988862
7601,7601013,39641,1.996113
7602,7602015,16452,0.828437
7603,7603009,53821,2.710144
7604,7604010,16564,0.834076
7605,7605012,39433,1.985640
7606,7606013,39641,1.996113
7607,7607015,16452,0.828437
7608,7608009,53837,2.710950
7609,7609008,16644,0.838105
7610,7610011,39337,1.980806
7611,7611012,39673,1.997725
7612,7612013,16388,0.825214
7613,7613015,53869,2.712561
7614,7614009,16596,0.835688
7615,7615011,39337,1.980806
7616,7616012,39737,2.000948
7617,7617012,16355,0.823552
7618,7618009,53917,2.714978
7619,7619011,16564,0.834076
7620,7620013,39513,1.989668
7621,7621014,39577,1.992891
7622,7622009,16243,0.817913
7623,7623010,53853,2.711756
7624,7624012,16516,0.831659
7625,7625013,39481,1.988057
7626,7626015,39545,1.991279
7627,7627009,16275,0.819524
7628,7628011,53853,2.711756
7629,7629012,16548,0.833271
7630,7630014,39529,1.990474
7631,7631016,39529,1.990474
7632,7632010,16371,0.824358
7633,7633011,53869,2.712561
7634,7634008,16612,0.836493
7635,7635010,39353,1.981611
7636,7636012,39721,2.000142
7637,7637013,16371,0.824358
7638,7638014,53853,2.711756
7639,7639015,16436,0.827631
7640,7640009,39273,1.977583
7641,7641009,39865,2.007393
7642,7642011,16291,0.820330
7643,7643012,53837,2.710950
7644,7644014,16468,0.829242
7645,7645015,39561,1.992085
7646,7646010,39849,2.006587
7647,7647012,16388,0.825214
7648,7648014,53805,2.709338
7649,7649014,16436,0.827631
7650,7650010,39369,1.982417
7651,7651011,39737,2.000948
7652,7652012,16371,0.824358
7653,7653014,53837,2.710950
7654,7654015,16468,0.829242
7655,7655009,39305,1.979194
7656,7656010,39769,2.002559
7657,7657010,16259,0.818718
7658,7658012,53853,2.711756
7659,7659014,16548,0.833271
7660,7660009,39241,1.975972
7661,7661010,39801,2.004170
7662,7662011,16307,0.821135
7663,7663012,53821,2.710144
7664,7664013,16500,0.830854
7665,7665015,39481,1.988057
7666,7666010,39833,2.005782
7667,7667011,16339,0.822747
7668,7668013,53853,2.711756
7669,7669014,16468,0.829242
7670,7670009,39225,1.975166
7671,7671010,39849,2.006587
7672,7672012,16307,0.821135
7673,7673014,53949,2.716590
7674,7674008,16612,0.836493
7675,7675010,39321,1.980000
7676,7676011,39641,1.996113
7677,7677013,16388,0.825214
7678,7678014,53917,2.714978
7679,7679015,16436,0.827631
7680,7680009,39273,1.977583
7681,7681012,39721,2.000142
7682,7682014,16388,0.825214
7683,7683015,53837,2.710950
7684,7684009,16724,0.842133
7685,7685011,39369,1.982417
7686,7686012,39689,1.998530
7687,7687013,16371,0.824358
7688,7688014,53709,2.704504
7689,7689016,16388,0.825214
7690,7690011,39385,1.983223
7691,7691011,39801,2.004170
7692,7692014,16404,0.826020
7693,7693015,53869,2.712561
7694,7694009,16612,0.836493
7695,7695010,39321,1.980000
7696,7696011,39801,2.004170
7697,7697014,16195,0.815495
7698,7698015,53821,2.710144
7699,7699008,16708,0.841327
7700,7700009,39225,1.975166
7701,7701010,39849,2.006587
7702,7702012,16371,0.824358
7703,7703013,54077,2.723035
7704,7704015,16452,0.828437
7705,7705010,39369,1.982417
7706,7706014,39657,1.996919
7707,7707008,16227,0.817107
7708,7708010,53821,2.710144
7709,7709011,16548,0.833271
7710,7710012,39401,1.984028
7711,7711014,39561,1.992085
7712,7712008,16227,0.817107
7713,7713011,53821,2.710144
7714,7714013,16516,0.831659
7715,7715015,39593,1.993696
7716,7716009,39865,2.007393
7717,7717010,16291,0.820330
7718,7718012,53885,2.713367
7719,7719014,16564,0.834076
7720,7720015,39529,1.990474
7721,7721011,39801,2.004170
7722,7722013,16355,0.823552
7723,7723014,53885,2.713367
7724,7724009,16628,0.837299
7725,7725010,39289,1.978389
7726,7726011,39769,2.002559
7727,7727012,16371,0.824358
7728,7728013,53821,2.710144
7729,7729010,16548,0.833271
7730,7730012,39385,1.983223
7731,7731013,39721,2.000142
7732,7732014,16404,0.826020
7733,7733015,53869,2.712561
7734,7734008,16628,0.837299
7735,7735010,39321,1.980000
7736,7736011,39785,2.003364
7737,7737015,16420,0.826825
7738,7738009,53853,2.711756
7739,7739010,16612,0.836493
7740,7740011,39401,1.984028
7741,7741013,39625,1.995308
7742,7742014,16388,0.825214
7743,7743009,53837,2.710950
7744,7744010,16612,0.836493
7745,7745013,39513,1.989668
7746,7746008,39929,2.010616
7747,7747009,16227,0.817107
7748,7748011,53821,2.710144
7749,7749012,16532,0.832465
7750,7750013,39481,1.988057
7751,7751014,39641,1.996113
7752,7752009,16259,0.818718
7753,7753014,53853,2.711756
7754,7754010,16644,0.838105
7755,7755011,39353,1.981611
7756,7756013,39705,1.999336
7757,7757014,16388,0.825214
7758,7758014,53837,2.710950
7759,7759008,16676,0.839716
7760,7760010,39289,1.978389
7761,7761015,39529,1.990474
7762,7762010,16307,0.821135
7763,7763012,53901,2.714173
7764,7764013,16548,0.833271
7765,7765014,39497,1.988862
7766,7766016,39513,1.989668
7767,7767009,16291,0.820330
7768,7768011,53821,2.710144
7769,7769015,16452,0.828437
7770,7770010,39273,1.977583
7771,7771012,39753,2.001753
7772,7772013,16339,0.822747
7773,7773014,53869,2.712561
7774,7774016,16339,0.822747
7775,7775011,39353,1.981611
7776,7776011,39737,2.000948
7777,7777008,16259,0.818718
7778,7778010,53853,2.711756
7779,7779012,16532,0.832465
7780,7780013,39465,1.987251
7781,7781014,39609,1.994502
7782,7782009,16275,0.819524
7783,7783011,53933,2.715784
7784,7784013,16532,0.832465
7785,7785010,39401,1.984028
7786,7786013,39721,2.000142
7787,7787014,16404,0.826020
7788,7788015,53853,2.711756
7789,7789010,16612,0.836493
7790,7790011,39417,1.984834
7791,7791012,39705,1.999336
7792,7792014,16388,0.825214
7793,7793013,53869,2.712561
7794,7794008,16628,0.837299
7795,7795010,39305,1.979194
7796,7796010,39705,1.999336
7797,7797011,16323,0.821941
7798,7798013,53853,2.711756
7799,7799014,16500,0.830854
7800,7800015,39513,1.989668
7801,7801014,39609,1.994502
7802,7802015,16452,0.828437
7803,7803009,53789,2.708533
7804,7804012,16484,0.830048
7805,7805013,39433,1.985640
7806,7806015,39641,1.996113
7807,7807009,16275,0.819524
7808,7808010,53837,2.710950
7809,7809016,16420,0.826825
7810,7810010,39337,1.980806
7811,7811012,39737,2.000948
7812,7812014,16404,0.826020
7813,7813015,53741,2.706116
7814,7814010,16580,0.834882
7815,7815011,39449,1.986445
7816,7816013,39641,1.996113
7817,7817012,16388,0.825214
7818,7818014,53869,2.712561
7819,7819008,16708,0.841327
7820,7820009,39289,1.978389
7821,7821010,39817,2.004976
7822,7822011,16339,0.822747
7823,7823013,53965,2.717395
7824,7824015,16468,0.829242
7825,7825016,39609,1.994502
7826,7826011,39801,2.004170
7827,7827012,16291,0.820330
7828,7828013,53821,2.710144
7829,7829014,16436,0.827631
7830,7830008,39225,1.975166
7831,7831010,39865,2.007393
7832,7832011,16323,0.821941
7833,7833010,53757,2.706921
7834,7834011,16612,0.836493
7835,7835012,39369,1.982417
7836,7836014,39625,1.995308
7837,7837015,16404,0.826020
7838,7838009,53917,2.714978
7839,7839010,16612,0.836493
7840,7840011,39433,1.985640
7841,7841011,39849,2.006587
7842,7842012,16355,0.823552
7843,7843014,53901,2.714173
7844,7844015,16404,0.826020
7845,7845009,39257,1.976777
7846,7846010,39785,2.003364
7847,7847012,16371,0.824358
7848,7848014,53853,2.711756
7849,7849013,16516,0.831659
7850,7850009,39273,1.977583
7851,7851010,39897,2.009004
7852,7852012,16307,0.821135
7853,7853014,53869,2.712561
7854,7854015,16468,0.829242
7855,7855009,39305,1.979194
7856,7856010,39785,2.003364
7857,7857012,16323,0.821941
7858,7858015,53837,2.710950
7859,7859009,16676,0.839716
7860,7860011,39321,1.980000
7861,7861012,39753,2.001753
7862,7862014,16388,0.825214
7863,7863015,53869,2.712561
7864,7864009,16660,0.838910
7865,7865009,39273,1.977583
7866,7866012,39737,2.000948
7867,7867013,16371,0.824358
7868,7868015,53853,2.711756
7869,7869009,16612,0.836493
7870,7870011,39337,1.980806
7871,7871012,39785,2.003364
7872,7872014,16323,0.821941
7873,7873014,53837,2.710950
7874,7874009,16644,0.838105
7875,7875011,39337,1.980806
7876,7876013,39737,2.000948
7877,7877013,16371,0.824358
7878,7878014,53837,2.710950
7879,7879009,16708,0.841327
7880,7880010,39305,1.979194
7881,7881010,39801,2.004170
7882,7882013,16371,0.824358
7883,7883015,53869,2.712561
7884,7884008,16660,0.838910
7885,7885009,39273,1.977583
7886,7886011,39849,2.006587
7887,7887013,16371,0.824358
7888,7888014,53821,2.710144
7889,7889015,16388,0.825214
7890,7890011,39369,1.982417
7891,7891012,39721,2.000142
7892,7892013,16388,0.825214
7893,7893015,53837,2.710950
7894,7894008,16612,0.836493
7895,7895009,39225,1.975166
7896,7896011,39785,2.003364
7897,7897011,16243,0.817913
7898,7898013,53821,2.710144
7899,7899014,16468,0.829242
7900,7900008,39241,1.975972
7901,7901010,39881,2.008198
7902,7902012,16339,0.822747
7903,7903012,53869,2.712561
7904,7904014,16532,0.832465
7905,7905009,39337,1.980806
7906,7906013,39689,1.998530
7907,7907014,16388,0.825214
7908,7908015,53885,2.713367
7909,7909009,16692,0.840522
7910,7910010,39321,1.980000
7911,7911012,39769,2.002559
7912,7912013,16371,0.824358
7913,7913015,53933,2.715784
7914,7914011,16564,0.834076
7915,7915013,39433,1.985640
7916,7916014,39593,1.993696
7917,7917008,16323,0.821941
7918,7918010,53885,2.713367
7919,7919011,16580,0.834882
7920,7920012,39353,1.981611
7921,7921015,39561,1.992085
7922,7922010,16323,0.821941
7923,7923012,53885,2.713367
7924,7924014,16484,0.830048
7925,7925015,39593,1.993696
7926,7926009,39913,2.009810
7927,7927010,16275,0.819524
7928,7928013,53853,2.711756
7929,7929015,16420,0.826825
7930,7930010,39257,1.976777
7931,7931011,39801,2.004170
7932,7932012,16323,0.821941
7933,7933013,53869,2.712561
7934,7934014,16468,0.829242
7935,7935009,39209,1.974360
7936,7936009,39881,2.008198
7937,7937012,16339,0.822747
7938,7938013,53853,2.711756
7939,7939015,16468,0.829242
7940,7940009,39241,1.975972
7941,7941011,39817,2.004976
7942,7942012,16323,0.821941
7943,7943013,53917,2.714978
7944,7944014,16484,0.830048
7945,7945011,39353,1.981611
7946,7946013,39689,1.998530
7947,7947014,16420,0.826825
7948,7948009,53821,2.710144
7949,7949009,16628,0.837299
7950,7950011,39337,1.980806
7951,7951012,39737,2.000948
7952,7952013,16404,0.826020
7953,7953009,53821,2.710144
7954,7954013,16532,0.832465
7955,7955014,39433,1.985640
7956,7956015,39609,1.994502
7957,7957010,16339,0.822747
7958,7958013,53885,2.713367
7959,7959013,16548,0.833271
7960,7960015,39465,1.987251
7961,7961011,39833,2.005782
7962,7962013,16339,0.822747
7963,7963015,53805,2.709338
7964,7964009,16628,0.837299
7965,7965011,39273,1.977583
7966,7966012,39769,2.002559
7967,7967013,16388,0.825214
7968,7968015,53837,2.710950
7969,7969011,16596,0.835688
7970,7970012,39385,1.983223
7971,7971013,39673,1.997725
7972,7972015,16420,0.826825
7973,7973009,53773,2.707727
7974,7974011,16580,0.834882
7975,7975012,39385,1.983223
7976,7976013,39769,2.002559
7977,7977010,16291,0.820330
7978,7978012,53741,2.706116
7979,7979013,16548,0.833271
7980,7980015,39529,1.990474
7981,7981009,39849,2.006587
7982,7982010,16291,0.820330
7983,7983012,53853,2.711756
7984,7984013,16436,0.827631
7985,7985010,39273,1.977583
7986,7986012,39865,2.007393
7987,7987013,16371,0.824358
7988,7988014,53789,2.708533
7989,7989016,16420,0.826825
7990,7990009,39161,1.971943
7991,7991010,39801,2.004170
7992,7992011,16291,0.820330
7993,7993014,53837,2.710950
7994,7994009,16596,0.835688
7995,7995010,39337,1.980806
7996,7996011,39817,2.004976
7997,7997012,16355,0.823552
7998,7998013,53837,2.710950
7999,7999014,16516,0.831659
8000,8000009,39241,1.975972
8001,8001013,39689,1.998530
8002,8002015,16371,0.824358
8003,8003009,53917,2.714978
8004,8004010,16612,0.836493
8005,8005012,39321,1.980000
8006,8006013,39737,2.000948
8007,8007014,16388,0.825214
8008,8008015,53837,2.710950
8009,8009013,16484,0.830048
8010,8010009,39241,1.975972
8011,8011011,39769,2.002559
8012,8012012,16323,0.821941
8013,8013014,53869,2.712561
8014,8014015,16500,0.830854
8015,8015009,39241,1.975972
8016,8016011,39801,2.004170
8017,8017008,16259,0.818718
8018,8018011,53869,2.712561
8019,8019012,16548,0.833271
8020,8020014,39497,1.988862
8021,8021008,40105,2.019478
8022,8022009,16211,0.816301
8023,8023011,53821,2.710144
8024,8024013,16612,0.836493
8025,8025010,39305,1.979194
8026,8026013,39593,1.993696
8027,8027015,16436,0.827631
8028,8028009,53885,2.713367
8029,8029011,16644,0.838105
8030,8030013,39433,1.985640
8031,8031014,39561,1.992085
8032,8032015,16420,0.826825
8033,8033015,53773,2.707727
8034,8034010,16596,0.835688
8035,8035011,39385,1.983223
8036,8036013,39609,1.994502
8037,8037015,16388,0.825214
8038,8038009,53965,2.717395
8039,8039010,16580,0.834882
8040,8040012,39433,1.985640
8041,8041011,39785,2.003364
8042,8042012,16339,0.822747
8043,8043013,53917,2.714978
8044,8044014,16500,0.830854
8045,8045016,39529,1.990474
8046,8046009,39833,2.005782
8047,8047011,16275,0.819524
8048,8048013,53837,2.710950
8049,8049012,16516,0.831659
8050,8050009,39209,1.974360
8051,8051011,39785,2.003364
8052,8052012,16323,0.821941
8053,8053013,53837,2.710950
8054,8054009,16660,0.838910
8055,8055010,39257,1.976777
8056,8056012,39769,2.002559
8057,8057012,16339,0.822747
8058,8058014,53869,2.712561
8059,8059008,16676,0.839716
8060,8060010,39337,1.980806
8061,8061011,39769,2.002559
8062,8062012,16339,0.822747
8063,8063013,53981,2.718201
8064,8064015,16484,0.830048
8065,8065014,39465,1.987251
8066,8066008,39929,2.010616
8067,8067011,16355,0.823552
8068,8068012,53869,2.712561
8069,8069014,16484,0.830048
8070,8070016,39593,1.993696
8071,8071009,39913,2.009810
8072,8072010,16323,0.821941
8073,8073009,53837,2.710950
8074,8074012,16564,0.834076
8075,8075013,39449,1.986445
8076,8076015,39625,1.995308
8077,8077008,16211,0.816301
8078,8078010,53885,2.713367
8079,8079011,16596,0.835688
8080,8080013,39417,1.984834
8081,8081015,39625,1.995308
8082,8082009,16243,0.817913
8083,8083010,53837,2.710950
8084,8084011,16580,0.834882
8085,8085013,39321,1.980000
8086,8086014,39673,1.997725
8087,8087009,16227,0.817107
8088,8088010,53853,2.711756
8089,8089011,16548,0.833271
8090,8090015,39577,1.992891
8091,8091009,39865,2.007393
8092,8092011,16291,0.820330
8093,8093013,53853,2.711756
8094,8094013,16516,0.831659
8095,8095015,39593,1.993696
8096,8096009,39865,2.007393
8097,8097009,16259,0.818718
8098,8098012,53757,2.706921
8099,8099013,16628,0.837299
8100,8100014,39529,1.990474
8101,8101009,39929,2.010616
8102,8102010,16275,0.819524
8103,8103011,53869,2.712561
8104,8104012,16564,0.834076
8105,8105013,39433,1.985640
8106,8106008,39961,2.012227
8107,8107010,16275,0.819524
8108,8108011,53837,2.710950
8109,8109013,16532,0.832465
8110,8110014,39513,1.989668
8111,8111015,39641,1.996113
8112,8112009,16275,0.819524
8113,8113011,53933,2.715784
8114,8114013,16564,0.834076
8115,8115014,39513,1.989668
8116,8116008,39913,2.009810
8117,8117010,16227,0.817107
8118,8118011,53805,2.709338
8119,8119013,16516,0.831659
8120,8120014,39465,1.987251
8121,8121015,39593,1.993696
8122,8122010,16227,0.817107
8123,8123011,53901,2.714173
8124,8124013,16644,0.838105
8125,8125014,39401,1.984028
8126,8126015,39657,1.996919
8127,8127009,16259,0.818718
8128,8128011,53901,2.714173
8129,8129012,16564,0.834076
8130,8130015,39545,1.991279
8131,8131009,39881,2.008198
8132,8132011,16259,0.818718
8133,8133012,53821,2.710144
8134,8134014,16532,0.832465
8135,8135015,39497,1.988862
8136,8136009,39945,2.011421
8137,8137010,16275,0.819524
8138,8138014,53837,2.710950
8139,8139016,16436,0.827631
8140,8140011,39353,1.981611
8141,8141012,39721,2.000142
8142,8142013,16339,0.822747
8143,8143015,53837,2.710950
8144,8144010,16644,0.838105
8145,8145013,39481,1.988057
8146,8146008,39881,2.008198
8147,8147010,16227,0.817107
8148,8148011,53837,2.710950
8149,8149013,16516,0.831659
8150,8150014,39481,1.988057
8151,8151016,39593,1.993696
8152,8152010,16227,0.817107
8153,8153012,53789,2.708533
8154,8154014,16484,0.830048
8155,8155016,39625,1.995308
8156,8156009,39897,2.009004
8157,8157010,16307,0.821135
8158,8158012,53837,2.710950
8159,8159014,16532,0.832465
8160,8160015,39513,1.989668
8161,8161010,39881,2.008198
8162,8162012,16291,0.820330
8163,8163013,53869,2.712561
8164,8164015,16516,0.831659
8165,8165008,39225,1.975166
8166,8166010,39849,2.006587
8167,8167011,16420,0.826825
8168,8168012,53837,2.710950
8169,8169016,16404,0.826020
8170,8170012,39401,1.984028
8171,8171013,39689,1.998530
8172,8172014,16339,0.822747
8173,8173016,53805,2.709338
8174,8174009,16676,0.839716
8175,8175011,39305,1.979194
8176,8176012,39785,2.003364
8177,8177015,16420,0.826825
8178,8178011,53949,2.716590
8179,8179012,16532,0.832465
8180,8180013,39481,1.988057
8181,8181015,39625,1.995308
8182,8182009,16211,0.816301
8183,8183011,53837,2.710950
8184,8184012,16580,0.834882
8185,8185016,39641,1.996113
8186,8186011,39769,2.002559
8187,8187012,16339,0.822747
8188,8188014,53821,2.710144
8189,8189008,16676,0.839716
8190,8190009,39209,1.974360
8191,8191012,39833,2.005782
8192,8192012,16339,0.822747
8193,8193009,53837,2.710950
8194,8194011,16644,0.838105
8195,8195012,39353,1.981611
8196,8196013,39609,1.994502
8197,8197015,16388,0.825214
8198,8198009,53837,2.710950
8199,8199010,16644,0.838105
8200,8200012,39337,1.980806
8201,8201008,39897,2.009004
8202,8202012,16275,0.819524
8203,8203013,53837,2.710950
8204,8204015,16468,0.829242
8205,8205010,39225,1.975166
8206,8206011,39673,1.997725
8207,8207012,16339,0.822747
8208,8208015,53805,2.709338
8209,8209012,16404,0.826020
8210,8210010,39321,1.980000
8211,8211012,39897,2.009004
8212,8212012,16323,0.821941
8213,8213014,53821,2.710144
8214,8214008,16676,0.839716
8215,8215011,39305,1.979194
8216,8216012,39705,1.999336
8217,8217010,16291,0.820330
8218,8218013,53869,2.712561
8219,8219014,16532,0.832465
8220,8220016,39577,1.992891
8221,8221010,39897,2.009004
8222,8222012,16355,0.823552
8223,8223013,53789,2.708533
8224,8224014,16500,0.830854
8225,8225012,39385,1.983223
8226,8226015,39657,1.996919
8227,8227009,16227,0.817107
8228,8228011,53805,2.709338
8229,8229011,16532,0.832465
8230,8230012,39401,1.984028
8231,8231014,39673,1.997725
8232,8232015,16404,0.826020
8233,8233011,53805,2.709338
8234,8234013,16532,0.832465
8235,8235015,39529,1.990474
8236,8236009,39945,2.011421
8237,8237011,16291,0.820330
8238,8238013,53885,2.713367
8239,8239014,16516,0.831659
8240,8240015,39529,1.990474
8241,8241013,39641,1.996113
8242,8242011,16291,0.820330
8243,8243013,53773,2.707727
8244,8244013,16628,0.837299
8245,8245015,39513,1.989668
8246,8246009,39961,2.012227
8247,8247010,16291,0.820330
8248,8248011,53853,2.711756
8249,8249010,16612,0.836493
8250,8250014,39545,1.991279
8251,8251009,39945,2.011421
8252,8252010,16227,0.817107
8253,8253011,53869,2.712561
8254,8254013,16516,0.831659
8255,8255014,39465,1.987251
8256,8256015,39577,1.992891
8257,8257013,16323,0.821941
8258,8258015,53837,2.710950
8259,8259008,16676,0.839716
8260,8260009,39225,1.975166
8261,8261011,39721,2.000142
8262,8262012,16307,0.821135
8263,8263013,53837,2.710950
8264,8264015,16468,0.829242
8265,8265014,39513,1.989668
8266,8266010,39817,2.004976
8267,8267013,16355,0.823552
8268,8268014,53757,2.706921
8269,8269015,16468,0.829242
8270,8270009,39257,1.976777
8271,8271011,39881,2.008198
8272,8272013,16323,0.821941
8273,8273012,53757,2.706921
8274,8274014,16500,0.830854
8275,8275008,39177,1.972749
8276,8276010,39865,2.007393
8277,8277012,16307,0.821135
8278,8278013,53821,2.710144
8279,8279014,16660,0.838910
8280,8280016,39561,1.992085
8281,8281015,39593,1.993696
8282,8282009,16259,0.818718
8283,8283011,53885,2.713367
8284,8284012,16548,0.833271
8285,8285013,39417,1.984834
8286,8286015,39577,1.992891
8287,8287008,16227,0.817107
8288,8288010,53853,2.711756
8289,8289009,16644,0.838105
8290,8290012,39417,1.984834
8291,8291014,39769,2.002559
8292,8292015,16404,0.826020
8293,8293009,53789,2.708533
8294,8294010,16692,0.840522
8295,8295011,39257,1.976777
8296,8296013,39721,2.000142
8297,8297012,16307,0.821135
8298,8298015,53917,2.714978
8299,8299009,16676,0.839716
8300,8300011,39257,1.976777
8301,8301012,39769,2.002559
8302,8302013,16371,0.824358
8303,8303014,53853,2.711756
8304,8304015,16436,0.827631
8305,8305015,39465,1.987251
8306,8306009,39945,2.011421
8307,8307011,16275,0.819524
8308,8308012,53773,2.707727
8309,8309013,16516,0.831659
8310,8310015,39561,1.992085
8311,8311008,39961,2.012227
8312,8312010,16259,0.818718
8313,8313009,53837,2.710950
8314,8314012,16724,0.842133
8315,8315013,39401,1.984028
8316,8316015,39641,1.996113
8317,8317009,16259,0.818718
8318,8318010,53837,2.710950
8319,8319012,16612,0.836493
8320,8320013,39417,1.984834
8321,8321014,39673,1.997725
8322,8322010,16291,0.820330
8323,8323012,53901,2.714173
8324,8324013,16484,0.830048
8325,8325014,39449,1.986445
8326,8326015,39609,1.994502
8327,8327009,16195,0.815495
8328,8328010,53917,2.714978
8329,8329012,16564,0.834076
8330,8330015,39625,1.995308
8331,8331010,39913,2.009810
8332,8332012,16275,0.819524
8333,8333012,53869,2.712561
8334,8334013,16388,0.825214
8335,8335015,39513,1.989668
8336,8336009,39945,2.011421
8337,8337010,16227,0.817107
8338,8338012,53837,2.710950
8339,8339014,16484,0.830048
8340,8340016,39545,1.991279
8341,8341010,39881,2.008198
8342,8342012,16355,0.823552
8343,8343013,53853,2.711756
8344,8344014,16404,0.826020
8345,8345015,39513,1.989668
8346,8346011,39817,2.004976
8347,8347012,16323,0.821941
8348,8348014,53805,2.709338
8349,8349015,16452,0.828437
8350,8350009,39209,1.974360
8351,8351010,39913,2.009810
8352,8352011,16323,0.821941
8353,8353013,53853,2.711756
8354,8354015,16484,0.830048
8355,8355009,39257,1.976777
8356,8356011,39785,2.003364
8357,8357012,16259,0.818718
8358,8358014,53981,2.718201
8359,8359015,16484,0.830048
8360,8360010,39241,1.975972
8361,8361012,39689,1.998530
8362,8362010,16243,0.817913
8363,8363012,53853,2.711756
8364,8364014,16516,0.831659
8365,8365015,39481,1.988057
8366,8366009,39945,2.011421
8367,8367010,16259,0.818718
8368,8368011,53837,2.710950
8369,8369012,16612,0.836493
8370,8370015,39513,1.989668
8371,8371010,39913,2.009810
8372,8372012,16371,0.824358
8373,8373014,53821,2.710144
8374,8374015,16484,0.830048
8375,8375009,39209,1.974360
8376,8376011,39753,2.001753
8377,8377014,16371,0.824358
8378,8378011,53853,2.711756
8379,8379012,16692,0.840522
8380,8380013,39401,1.984028
8381,8381015,39721,2.000142
8382,8382016,16404,0.826020
8383,8383009,53901,2.714173
8384,8384011,16580,0.834882
8385,8385015,39657,1.996919
8386,8386009,39945,2.011421
8387,8387010,16259,0.818718
8388,8388012,53869,2.712561
8389,8389013,16468,0.829242
8390,8390014,39465,1.987251
8391,8391015,39641,1.996113
8392,8392009,16211,0.816301
8393,8393012,53837,2.710950
8394,8394014,16548,0.833271
8395,8395016,39497,1.988862
8396,8396010,39865,2.007393
8397,8397011,16355,0.823552
8398,8398013,53821,2.710144
8399,8399015,16580,0.834882
8400,8400009,39225,1.975166
8401,8401012,39769,2.002559
8402,8402014,16355,0.823552
8403,8403015,53869,2.712561
8404,8404009,16660,0.838910
8405,8405010,39225,1.975166
8406,8406011,39897,2.009004
8407,8407013,16259,0.818718
8408,8408014,53837,2.710950
8409,8409011,16628,0.837299
8410,8410014,39481,1.988057
8411,8411015,39625,1.995308
8412,8412009,16211,0.816301
8413,8413010,53789,2.708533
8414,8414011,16612,0.836493
8415,8415013,39369,1.982417
8416,8416015,39625,1.995308
8417,8417012,16307,0.821135
8418,8418014,53853,2.711756
8419,8419008,16692,0.840522
8420,8420009,39209,1.974360
8421,8421011,39881,2.008198
8422,8422012,16307,0.821135
8423,8423014,53901,2.714173
8424,8424015,16484,0.830048
8425,8425012,39337,1.980806
8426,8426013,39689,1.998530
8427,8427014,16371,0.824358
8428,8428008,53837,2.710950
8429,8429010,16644,0.838105
8430,8430011,39289,1.978389
8431,8431012,39833,2.005782
8432,8432013,16323,0.821941
8433,8433010,53837,2.710950
8434,8434012,16564,0.834076
8435,8435013,39433,1.985640
8436,8436015,39673,1.997725
8437,8437009,16179,0.814690
8438,8438010,53949,2.716590
8439,8439012,16580,0.834882
8440,8440013,39433,1.985640
8441,8441010,39865,2.007393
8442,8442012,16291,0.820330
8443,8443013,53901,2.714173
8444,8444015,16516,0.831659
8445,8445008,39161,1.971943
8446,8446010,39929,2.010616
8447,8447011,16323,0.821941
8448,8448012,53805,2.709338
8449,8449011,16564,0.834076
8450,8450014,39417,1.984834
8451,8451015,39609,1.994502
8452,8452010,16211,0.816301
8453,8453011,53853,2.711756
8454,8454013,16580,0.834882
8455,8455014,39433,1.985640
8456,8456016,39593,1.993696
8457,8457013,16371,0.824358
8458,8458010,53869,2.712561
8459,8459012,16676,0.839716
8460,8460014,39433,1.985640
8461,8461015,39593,1.993696
8462,8462009,16227,0.817107
8463,8463011,53821,2.710144
8464,8464012,16580,0.834882
8465,8465010,39273,1.977583
8466,8466011,39801,2.004170
8467,8467013,16291,0.820330
8468,8468013,53965,2.717395
8469,8469014,16484,0.830048
8470,8470008,39129,1.970332
8471,8471010,39929,2.010616
8472,8472011,16291,0.820330
8473,8473015,53885,2.713367
8474,8474010,16644,0.838105
8475,8475012,39385,1.983223
8476,8476013,39705,1.999336
8477,8477014,16323,0.821941
8478,8478015,53805,2.709338
8479,8479010,16692,0.840522
8480,8480010,39225,1.975166
8481,8481016,39625,1.995308
8482,8482011,16259,0.818718
8483,8483012,53885,2.713367
8484,8484014,16516,0.831659
8485,8485015,39465,1.987251
8486,8486009,39929,2.010616
8487,8487011,16291,0.820330
8488,8488011,53837,2.710950
8489,8489009,16676,0.839716
8490,8490011,39273,1.977583
8491,8491012,39785,2.003364
8492,8492014,16339,0.822747
8493,8493015,53821,2.710144
8494,8494010,16724,0.842133
8495,8495011,39257,1.976777
8496,8496013,39705,1.999336
8497,8497012,16436,0.827631
8498,8498010,53869,2.712561
8499,8499011,16612,0.836493
8500,8500013,39417,1.984834
8501,8501014,39673,1.997725
8502,8502015,16420,0.826825
8503,8503009,53917,2.714978
8504,8504010,16644,0.838105
8505,8505009,39289,1.978389
8506,8506012,39769,2.002559
8507,8507013,16355,0.823552
8508,8508015,53949,2.716590
8509,8509008,16692,0.840522
8510,8510009,39193,1.973554
8511,8511011,39881,2.008198
8512,8512012,16291,0.820330
8513,8513011,53837,2.710950
8514,8514015,16484,0.830048
8515,8515009,39193,1.973554
8516,8516010,39865,2.007393
8517,8517012,16291,0.820330
8518,8518014,53821,2.710144
8519,8519016,16500,0.830854
8520,8520010,39257,1.976777
8521,8521009,39881,2.008198
8522,8522013,16355,0.823552
8523,8523015,53933,2.715784
8524,8524009,16676,0.839716
8525,8525010,39289,1.978389
8526,8526012,39833,2.005782
8527,8527013,16355,0.823552
8528,8528015,53885,2.713367
8529,8529016,16420,0.826825
8530,8530011,39369,1.982417
8531,8531013,39785,2.003364
8532,8532014,16388,0.825214
8533,8533015,53869,2.712561
8534,8534009,16724,0.842133
8535,8535010,39337,1.980806
8536,8536012,39769,2.002559
8537,8537013,16307,0.821135
8538,8538014,53853,2.711756
8539,8539015,16468,0.829242
8540,8540010,39241,1.975972
8541,8541012,39833,2.005782
8542,8542013,16291,0.820330
8543,8543014,53853,2.711756
8544,8544014,16516,0.831659
8545,8545014,39417,1.984834
8546,8546010,39961,2.012227
8547,8547012,16339,0.822747
8548,8548013,53821,2.710144
8549,8549015,16468,0.829242
8550,8550009,39273,1.977583
8551,8551010,39833,2.005782
8552,8552011,16275,0.819524
8553,8553012,53821,2.710144
8554,8554015,16388,0.825214
8555,8555009,39145,1.971138
8556,8556010,39897,2.009004
8557,8557012,16259,0.818718
8558,8558013,53821,2.710144
8559,8559015,16516,0.831659
8560,8560008,39161,1.971943
8561,8561011,39737,2.000948
8562,8562015,16388,0.825214
8563,8563009,53821,2.710144
8564,8564010,16676,0.839716
8565,8565011,39273,1.977583
8566,8566013,39785,2.003364
8567,8567014,16339,0.822747
8568,8568016,53725,2.705310
8569,8569009,16660,0.838910
8570,8570012,39385,1.983223
8571,8571014,39801,2.004170
8572,8572015,16371,0.824358
8573,8573009,53885,2.713367
8574,8574011,16628,0.837299
8575,8575012,39257,1.976777
8576,8576013,39817,2.004976
8577,8577014,16371,0.824358
8578,8578010,53869,2.712561
8579,8579012,16564,0.834076
8580,8580014,39417,1.984834
8581,8581015,39673,1.997725
8582,8582009,16195,0.815495
8583,8583010,53805,2.709338
8584,8584011,16644,0.838105
8585,8585013,39401,1.984028
8586,8586008,39977,2.013033
8587,8587011,16275,0.819524
8588,8588013,53869,2.712561
8589,8589014,16548,0.833271
8590,8590015,39497,1.988862
8591,8591009,39961,2.012227
8592,8592011,16243,0.817913
8593,8593012,53837,2.710950
8594,8594015,16484,0.830048
8595,8595009,39241,1.975972
8596,8596010,39865,2.007393
8597,8597012,16259,0.818718
8598,8598014,53869,2.712561
8599,8599015,16484,0.830048
8600,8600010,39225,1.975166
8601,8601012,39785,2.003364
8602,8602014,16339,0.822747
8603,8603009,53837,2.710950
8604,8604010,16644,0.838105
8605,8605010,39177,1.972749
8606,8606011,39881,2.008198
8607,8607013,16323,0.821941
8608,8608013,53869,2.712561
8609,8609009,16676,0.839716
8610,8610011,39225,1.975166
8611,8611012,39849,2.006587
8612,8612014,16339,0.822747
8613,8613016,53869,2.712561
8614,8614010,16660,0.838910
8615,8615011,39305,1.979194
8616,8616012,39801,2.004170
8617,8617015,16388,0.825214
8618,8618009,53853,2.711756
8619,8619010,16644,0.838105
8620,8620011,39257,1.976777
8621,8621013,39737,2.000948
8622,8622014,16339,0.822747
8623,8623008,53805,2.709338
8624,8624009,16644,0.838105
8625,8625013,39321,1.980000
8626,8626016,39625,1.995308
8627,8627009,16227,0.817107
8628,8628011,53789,2.708533
8629,8629013,16660,0.838910
8630,8630014,39433,1.985640
8631,8631009,40009,2.014644
8632,8632010,16227,0.817107
8633,8633012,53837,2.710950
8634,8634015,16484,0.830048
8635,8635009,39209,1.974360
8636,8636011,39897,2.009004
8637,8637011,16227,0.817107
8638,8638013,53885,2.713367
8639,8639014,16436,0.827631
8640,8640016,39465,1.987251
8641,8641012,39721,2.000142
8642,8642015,16404,0.826020
8643,8643009,53837,2.710950
8644,8644010,16660,0.838910
8645,8645011,39305,1.979194
8646,8646013,39801,2.004170
8647,8647014,16371,0.824358
8648,8648009,53853,2.711756
8649,8649013,16564,0.834076
8650,8650014,39449,1.986445
8651,8651014,39785,2.003364
8652,8652009,16227,0.817107
8653,8653010,53805,2.709338
8654,8654012,16612,0.836493
8655,8655014,39369,1.982417
8656,8656015,39657,1.996919
8657,8657013,16339,0.822747
8658,8658015,53837,2.710950
8659,8659009,16628,0.837299
8660,8660012,39305,1.979194
8661,8661014,39705,1.999336
8662,8662015,16307,0.821135
8663,8663008,53821,2.710144
8664,8664010,16644,0.838105
8665,8665014,39497,1.988862
8666,8666008,39977,2.013033
8667,8667009,16227,0.817107
8668,8668010,53853,2.711756
8669,8669012,16548,0.833271
8670,8670013,39497,1.988862
8671,8671015,39657,1.996919
8672,8672009,16227,0.817107
8673,8673013,53821,2.710144
8674,8674015,16452,0.828437
8675,8675009,39145,1.971138
8676,8676010,39897,2.009004
8677,8677011,16259,0.818718
8678,8678013,54157,2.727064
8679,8679014,16644,0.838105
8680,8680015,39497,1.988862
8681,8681014,39689,1.998530
8682,8682010,16275,0.819524
8683,8683011,53869,2.712561
8684,8684013,16516,0.831659
8685,8685014,39417,1.984834
8686,8686015,39657,1.996919
8687,8687009,16227,0.817107
8688,8688010,53789,2.708533
8689,8689015,16468,0.829242
8690,8690013,39401,1.984028
8691,8691013,39705,1.999336
8692,8692014,16275,0.819524
8693,8693008,53901,2.714173
8694,8694010,16660,0.838910
8695,8695012,39321,1.980000
8696,8696013,39689,1.998530
8697,8697011,16291,0.820330
8698,8698014,53789,2.708533
8699,8699009,16676,0.839716
8700,8700010,39241,1.975972
8701,8701012,39785,2.003364
8702,8702013,16243,0.817913
8703,8703015,53837,2.710950
8704,8704008,16692,0.840522
8705,8705016,39561,1.992085
8706,8706011,39785,2.003364
8707,8707013,16339,0.822747
8708,8708015,53805,2.709338
8709,8709008,16692,0.840522
8710,8710011,39257,1.976777
8711,8711012,39849,2.006587
8712,8712013,16307,0.821135
8713,8713010,53805,2.709338
8714,8714013,16580,0.834882
8715,8715014,39433,1.985640
8716,8716015,39577,1.992891
8717,8717009,16211,0.816301
8718,8718011,53837,2.710950
8719,8719013,16564,0.834076
8720,8720013,39417,1.984834
8721,8721012,39897,2.009004
8722,8722014,16404,0.826020
8723,8723016,53805,2.709338
8724,8724009,16692,0.840522
8725,8725010,39225,1.975166
8726,8726012,39849,2.006587
8727,8727013,16275,0.819524
8728,8728015,53853,2.711756
8729,8729014,16404,0.826020
8730,8730011,39289,1.978389
8731,8731013,39737,2.000948
8732,8732014,16404,0.826020
8733,8733015,53821,2.710144
8734,8734009,16692,0.840522
8735,8735011,39273,1.977583
8736,8736012,39801,2.004170
8737,8737012,16307,0.821135
8738,8738013,53869,2.712561
8739,8739014,16532,0.832465
8740,8740009,39161,1.971943
8741,8741010,39881,2.008198
8742,8742011,16339,0.822747
8743,8743013,53885,2.713367
8744,8744015,16484,0.830048
8745,8745013,39449,1.986445
8746,8746010,39897,2.009004
8747,8747013,16339,0.822747
8748,8748014,53885,2.713367
8749,8749009,16660,0.838910
8750,8750010,39321,1.980000
8751,8751011,39865,2.007393
8752,8752012,16275,0.819524
8753,8753012,53837,2.710950
8754,8754014,16596,0.835688
8755,8755009,39145,1.971138
8756,8756011,39865,2.007393
8757,8757012,16323,0.821941
8758,8758013,53805,2.709338
8759,8759015,16516,0.831659
8760,8760010,39193,1.973554
8761,8761011,39833,2.005782
8762,8762014,16339,0.822747
8763,8763015,53837,2.710950
8764,8764009,16676,0.839716
8765,8765011,39225,1.975166
8766,8766012,39817,2.004976
8767,8767013,16291,0.820330
8768,8768014,53869,2.712561
8769,8769015,16436,0.827631
8770,8770012,39337,1.980806
8771,8771014,39753,2.001753
8772,8772015,16388,0.825214
8773,8773009,53869,2.712561
8774,8774010,16660,0.838910
8775,8775011,39321,1.980000
8776,8776013,39721,2.000142
8777,8777014,16339,0.822747
8778,8778009,53869,2.712561
8779,8779010,16644,0.838105
8780,8780012,39321,1.980000
8781,8781014,39721,2.000142
8782,8782015,16404,0.826020
8783,8783009,53805,2.709338
8784,8784010,16756,0.843745
8785,8785011,39321,1.980000
8786,8786014,39689,1.998530
8787,8787009,16195,0.815495
8788,8788010,53805,2.709338
8789,8789012,16580,0.834882
8790,8790013,39353,1.981611
8791,8791015,39705,1.999336
8792,8792015,16371,0.824358
8793,8793010,53821,2.710144
8794,8794013,16612,0.836493
8795,8795014,39417,1.984834
8796,8796016,39625,1.995308
8797,8797010,16211,0.816301
8798,8798012,53853,2.711756
8799,8799014,16580,0.834882
8800,8800015,39481,1.988057
8801,8801009,39929,2.010616
8802,8802014,16355,0.823552
8803,8803009,53837,2.710950
8804,8804011,16660,0.838910
8805,8805013,39337,1.980806
8806,8806015,39705,1.999336
8807,8807009,16179,0.814690
8808,8808010,53837,2.710950
8809,8809012,16612,0.836493
8810,8810014,39433,1.985640
8811,8811008,39961,2.012227
8812,8812011,16275,0.819524
8813,8813012,53821,2.710144
8814,8814013,16596,0.835688
8815,8815015,39433,1.985640
8816,8816009,39945,2.011421
8817,8817011,16275,0.819524
8818,8818013,53853,2.711756
8819,8819016,16500,0.830854
8820,8820009,39145,1.971138
8821,8821010,39929,2.010616
8822,8822011,16275,0.819524
8823,8823014,53869,2.712561
8824,8824015,16500,0.830854
8825,8825009,39129,1.970332
8826,8826012,39913,2.009810
8827,8827014,16307,0.821135
8828,8828015,53789,2.708533
8829,8829009,16692,0.840522
8830,8830010,39305,1.979194
8831,8831012,39833,2.005782
8832,8832013,16291,0.820330
8833,8833015,53885,2.713367
8834,8834009,16676,0.839716
8835,8835011,39337,1.980806
8836,8836013,39769,2.002559
8837,8837015,16388,0.825214
8838,8838009,53853,2.711756
8839,8839011,16708,0.841327
8840,8840012,39305,1.979194
8841,8841014,39737,2.000948
8842,8842009,16211,0.816301
8843,8843010,53837,2.710950
8844,8844011,16612,0.836493
8845,8845013,39369,1.982417
8846,8846013,39817,2.004976
8847,8847015,16339,0.822747
8848,8848009,53789,2.708533
8849,8849013,16548,0.833271
8850,8850008,39113,1.969526
8851,8851010,39945,2.011421
8852,8852011,16307,0.821135
8853,8853012,53821,2.710144
8854,8854013,16580,0.834882
8855,8855014,39369,1.982417
8856,8856009,40041,2.016255
8857,8857012,16388,0.825214
8858,8858013,53837,2.710950
8859,8859015,16516,0.831659
8860,8860009,39113,1.969526
8861,8861010,39945,2.011421
8862,8862012,16259,0.818718
8863,8863012,53901,2.714173
8864,8864014,16548,0.833271
8865,8865009,39161,1.971943
8866,8866011,39881,2.008198
8867,8867013,16307,0.821135
8868,8868014,53853,2.711756
8869,8869015,16500,0.830854
8870,8870009,39161,1.971943
8871,8871010,39993,2.013838
8872,8872011,16227,0.817107
8873,8873015,53821,2.710144
8874,8874009,16692,0.840522
8875,8875011,39193,1.973554
8876,8876013,39849,2.006587
8877,8877014,16307,0.821135
8878,8878015,53885,2.713367
8879,8879009,16724,0.842133
8880,8880011,39225,1.975166
8881,8881013,39737,2.000948
8882,8882015,16452,0.828437
8883,8883009,53901,2.714173
8884,8884011,16628,0.837299
8885,8885013,39369,1.982417
8886,8886015,39657,1.996919
8887,8887009,16163,0.813884
8888,8888010,53741,2.706116
8889,8889014,16500,0.830854
8890,8890010,39241,1.975972
8891,8891012,39817,2.004976
8892,8892013,16339,0.822747
8893,8893014,53821,2.710144
8894,8894009,16676,0.839716
8895,8895011,39225,1.975166
8896,8896012,39817,2.004976
8897,8897010,16179,0.814690
8898,8898010,53805,2.709338
8899,8899012,16644,0.838105
8900,8900013,39337,1.980806
8901,8901014,39769,2.002559
8902,8902016,16436,0.827631
8903,8903009,53821,2.710144
8904,8904011,16660,0.838910
8905,8905015,39385,1.983223
8906,8906010,39977,2.013033
8907,8907011,16243,0.817913
8908,8908013,53837,2.710950
8909,8909015,16516,0.831659
8910,8910009,39129,1.970332
8911,8911010,39929,2.010616
8912,8912011,16291,0.820330
8913,8913016,53821,2.710144
8914,8914011,16692,0.840522
8915,8915013,39321,1.980000
8916,8916015,39657,1.996919
8917,8917008,16163,0.813884
8918,8918010,53853,2.711756
8919,8919011,16660,0.838910
8920,8920012,39337,1.980806
8921,8921010,39945,2.011421
8922,8922012,16323,0.821941
8923,8923013,53869,2.712561
8924,8924014,16532,0.832465
8925,8925015,39449,1.986445
8926,8926010,39961,2.012227
8927,8927011,16259,0.818718
8928,8928013,53789,2.708533
8929,8929010,16628,0.837299
8930,8930015,39481,1.988057
8931,8931009,39945,2.011421
8932,8932010,16243,0.817913
8933,8933011,53853,2.711756
8934,8934013,16596,0.835688
8935,8935015,39449,1.986445
8936,8936008,40041,2.016255
8937,8937014,16355,0.823552
8938,8938010,53885,2.713367
8939,8939011,16612,0.836493
8940,8940012,39337,1.980806
8941,8941015,39689,1.998530
8942,8942016,16371,0.824358
8943,8943010,53821,2.710144
8944,8944011,16660,0.838910
8945,8945008,39129,1.970332
8946,8946011,39849,2.006587
8947,8947012,16307,0.821135
8948,8948013,53837,2.710950
8949,8949008,16756,0.843745
8950,8950009,39113,1.969526
8951,8951010,39913,2.009810
8952,8952012,16275,0.819524
8953,8953010,53853,2.711756
8954,8954012,16628,0.837299
8955,8955014,39385,1.983223
8956,8956015,39625,1.995308
8957,8957009,16195,0.815495
8958,8958011,53885,2.713367
8959,8959012,16628,0.837299
8960,8960014,39369,1.982417
8961,8961013,39721,2.000142
8962,8962009,16211,0.816301
8963,8963011,53821,2.710144
8964,8964013,16500,0.830854
8965,8965015,39449,1.986445
8966,8966009,39993,2.013838
8967,8967011,16227,0.817107
8968,8968013,53773,2.707727
8969,8969011,16660,0.838910
8970,8970015,39401,1.984028
8971,8971010,39961,2.012227
8972,8972011,16211,0.816301
8973,8973012,53885,2.713367
8974,8974014,16612,0.836493
8975,8975015,39481,1.988057
8976,8976009,39977,2.013033
8977,8977009,16195,0.815495
8978,8978011,53933,2.715784
8979,8979013,16596,0.835688
8980,8980015,39401,1.984028
8981,8981009,40025,2.015450
8982,8982010,16259,0.818718
8983,8983013,53837,2.710950
8984,8984014,16500,0.830854
8985,8985014,39385,1.983223
8986,8986009,39945,2.011421
8987,8987010,16195,0.815495
8988,8988011,53869,2.712561
8989,8989012,16564,0.834076
8990,8990014,39417,1.984834
8991,8991016,39657,1.996919
8992,8992010,16163,0.813884
8993,8993011,53869,2.712561
8994,8994014,16548,0.833271
8995,8995009,39161,1.971943
8996,8996010,39913,2.009810
8997,8997011,16259,0.818718
8998,8998013,53869,2.712561
8999,8999014,16564,0.834076
9000,9000015,39273,1.977583
9001,9001014,39721,2.000142
9002,9002009,16227,0.817107
9003,9003010,53885,2.713367
9004,9004011,16660,0.838910
9005,9005012,39305,1.979194
9006,9006014,39801,2.004170
9007,9007016,16371,0.824358
9008,9008010,53789,2.708533
9009,9009010,16708,0.841327
9010,9010014,39401,1.984028
9011,9011016,39657,1.996919
9012,9012009,16179,0.814690
9013,9013011,53837,2.710950
9014,9014013,16580,0.834882
9015,9015014,39369,1.982417
9016,9016009,39993,2.013838
9017,9017010,16195,0.815495
9018,9018014,53869,2.712561
9019,9019009,16772,0.844550
9020,9020011,39209,1.974360
9021,9021012,39817,2.004976
9022,9022013,16307,0.821135
9023,9023015,53901,2.714173
9024,9024010,16676,0.839716
9025,9025012,39321,1.980000
9026,9026014,39753,2.001753
9027,9027009,16147,0.813078
9028,9028010,53805,2.709338
9029,9029012,16644,0.838105
9030,9030013,39321,1.980000
9031,9031015,39721,2.000142
9032,9032009,16211,0.816301
9033,9033009,53901,2.714173
9034,9034014,16580,0.834882
9035,9035015,39433,1.985640
9036,9036010,39913,2.009810
9037,9037011,16195,0.815495
9038,9038012,53869,2.712561
9039,9039014,16564,0.834076
9040,9040015,39481,1.988057
9041,9041010,39913,2.009810
9042,9042013,16307,0.821135
9043,9043014,53853,2.711756
9044,9044008,16708,0.841327
9045,9045010,39209,1.974360
9046,9046011,39913,2.009810
9047,9047013,16275,0.819524
9048,9048015,53837,2.710950
9049,9049009,16676,0.839716
9050,9050013,39369,1.982417
9051,9051013,39753,2.001753
9052,9052015,16339,0.822747
9053,9053015,53853,2.711756
9054,9054009,16708,0.841327
9055,9055010,39225,1.975166
9056,9056012,39785,2.003364
9057,9057014,16371,0.824358
9058,9058011,53869,2.712561
9059,9059013,16596,0.835688
9060,9060015,39369,1.982417
9061,9061009,40009,2.014644
9062,9062010,16243,0.817913
9063,9063012,53917,2.714978
9064,9064013,16580,0.834882
9065,9065015,39433,1.985640
9066,9066011,39977,2.013033
9067,9067013,16259,0.818718
9068,9068014,53917,2.714978
9069,9069009,16708,0.841327
9070,9070011,39305,1.979194
9071,9071012,39849,2.006587
9072,9072014,16195,0.815495
9073,9073009,53869,2.712561
9074,9074013,16580,0.834882
9075,9075014,39385,1.983223
9076,9076015,39721,2.000142
9077,9077008,16179,0.814690
9078,9078010,53821,2.710144
9079,9079012,16580,0.834882
9080,9080013,39321,1.980000
9081,9081015,39705,1.999336
9082,9082010,16259,0.818718
9083,9083012,53821,2.710144
9084,9084013,16564,0.834076
9085,9085014,39369,1.982417
9086,9086009,39993,2.013838
9087,9087011,16243,0.817913
9088,9088013,53821,2.710144
9089,9089016,16516,0.831659
9090,9090011,39209,1.974360
9091,9091013,39849,2.006587
9092,9092014,16323,0.821941
9093,9093009,53837,2.710950
9094,9094009,16740,0.842939
9095,9095010,39209,1.974360
9096,9096011,39849,2.006587
9097,9097014,16339,0.822747
9098,9098010,53869,2.712561
9099,9099012,16628,0.837299
9100,9100013,39321,1.980000
9101,9101014,39785,2.003364
9102,9102015,16388,0.825214
9103,9103010,53869,2.712561
9104,9104011,16660,0.838910
9105,9105015,39481,1.988057
9106,9106010,39897,2.009004
9107,9107012,16275,0.819524
9108,9108013,53853,2.711756
9109,9109014,16580,0.834882
9110,9110015,39449,1.986445
9111,9111009,39945,2.011421
9112,9112011,16243,0.817913
9113,9113015,53853,2.711756
9114,9114011,16676,0.839716
9115,9115013,39321,1.980000
9116,9116015,39689,1.998530
9117,9117009,16179,0.814690
9118,9118010,53805,2.709338
9119,9119011,16644,0.838105
9120,9120013,39273,1.977583
9121,9121009,39945,2.011421
9122,9122013,16323,0.821941
9123,9123015,53837,2.710950
9124,9124008,16756,0.843745
9125,9125009,39145,1.971138
9126,9126011,39961,2.012227
9127,9127012,16275,0.819524
9128,9128014,53901,2.714173
9129,9129011,16708,0.841327
9130,9130013,39337,1.980806
9131,9131014,39737,2.000948
9132,9132008,16147,0.813078
9133,9133010,53821,2.710144
9134,9134012,16628,0.837299
9135,9135013,39337,1.980806
9136,9136015,39769,2.002559
9137,9137012,16291,0.820330
9138,9138009,53885,2.713367
9139,9139010,16708,0.841327
9140,9140011,39241,1.975972
9141,9141013,39817,2.004976
9142,9142014,16339,0.822747
9143,9143015,53821,2.710144
9144,9144009,16692,0.840522
9145,9145014,39353,1.981611
9146,9146009,40073,2.017867
9147,9147010,16211,0.816301
9148,9148012,53901,2.714173
9149,9149014,16580,0.834882
9150,9150014,39401,1.984028
9151,9151009,40057,2.017061
9152,9152011,16211,0.816301
9153,9153010,53901,2.714173
9154,9154012,16676,0.839716
9155,9155013,39369,1.982417
9156,9156015,39705,1.999336
9157,9157009,16195,0.815495
9158,9158010,53821,2.710144
9159,9159011,16644,0.838105
9160,9160013,39289,1.978389
9161,9161011,39897,2.009004
9162,9162013,16291,0.820330
9163,9163015,53901,2.714173
9164,9164009,16708,0.841327
9165,9165010,39241,1.975972
9166,9166012,39881,2.008198
9167,9167013,16323,0.821941
9168,9168015,53805,2.709338
9169,9169012,16644,0.838105
9170,9170014,39401,1.984028
9171,9171016,39721,2.000142
9172,9172010,16211,0.816301
9173,9173012,53789,2.708533
9174,9174013,16596,0.835688
9175,9175015,39449,1.986445
9176,9176009,39977,2.013033
9177,9177015,16404,0.826020
9178,9178010,53917,2.714978
9179,9179012,16660,0.838910
9180,9180013,39273,1.977583
9181,9181015,39817,2.004976
9182,9182008,16163,0.813884
9183,9183010,53789,2.708533
9184,9184012,16532,0.832465
9185,9185011,39257,1.976777
9186,9186013,39833,2.005782
9187,9187014,16339,0.822747
9188,9188008,53917,2.714978
9189,9189010,16660,0.838910
9190,9190011,39257,1.976777
9191,9191013,39817,2.004976
9192,9192015,16275,0.819524
9193,9193014,53805,2.709338
9194,9194010,16660,0.838910
9195,9195013,39289,1.978389
9196,9196014,39769,2.002559
9197,9197015,16339,0.822747
9198,9198010,53869,2.712561
9199,9199011,16644,0.838105
9200,9200012,39273,1.977583
9201,9201011,39881,2.008198
9202,9202015,16339,0.822747
9203,9203015,53869,2.712561
9204,9204010,16692,0.840522
9205,9205011,39209,1.974360
9206,9206013,39865,2.007393
9207,9207014,16339,0.822747
9208,9208016,53901,2.714173
9209,9209009,16692,0.840522
9210,9210012,39273,1.977583
9211,9211014,39849,2.006587
9212,9212015,16404,0.826020
9213,9213009,53789,2.708533
9214,9214010,16708,0.841327
9215,9215011,39193,1.973554
9216,9216013,39721,2.000142
9217,9217012,16259,0.818718
9218,9218015,53869,2.712561
9219,9219009,16692,0.840522
9220,9220010,39129,1.970332
9221,9221012,39897,2.009004
9222,9222013,16355,0.823552
9223,9223015,53853,2.711756
9224,9224010,16676,0.839716
9225,9225010,39193,1.973554
9226,9226014,39785,2.003364
9227,9227016,16371,0.824358
9228,9228010,53837,2.710950
9229,9229011,16676,0.839716
9230,9230012,39321,1.980000
9231,9231015,39769,2.002559
9232,9232009,16147,0.813078
9233,9233009,53901,2.714173
9234,9234010,16724,0.842133
9235,9235012,39273,1.977583
9236,9236014,39769,2.002559
9237,9237014,16323,0.821941
9238,9238008,53821,2.710144
9239,9239010,16676,0.839716
9240,9240011,39289,1.978389
9241,9241012,39881,2.008198
9242,9242013,16323,0.821941
9243,9243014,53933,2.715784
9244,9244009,16724,0.842133
9245,9245010,39177,1.972749
9246,9246012,39865,2.007393
9247,9247013,16307,0.821135
9248,9248015,53821,2.710144
9249,9249009,16708,0.841327
9250,9250010,39177,1.972749
9251,9251011,39913,2.009810
9252,9252013,16259,0.818718
9253,9253014,53805,2.709338
9254,9254009,16740,0.842939
9255,9255010,39177,1.972749
9256,9256011,39929,2.010616
9257,9257013,16291,0.820330
9258,9258014,53773,2.707727
9259,9259015,16532,0.832465
9260,9260010,39129,1.970332
9261,9261011,39865,2.007393
9262,9262012,16339,0.822747
9263,9263013,53821,2.710144
9264,9264015,16484,0.830048
9265,9265008,39193,1.973554
9266,9266013,39769,2.002559
9267,9267009,16227,0.817107
9268,9268010,53837,2.710950
9269,9269012,16628,0.837299
9270,9270014,39353,1.981611
9271,9271015,39705,1.999336
9272,9272009,16147,0.813078
9273,9273011,53949,2.716590
9274,9274015,16628,0.837299
9275,9275009,39113,1.969526
9276,9276011,39865,2.007393
9277,9277013,16259,0.818718
9278,9278014,53869,2.712561
9279,9279016,16516,0.831659
9280,9280009,39129,1.970332
9281,9281011,39897,2.009004
9282,9282012,16259,0.818718
9283,9283013,53805,2.709338
9284,9284015,16516,0.831659
9285,9285009,39113,1.969526
9286,9286010,39945,2.011421
9287,9287012,16243,0.817913
9288,9288013,53837,2.710950
9289,9289014,16532,0.832465
9290,9290016,39465,1.987251
9291,9291010,39993,2.013838
9292,9292011,16211,0.816301
9293,9293011,53853,2.711756
9294,9294013,16596,0.835688
9295,9295014,39417,1.984834
9296,9296015,39705,1.999336
9297,9297011,16275,0.819524
9298,9298014,53869,2.712561
9299,9299008,16772,0.844550
9300,9300009,39177,1.972749
9301,9301010,39961,2.012227
9302,9302012,16227,0.817107
9303,9303013,53837,2.710950
9304,9304014,16564,0.834076
9305,9305009,39161,1.971943
9306,9306011,39945,2.011421
9307,9307012,16259,0.818718
9308,9308014,53837,2.710950
9309,9309016,16532,0.832465
9310,9310009,39177,1.972749
9311,9311011,39833,2.005782
9312,9312013,16291,0.820330
9313,9313015,53853,2.711756
9314,9314010,16740,0.842939
9315,9315010,39161,1.971943
9316,9316012,39865,2.007393
9317,9317013,16307,0.821135
9318,9318014,53885,2.713367
9319,9319016,16500,0.830854
9320,9320009,39145,1.971138
9321,9321012,39849,2.006587
9322,9322014,16355,0.823552
9323,9323008,53805,2.709338
9324,9324010,16708,0.841327
9325,9325012,39257,1.976777
9326,9326014,39801,2.004170
9327,9327015,16339,0.822747
9328,9328010,53917,2.714978
9329,9329013,16612,0.836493
9330,9330010,39177,1.972749
9331,9331011,39897,2.009004
9332,9332012,16211,0.816301
9333,9333014,53805,2.709338
9334,9334009,16756,0.843745
9335,9335010,39145,1.971138
9336,9336011,39913,2.009810
9337,9337015,16371,0.824358
9338,9338011,53901,2.714173
9339,9339012,16612,0.836493
9340,9340013,39337,1.980806
9341,9341014,39737,2.000948
9342,9342008,16179,0.814690
9343,9343009,53789,2.708533
9344,9344011,16628,0.837299
9345,9345015,39449,1.986445
9346,9346009,39993,2.013838
9347,9347010,16211,0.816301
9348,9348011,53885,2.713367
9349,9349012,16564,0.834076
9350,9350013,39273,1.977583
9351,9351014,39817,2.004976
9352,9352015,16355,0.823552
9353,9353011,53773,2.707727
9354,9354014,16564,0.834076
9355,9355015,39353,1.981611
9356,9356009,40009,2.014644
9357,9357010,16211,0.816301
9358,9358011,53869,2.712561
9359,9359013,16596,0.835688
9360,9360014,39353,1.981611
9361,9361011,39929,2.010616
9362,9362013,16243,0.817913
9363,9363014,53805,2.709338
9364,9364008,16724,0.842133
9365,9365010,39161,1.971943
9366,9366013,39849,2.006587
9367,9367014,16339,0.822747
9368,9368015,53805,2.709338
9369,9369014,16580,0.834882
9370,9370009,39145,1.971138
9371,9371010,40009,2.014644
9372,9372011,16259,0.818718
9373,9373013,53853,2.711756
9374,9374015,16532,0.832465
9375,9375009,39081,1.967915
9376,9376010,39961,2.012227
9377,9377015,16355,0.823552
9378,9378010,53853,2.711756
9379,9379011,16692,0.840522
9380,9380012,39305,1.979194
9381,9381013,39817,2.004976
9382,9382015,16388,0.825214
9383,9383009,53853,2.711756
9384,9384010,16676,0.839716
9385,9385016,39465,1.987251
9386,9386011,39961,2.012227
9387,9387013,16275,0.819524
9388,9388014,53869,2.712561
9389,9389008,16772,0.844550
9390,9390009,39097,1.968720
9391,9391010,39977,2.013033
9392,9392012,16259,0.818718
9393,9393011,53837,2.710950
9394,9394013,16596,0.835688
9395,9395014,39337,1.980806
9396,9396015,39737,2.000948
9397,9397009,16195,0.815495
9398,9398011,53885,2.713367
9399,9399013,16596,0.835688
9400,9400014,39337,1.980806
9401,9401014,39817,2.004976
9402,9402015,16355,0.823552
9403,9403009,53789,2.708533
9404,9404010,16660,0.838910
9405,9405012,39353,1.981611
9406,9406014,39785,2.003364
9407,9407015,16388,0.825214
9408,9408009,53805,2.709338
9409,9409015,16532,0.832465
9410,9410010,39177,1.972749
9411,9411011,39897,2.009004
9412,9412013,16323,0.821941
9413,9413015,53901,2.714173
9414,9414009,16788,0.845356
9415,9415011,39225,1.975166
9416,9416013,39817,2.004976
9417,9417012,16307,0.821135
9418,9418015,53741,2.706116
9419,9419009,16756,0.843745
9420,9420010,39177,1.972749
9421,9421012,39913,2.009810
9422,9422013,16291,0.820330
9423,9423015,53869,2.712561
9424,9424009,16724,0.842133
9425,9425008,39177,1.972749
9426,9426011,39897,2.009004
9427,9427012,16259,0.818718
9428,9428014,53885,2.713367
9429,9429015,16548,0.833271
9430,9430008,39161,1.971943
9431,9431010,39945,2.011421
9432,9432011,16307,0.821135
9433,9433011,53869,2.712561
9434,9434013,16628,0.837299
9435,9435015,39417,1.984834
9436,9436015,39737,2.000948
9437,9437009,16147,0.813078
9438,9438011,53869,2.712561
9439,9439012,16580,0.834882
9440,9440013,39321,1.980000
9441,9441013,39721,2.000142
9442,9442016,16388,0.825214
9443,9443010,53853,2.711756
9444,9444011,16692,0.840522
9445,9445012,39241,1.975972
9446,9446014,39785,2.003364
9447,9447015,16355,0.823552
9448,9448009,53837,2.710950
9449,9449015,16548,0.833271
9450,9450010,39177,1.972749
9451,9451011,39913,2.009810
9452,9452012,16227,0.817107
9453,9453014,53837,2.710950
9454,9454015,16548,0.833271
9455,9455009,39129,1.970332
9456,9456010,39961,2.012227
9457,9457011,16243,0.817913
9458,9458013,53965,2.717395
9459,9459015,16532,0.832465
9460,9460009,39129,1.970332
9461,9461011,39977,2.013033
9462,9462013,16243,0.817913
9463,9463014,53853,2.711756
9464,9464009,16708,0.841327
9465,9465010,39161,1.971943
9466,9466013,39817,2.004976
9467,9467015,16371,0.824358
9468,9468010,53853,2.711756
9469,9469011,16740,0.842939
9470,9470013,39353,1.981611
9471,9471015,39769,2.002559
9472,9472009,16163,0.813884
9473,9473010,53821,2.710144
9474,9474012,16676,0.839716
9475,9475013,39273,1.977583
9476,9476015,39705,1.999336
9477,9477008,16083,0.809856
9478,9478010,53837,2.710950
9479,9479011,16676,0.839716
9480,9480013,39305,1.979194
9481,9481014,39849,2.006587
9482,9482008,16147,0.813078
9483,9483010,53821,2.710144
9484,9484011,16644,0.838105
9485,9485012,39273,1.977583
9486,9486014,39881,2.008198
9487,9487015,16355,0.823552
9488,9488009,53837,2.710950
9489,9489010,16692,0.840522
9490,9490013,39289,1.978389
9491,9491015,39753,2.001753
9492,9492009,16195,0.815495
9493,9493010,53821,2.710144
9494,9494012,16660,0.838910
9495,9495014,39305,1.979194
9496,9496015,39833,2.005782
9497,9497009,16147,0.813078
9498,9498011,53885,2.713367
9499,9499012,16660,0.838910
9500,9500014,39353,1.981611
9501,9501015,39769,2.002559
9502,9502009,16131,0.812273
9503,9503010,53917,2.714978
9504,9504012,16628,0.837299
9505,9505014,39353,1.981611
9506,9506009,40025,2.015450
9507,9507009,16179,0.814690
9508,9508010,53805,2.709338
9509,9509012,16676,0.839716
9510,9510013,39305,1.979194
9511,9511015,39737,2.000948
9512,9512008,16083,0.809856
9513,9513010,53869,2.712561
9514,9514014,16612,0.836493
9515,9515015,39385,1.983223
9516,9516009,40073,2.017867
9517,9517010,16179,0.814690
9518,9518011,53885,2.713367
9519,9519013,16596,0.835688
9520,9520014,39305,1.979194
9521,9521009,40057,2.017061
9522,9522011,16227,0.817107
9523,9523013,53853,2.711756
9524,9524015,16548,0.833271
9525,9525009,39065,1.967109
9526,9526010,40009,2.014644
9527,9527011,16163,0.813884
9528,9528013,53885,2.713367
9529,9529015,16532,0.832465
9530,9530010,39129,1.970332
9531,9531011,39977,2.013033
9532,9532012,16227,0.817107
9533,9533014,53917,2.714978
9534,9534015,16532,0.832465
9535,9535010,39145,1.971138
9536,9536011,39913,2.009810
9537,9537016,16371,0.824358
9538,9538010,53821,2.710144
9539,9539012,16644,0.838105
9540,9540013,39289,1.978389
9541,9541014,39785,2.003364
9542,9542015,16355,0.823552
9543,9543010,53885,2.713367
9544,9544011,16740,0.842939
9545,9545015,39369,1.982417
9546,9546010,40025,2.015450
9547,9547012,16275,0.819524
9548,9548013,53805,2.709338
9549,9549014,16628,0.837299
9550,9550015,39417,1.984834
9551,9551009,40025,2.015450
9552,9552011,16243,0.817913
9553,9553015,53933,2.715784
9554,9554009,16756,0.843745
9555,9555011,39209,1.974360
9556,9556012,39897,2.009004
9557,9557014,16307,0.821135
9558,9558015,53885,2.713367
9559,9559008,16772,0.844550
9560,9560010,39113,1.969526
9561,9561014,39817,2.004976
9562,9562010,16211,0.816301
9563,9563012,53885,2.713367
9564,9564014,16548,0.833271
9565,9565014,39385,1.983223
9566,9566009,40041,2.016255
9567,9567011,16115,0.811467
9568,9568012,53837,2.710950
9569,9569008,16756,0.843745
9570,9570010,39113,1.969526
9571,9571012,39945,2.011421
9572,9572013,16259,0.818718
9573,9573014,53869,2.712561
9574,9574008,16724,0.842133
9575,9575010,39145,1.971138
9576,9576011,39945,2.011421
9577,9577015,16388,0.825214
9578,9578011,53949,2.716590
9579,9579012,16612,0.836493
9580,9580014,39289,1.978389
9581,9581015,39769,2.002559
9582,9582008,16131,0.812273
9583,9583010,53885,2.713367
9584,9584011,16660,0.838910
9585,9585008,39065,1.967109
9586,9586010,39961,2.012227
9587,9587012,16147,0.813078
9588,9588013,53869,2.712561
9589,9589015,16580,0.834882
9590,9590009,39113,1.969526
9591,9591011,39929,2.010616
9592,9592013,16275,0.819524
9593,9593010,53821,2.710144
9594,9594013,16660,0.838910
9595,9595015,39337,1.980806
9596,9596009,40041,2.016255
9597,9597011,16259,0.818718
9598,9598013,53789,2.708533
9599,9599016,16532,0.832465
9600,9600010,39129,1.970332
9601,9601015,39801,2.004170
9602,9602009,16179,0.814690
9603,9603011,53853,2.711756
9604,9604013,16596,0.835688
9605,9605014,39417,1.984834
9606,9606015,39721,2.000142
9607,9607009,16147,0.813078
9608,9608010,53789,2.708533
9609,9609015,16596,0.835688
9610,9610010,39145,1.971138
9611,9611012,39993,2.013838
9612,9612013,16275,0.819524
9613,9613015,53853,2.711756
9614,9614009,16772,0.844550
9615,9615010,39129,1.970332
9616,9616012,39945,2.011421
9617,9617009,16195,0.815495
9618,9618012,53869,2.712561
9619,9619013,16580,0.834882
9620,9620015,39433,1.985640
9621,9621009,40089,2.018672
9622,9622010,16211,0.816301
9623,9623012,53853,2.711756
9624,9624013,16580,0.834882
9625,9625012,39177,1.972749
9626,9626013,39865,2.007393
9627,9627015,16323,0.821941
9628,9628010,53837,2.710950
9629,9629012,16660,0.838910
9630,9630013,39257,1.976777
9631,9631014,39817,2.004976
9632,9632016,16339,0.822747
9633,9633014,53789,2.708533
9634,9634011,16692,0.840522
9635,9635012,39257,1.976777
9636,9636014,39785,2.003364
9637,9637009,16147,0.813078
9638,9638009,53821,2.710144
9639,9639010,16724,0.842133
9640,9640012,39193,1.973554
9641,9641011,39945,2.011421
9642,9642014,16323,0.821941
9643,9643014,53885,2.713367
9644,9644008,16740,0.842939
9645,9645010,39145,1.971138
9646,9646011,39945,2.011421
9647,9647014,16275,0.819524
9648,9648015,53821,2.710144
9649,9649013,16644,0.838105
9650,9650015,39385,1.983223
9651,9651009,40089,2.018672
9652,9652010,16163,0.813884
9653,9653012,53885,2.713367
9654,9654013,16676,0.839716
9655,9655015,39337,1.980806
9656,9656009,40041,2.016255
9657,9657016,16355,0.823552
9658,9658010,53853,2.711756
9659,9659012,16676,0.839716
9660,9660013,39241,1.975972
9661,9661015,39785,2.003364
9662,9662009,16163,0.813884
9663,9663010,53901,2.714173
9664,9664012,16612,0.836493
9665,9665012,39273,1.977583
9666,9666014,39785,2.003364
9667,9667015,16323,0.821941
9668,9668008,53789,2.708533
9669,9669010,16724,0.842133
9670,9670011,39273,1.977583
9671,9671013,39897,2.009004
9672,9672014,16307,0.821135
9673,9673013,53853,2.711756
9674,9674014,16596,0.835688
9675,9675009,39065,1.967109
9676,9676010,39961,2.012227
9677,9677011,16227,0.817107
9678,9678013,53837,2.710950
9679,9679014,16580,0.834882
9680,9680008,38985,1.963081
9681,9681015,39753,2.001753
9682,9682009,16147,0.813078
9683,9683010,53837,2.710950
9684,9684012,16644,0.838105
9685,9685012,39257,1.976777
9686,9686013,39833,2.005782
9687,9687015,16339,0.822747
9688,9688016,53837,2.710950
9689,9689009,16772,0.844550
9690,9690012,39209,1.974360
9691,9691013,39897,2.009004
9692,9692014,16275,0.819524
9693,9693015,53917,2.714978
9694,9694009,16692,0.840522
9695,9695010,39129,1.970332
9696,9696012,39897,2.009004
9697,9697012,16227,0.817107
9698,9698015,53853,2.711756
9699,9699009,16724,0.842133
9700,9700010,39145,1.971138
9701,9701012,39977,2.013033
9702,9702013,16291,0.820330
9703,9703015,53901,2.714173
9704,9704009,16708,0.841327
9705,9705010,39225,1.975166
9706,9706013,39881,2.008198
9707,9707014,16291,0.820330
9708,9708009,53837,2.710950
9709,9709010,16708,0.841327
9710,9710011,39257,1.976777
9711,9711013,39865,2.007393
9712,9712013,16307,0.821135
9713,9713014,53853,2.711756
9714,9714016,16484,0.830048
9715,9715010,39081,1.967915
9716,9716011,40025,2.015450
9717,9717012,16227,0.817107
9718,9718013,53869,2.712561
9719,9719008,16820,0.846967
9720,9720010,39145,1.971138
9721,9721013,39961,2.012227
9722,9722015,16355,0.823552
9723,9723009,53805,2.709338
9724,9724011,16692,0.840522
9725,9725012,39209,1.974360
9726,9726014,39833,2.005782
9727,9727015,16339,0.822747
9728,9728009,53837,2.710950
9729,9729011,16692,0.840522
9730,9730014,39321,1.980000
9731,9731008,40073,2.017867
9732,9732009,16131,0.812273
9733,9733010,53885,2.713367
9734,9734012,16580,0.834882
9735,9735013,39273,1.977583
9736,9736015,39769,2.002559
9737,9737009,16195,0.815495
9738,9738013,53997,2.719006
9739,9739014,16628,0.837299
9740,9740015,39321,1.980000
9741,9741009,40089,2.018672
9742,9742011,16115,0.811467
9743,9743013,53853,2.711756
9744,9744014,16628,0.837299
9745,9745010,39129,1.970332
9746,9746014,39817,2.004976
9747,9747008,16115,0.811467
9748,9748010,53821,2.710144
9749,9749011,16676,0.839716
9750,9750013,39257,1.976777
9751,9751014,39833,2.005782
9752,9752015,16323,0.821941
9753,9753010,53853,2.711756
9754,9754012,16676,0.839716
9755,9755013,39257,1.976777
9756,9756015,39769,2.002559
9757,9757009,16163,0.813884
9758,9758010,53805,2.709338
9759,9759011,16676,0.839716
9760,9760013,39241,1.975972
9761,9761014,39801,2.004170
9762,9762010,16147,0.813078
9763,9763011,53773,2.707727
9764,9764012,16660,0.838910
9765,9765014,39321,1.980000
9766,9766015,39769,2.002559
9767,9767009,16147,0.813078
9768,9768010,53805,2.709338
9769,9769015,16580,0.834882
9770,9770009,39129,1.970332
9771,9771010,39993,2.013838
9772,9772012,16227,0.817107
9773,9773013,53853,2.711756
9774,9774015,16580,0.834882
9775,9775009,39049,1.966304
9776,9776010,39993,2.013838
9777,9777013,16291,0.820330
9778,9778014,53821,2.710144
9779,9779008,16788,0.845356
9780,9780010,39065,1.967109
9781,9781011,39993,2.013838
9782,9782013,16259,0.818718
9783,9783014,53805,2.709338
9784,9784016,16564,0.834076
9785,9785012,39241,1.975972
9786,9786014,39753,2.001753
9787,9787009,16099,0.810661
9788,9788010,53773,2.707727
9789,9789012,16676,0.839716
9790,9790013,39241,1.975972
9791,9791014,39817,2.004976
9792,9792008,16115,0.811467
9793,9793013,53837,2.710950
9794,9794015,16580,0.834882
9795,9795009,39097,1.968720
9796,9796010,39977,2.013033
9797,9797012,16227,0.817107
9798,9798013,53837,2.710950
9799,9799014,16580,0.834882
9800,9800008,39049,1.966304
9801,9801012,39913,2.009810
9802,9802010,16195,0.815495
9803,9803013,53869,2.712561
9804,9804014,16612,0.836493
9805,9805016,39385,1.983223
9806,9806009,40041,2.016255
9807,9807011,16195,0.815495
9808,9808013,53805,2.709338
9809,9809010,16692,0.840522
9810,9810014,39369,1.982417
9811,9811008,40089,2.018672
9812,9812009,16163,0.813884
9813,9813010,53821,2.710144
9814,9814012,16628,0.837299
9815,9815013,39273,1.977583
9816,9816015,39785,2.003364
9817,9817011,16211,0.816301
9818,9818013,53869,2.712561
9819,9819015,16580,0.834882
9820,9820009,38985,1.963081
9821,9821011,40041,2.016255
9822,9822012,16275,0.819524
9823,9823014,53821,2.710144
9824,9824015,16468,0.829242
9825,9825014,39369,1.982417
9826,9826009,40121,2.020284
9827,9827010,16131,0.812273
9828,9828011,53965,2.717395
9829,9829012,16676,0.839716
9830,9830013,39273,1.977583
9831,9831014,39801,2.004170
9832,9832015,16339,0.822747
9833,9833013,53805,2.709338
9834,9834015,16596,0.835688
9835,9835009,39081,1.967915
9836,9836011,39913,2.009810
9837,9837011,16227,0.817107
9838,9838013,53837,2.710950
9839,9839014,16612,0.836493
9840,9840016,39417,1.984834
9841,9841015,39753,2.001753
9842,9842011,16227,0.817107
9843,9843013,53853,2.711756
9844,9844014,16596,0.835688
9845,9845015,39385,1.983223
9846,9846009,39993,2.013838
9847,9847010,16163,0.813884
9848,9848011,53853,2.711756
9849,9849010,16708,0.841327
9850,9850012,39209,1.974360
9851,9851013,39881,2.008198
9852,9852015,16291,0.820330
9853,9853008,53869,2.712561
9854,9854010,16740,0.842939
9855,9855012,39289,1.978389
9856,9856014,39785,2.003364
9857,9857012,16275,0.819524
9858,9858013,53821,2.710144
9859,9859015,16612,0.836493
9860,9860009,39033,1.965498
9861,9861010,39977,2.013033
9862,9862011,16131,0.812273
9863,9863012,53869,2.712561
9864,9864014,16596,0.835688
9865,9865013,39273,1.977583
9866,9866009,40073,2.017867
9867,9867010,16179,0.814690
9868,9868012,53821,2.710144
9869,9869014,16580,0.834882
9870,9870015,39417,1.984834
9871,9871009,40009,2.014644
9872,9872010,16179,0.814690
9873,9873009,53837,2.710950
9874,9874012,16692,0.840522
9875,9875013,39241,1.975972
9876,9876014,39865,2.007393
9877,9877009,16163,0.813884
9878,9878010,53837,2.710950
9879,9879011,16708,0.841327
9880,9880013,39273,1.977583
9881,9881012,39897,2.009004
9882,9882015,16323,0.821941
9883,9883008,53837,2.710950
9884,9884010,16708,0.841327
9885,9885011,39257,1.976777
9886,9886013,39865,2.007393
9887,9887014,16291,0.820330
9888,9888008,53805,2.709338
9889,9889015,16564,0.834076
9890,9890009,39065,1.967109
9891,9891011,40009,2.014644
9892,9892012,16227,0.817107
9893,9893013,53901,2.714173
9894,9894015,16612,0.836493
9895,9895009,39049,1.966304
9896,9896011,39961,2.012227
9897,9897010,16179,0.814690
9898,9898014,53821,2.710144
9899,9899009,16772,0.844550
9900,9900010,39097,1.968720
9901,9901011,40025,2.015450
9902,9902012,16195,0.815495
9903,9903014,53789,2.708533
9904,9904008,16820,0.846967
9905,9905015,39529,1.990474
9906,9906012,39945,2.011421
9907,9907013,16243,0.817913
9908,9908014,53821,2.710144
9909,9909014,16468,0.829242
9910,9910009,39001,1.963886
9911,9911010,40025,2.015450
9912,9912011,16211,0.816301
9913,9913011,53837,2.710950
9914,9914015,16596,0.835688
9915,9915015,39497,1.988862
9916,9916010,40025,2.015450
9917,9917012,16243,0.817913
9918,9918014,53853,2.711756
9919,9919015,16564,0.834076
9920,9920009,39017,1.964692
9921,9921011,39945,2.011421
9922,9922012,16211,0.816301
9923,9923014,53869,2.712561
9924,9924015,16564,0.834076
9925,9925009,39081,1.967915
9926,9926010,40009,2.014644
9927,9927012,16179,0.814690
9928,9928013,53869,2.712561
9929,9929014,16580,0.834882
9930,9930009,39097,1.968720
9931,9931010,40009,2.014644
9932,9932012,16211,0.816301
9933,9933013,53805,2.709338
9934,9934015,16580,0.834882
9935,9935008,39017,1.964692
9936,9936010,40041,2.016255
9937,9937011,16195,0.815495
9938,9938013,53885,2.713367
9939,9939015,16564,0.834076
9940,9940008,39065,1.967109
9941,9941010,39993,2.013838
9942,9942012,16211,0.816301
9943,9943014,53853,2.711756
9944,9944015,16596,0.835688
9945,9945009,39097,1.968720
9946,9946013,39833,2.005782
9947,9947015,16211,0.816301
9948,9948009,53789,2.708533
9949,9949010,16740,0.842939
9950,9950011,39145,1.971138
9951,9951013,39865,2.007393
9952,9952015,16404,0.826020
9953,9953009,53853,2.711756
9954,9954012,16692,0.840522
9955,9955013,39273,1.977583
9956,9956015,39817,2.004976
9957,9957008,16115,0.811467
9958,9958010,53837,2.710950
9959,9959011,16676,0.839716
9960,9960013,39289,1.978389
9961,9961015,39769,2.002559
9962,9962011,16147,0.813078
9963,9963012,53853,2.711756
9964,9964014,16596,0.835688
9965,9965015,39337,1.980806
9966,9966009,40057,2.017061
9967,9967010,16211,0.816301
9968,9968013,53853,2.711756
9969,9969015,16580,0.834882
9970,9970009,39049,1.966304
9971,9971009,40025,2.015450
9972,9972011,16163,0.813884
9973,9973012,53917,2.714978
9974,9974013,16740,0.842939
9975,9975014,39273,1.977583
9976,9976015,39769,2.002559
9977,9977009,16195,0.815495
9978,9978013,53805,2.709338
9979,9979015,16596,0.835688
9980,9980009,39049,1.966304
9981,9981010,40089,2.018672
9982,9982010,16147,0.813078
9983,9983012,53805,2.709338
9984,9984013,16644,0.838105
9985,9985009,39017,1.964692
9986,9986012,40009,2.014644
9987,9987013,16259,0.818718
9988,9988013,53869,2.712561
9989,9989014,16580,0.834882
9990,9990009,39065,1.967109
9991,9991010,40089,2.018672
9992,9992011,16259,0.818718
9993,9993014,53997,2.719006
9994,9994011,16692,0.840522
9995,9995013,39193,1.973554
9996,9996013,39881,2.008198
9997,9997014,16323,0.821941
9998,9998015,53853,2.711756
9999,9999009,16756,0.843745
