Sample,Time_us,Raw_u16,Voltage_V
0,218,12563,0.632607
1,1015,23317,1.174122
2,2010,47355,2.384550
3,3013,51868,2.611801
4,4015,30439,1.532749
5,5010,12883,0.648720
6,6011,23237,1.170094
7,7013,47403,2.386967
8,8014,51852,2.610996
9,9009,30599,1.540806
10,10011,12867,0.647915
11,11014,23333,1.174928
12,12015,47435,2.388579
13,13009,51980,2.617441
14,14011,30535,1.537583
15,15012,12867,0.647915
16,16014,23253,1.170900
17,17011,47403,2.386967
18,18014,51852,2.610996
19,19015,30439,1.532749
20,20009,12851,0.647109
21,21011,23221,1.169288
22,22012,47387,2.386162
23,23013,51820,2.609384
24,24015,30455,1.533555
25,25012,12835,0.646303
26,26015,23381,1.177345
27,27008,47307,2.382133
28,28010,51916,2.614218
29,29012,30535,1.537583
30,30014,12851,0.647109
31,31015,23365,1.176539
32,32009,47339,2.383744
33,33014,51804,2.608578
34,34010,30599,1.540806
35,35012,12851,0.647109
36,36013,23285,1.172511
37,37014,47451,2.389384
38,38016,51868,2.611801
39,39009,30615,1.541611
40,40010,12883,0.648720
41,41010,23269,1.171705
42,42012,47355,2.384550
43,43013,51884,2.612607
44,44014,30455,1.533555
45,45008,12931,0.651138
46,46010,23205,1.168482
47,47011,47403,2.386967
48,48012,51884,2.612607
49,49011,30551,1.538389
50,50014,12851,0.647109
51,51015,23269,1.171705
52,52010,47371,2.385356
53,53011,51868,2.611801
54,54013,30535,1.537583
55,55014,12867,0.647915
56,56016,23413,1.178956
57,57014,47419,2.387773
58,58011,51884,2.612607
59,59012,30567,1.539194
60,60015,12867,0.647915
61,61008,23189,1.167677
62,62010,47259,2.379716
63,63012,51868,2.611801
64,64013,30551,1.538389
65,65013,12851,0.647109
66,66010,23237,1.170094
67,67013,47419,2.387773
68,68008,51884,2.612607
69,69010,30599,1.540806
70,70012,12867,0.647915
71,71013,23269,1.171705
72,72014,47435,2.388579
73,73014,51836,2.610190
74,74009,30535,1.537583
75,75011,12851,0.647109
76,76012,23253,1.170900
77,77013,47403,2.386967
78,78014,51820,2.609384
79,79008,30631,1.542417
80,80010,12867,0.647915
81,81010,23253,1.170900
82,82014,47387,2.386162
83,83010,51948,2.615830
84,84011,30583,1.540000
85,85013,12771,0.643081
86,86015,23349,1.175734
87,87009,47355,2.384550
88,88011,51884,2.612607
89,89014,30423,1.531943
90,90008,12883,0.648720
91,91009,23205,1.168482
92,92011,47419,2.387773
93,93013,51868,2.611801
94,94014,30487,1.535166
95,95009,12899,0.649526
96,96010,23173,1.166871
97,97009,47307,2.382133
98,98010,51868,2.611801
99,99011,30583,1.540000
100,100013,12867,0.647915
101,101014,23285,1.172511
102,102009,47307,2.382133
103,103010,51868,2.611801
104,104011,30551,1.538389
105,105011,12851,0.647109
106,106015,23365,1.176539
107,107009,47323,2.382939
108,108011,51916,2.614218
109,109012,30551,1.538389
110,110014,12819,0.645498
111,111015,23301,1.173316
112,112009,47387,2.386162
113,113010,51884,2.612607
114,114013,30535,1.537583
115,115015,12851,0.647109
116,116009,23205,1.168482
117,117010,47323,2.382939
118,118012,51900,2.613413
119,119014,30551,1.538389
120,120015,12883,0.648720
121,121009,23205,1.168482
122,122011,47227,2.378105
123,123012,51900,2.613413
124,124014,30487,1.535166
125,125008,12851,0.647109
126,126010,23189,1.167677
127,127012,47339,2.383744
128,128013,51900,2.613413
129,129009,30567,1.539194
130,130014,12835,0.646303
131,131008,23189,1.167677
132,132010,47403,2.386967
133,133011,51884,2.612607
134,134014,30567,1.539194
135,135015,12867,0.647915
136,136009,23157,1.166065
137,137009,47323,2.382939
138,138012,51788,2.607773
139,139013,30519,1.536777
140,140015,12835,0.646303
141,141009,23173,1.166871
142,142010,47323,2.382939
143,143012,51932,2.615024
144,144013,30535,1.537583
145,145015,12851,0.647109
146,146010,23141,1.165260
147,147011,47371,2.385356
148,148012,51884,2.612607
149,149013,30487,1.535166
150,150015,12803,0.644692
151,151009,23189,1.167677
152,152011,47355,2.384550
153,153012,51900,2.613413
154,154014,30471,1.534360
155,155015,12835,0.646303
156,156009,23189,1.167677
157,157010,47323,2.382939
158,158012,51852,2.610996
159,159013,30551,1.538389
160,160015,12867,0.647915
161,161011,23189,1.167677
162,162015,47531,2.393412
163,163012,51900,2.613413
164,164014,30503,1.535972
165,165008,12867,0.647915
166,166010,23157,1.166065
167,167011,47371,2.385356
168,168013,51820,2.609384
169,169016,30423,1.531943
170,170011,12883,0.648720
171,171013,23237,1.170094
172,172014,47403,2.386967
173,173009,51852,2.610996
174,174011,30551,1.538389
175,175012,12883,0.648720
176,176013,23301,1.173316
177,177010,47355,2.384550
178,178013,51836,2.610190
179,179008,30615,1.541611
180,180010,12851,0.647109
181,181013,23237,1.170094
182,182014,47435,2.388579
183,183008,51932,2.615024
184,184009,30615,1.541611
185,185011,12867,0.647915
186,186013,23253,1.170900
187,187015,47435,2.388579
188,188009,51932,2.615024
189,189010,30663,1.544028
190,190013,12851,0.647109
191,191014,23269,1.171705
192,192015,47483,2.390996
193,193010,51884,2.612607
194,194013,30503,1.535972
195,195015,12867,0.647915
196,196009,23189,1.167677
197,197011,47371,2.385356
198,198013,51900,2.613413
199,199014,30519,1.536777
200,200008,12899,0.649526
201,201012,23221,1.169288
202,202015,47371,2.385356
203,203008,51932,2.615024
204,204010,30599,1.540806
205,205011,12883,0.648720
206,206014,23301,1.173316
207,207015,47419,2.387773
208,208009,51916,2.614218
209,209012,30503,1.535972
210,210009,12867,0.647915
211,211010,23237,1.170094
212,212012,47339,2.383744
213,213014,51884,2.612607
214,214008,30679,1.544834
215,215010,12883,0.648720
216,216011,23253,1.170900
217,217014,47451,2.389384
218,218009,51884,2.612607
219,219010,30599,1.540806
220,220012,12867,0.647915
221,221012,23093,1.162843
222,222014,47403,2.386967
223,223016,51964,2.616635
224,224009,30663,1.544028
225,225014,12851,0.647109
226,226009,23125,1.164454
227,227009,47355,2.384550
228,228011,51884,2.612607
229,229011,30535,1.537583
230,230013,12851,0.647109
231,231014,23285,1.172511
232,232016,47435,2.388579
233,233013,51804,2.608578
234,234015,30487,1.535166
235,235008,12915,0.650332
236,236010,23221,1.169288
237,237012,47355,2.384550
238,238013,51852,2.610996
239,239015,30471,1.534360
240,240009,12883,0.648720
241,241013,23285,1.172511
242,242016,47403,2.386967
243,243009,51884,2.612607
244,244010,30599,1.540806
245,245012,12867,0.647915
246,246013,23253,1.170900
247,247015,47467,2.390190
248,248008,51948,2.615830
249,249013,30519,1.536777
250,250015,12835,0.646303
251,251009,23173,1.166871
252,252010,47323,2.382939
253,253011,51884,2.612607
254,254012,30519,1.536777
255,255014,12867,0.647915
256,256015,23189,1.167677
257,257012,47403,2.386967
258,258015,51836,2.610190
259,259009,30695,1.545640
260,260011,12867,0.647915
261,261012,23221,1.169288
262,262013,47339,2.383744
263,263014,51804,2.608578
264,264008,30663,1.544028
265,265015,12915,0.650332
266,266011,23221,1.169288
267,267013,47339,2.383744
268,268014,51884,2.612607
269,269016,30455,1.533555
270,270009,12851,0.647109
271,271011,23269,1.171705
272,272012,47323,2.382939
273,273010,51916,2.614218
274,274013,30519,1.536777
275,275015,12883,0.648720
276,276009,23125,1.164454
277,277010,47339,2.383744
278,278011,51868,2.611801
279,279013,30535,1.537583
280,280014,12867,0.647915
281,281012,23445,1.180568
282,282015,47451,2.389384
283,283009,51964,2.616635
284,284010,30615,1.541611
285,285012,12867,0.647915
286,286014,23269,1.171705
287,287015,47435,2.388579
288,288009,52012,2.619052
289,289015,30471,1.534360
290,290010,12835,0.646303
291,291011,23221,1.169288
292,292012,47419,2.387773
293,293014,51868,2.611801
294,294015,30423,1.531943
295,295009,12899,0.649526
296,296010,23205,1.168482
297,297010,47387,2.386162
298,298012,51884,2.612607
299,299014,30487,1.535166
300,300015,12867,0.647915
301,301010,23189,1.167677
302,302011,47403,2.386967
303,303012,51900,2.613413
304,304013,30519,1.536777
305,305013,12899,0.649526
306,306010,23189,1.167677
307,307011,47371,2.385356
308,308013,51820,2.609384
309,309014,30503,1.535972
310,310016,12883,0.648720
311,311010,23205,1.168482
312,312011,47371,2.385356
313,313010,51900,2.613413
314,314015,30471,1.534360
315,315009,12899,0.649526
316,316010,23269,1.171705
317,317012,47371,2.385356
318,318014,51836,2.610190
319,319015,30471,1.534360
320,320009,12787,0.643886
321,321008,23173,1.166871
322,322011,47339,2.383744
323,323012,51868,2.611801
324,324014,30583,1.540000
325,325015,12867,0.647915
326,326009,23173,1.166871
327,327010,47371,2.385356
328,328011,51820,2.609384
329,329012,30551,1.538389
330,330009,12899,0.649526
331,331011,23221,1.169288
332,332012,47403,2.386967
333,333013,51884,2.612607
334,334015,30439,1.532749
335,335009,12931,0.651138
336,336011,23205,1.168482
337,337011,47371,2.385356
338,338013,51900,2.613413
339,339015,30439,1.532749
340,340008,12883,0.648720
341,341010,23189,1.167677
342,342011,47387,2.386162
343,343013,51868,2.611801
344,344015,30503,1.535972
345,345016,12867,0.647915
346,346009,23093,1.162843
347,347011,47371,2.385356
348,348012,51900,2.613413
349,349014,30519,1.536777
350,350015,12867,0.647915
351,351009,23157,1.166065
352,352011,47339,2.383744
353,353010,52012,2.619052
354,354012,30503,1.535972
355,355013,12867,0.647915
356,356015,23317,1.174122
357,357008,47307,2.382133
358,358009,51852,2.610996
359,359011,30615,1.541611
360,360012,12867,0.647915
361,361013,23285,1.172511
362,362009,47323,2.382939
363,363010,51916,2.614218
364,364012,30567,1.539194
365,365014,12851,0.647109
366,366015,23301,1.173316
367,367009,47403,2.386967
368,368011,51948,2.615830
369,369012,30503,1.535972
370,370014,12835,0.646303
371,371015,23317,1.174122
372,372009,47371,2.385356
373,373010,51964,2.616635
374,374011,30535,1.537583
375,375013,12883,0.648720
376,376014,23253,1.170900
377,377010,47339,2.383744
378,378013,51852,2.610996
379,379008,30647,1.543223
380,380010,12915,0.650332
381,381011,23221,1.169288
382,382013,47387,2.386162
383,383014,51948,2.615830
384,384015,30455,1.533555
385,385011,12851,0.647109
386,386014,23301,1.173316
387,387008,47275,2.380522
388,388010,51964,2.616635
389,389012,30551,1.538389
390,390014,12851,0.647109
391,391015,23317,1.174122
392,392009,47403,2.386967
393,393010,51868,2.611801
394,394016,30407,1.531138
395,395010,12883,0.648720
396,396012,23269,1.171705
397,397012,47371,2.385356
398,398013,51852,2.610996
399,399015,30455,1.533555
400,400015,12883,0.648720
401,401010,23221,1.169288
402,402013,47403,2.386967
403,403015,51916,2.614218
404,404009,30615,1.541611
405,405010,12819,0.645498
406,406012,23317,1.174122
407,407014,47403,2.386967
408,408016,51852,2.610996
409,409011,30583,1.540000
410,410013,12851,0.647109
411,411014,23253,1.170900
412,412015,47451,2.389384
413,413008,51948,2.615830
414,414010,30567,1.539194
415,415012,12979,0.653555
416,416013,23301,1.173316
417,417009,47371,2.385356
418,418011,51884,2.612607
419,419013,30535,1.537583
420,420014,12867,0.647915
421,421009,23189,1.167677
422,422010,47355,2.384550
423,423012,51932,2.615024
424,424013,30503,1.535972
425,425008,12883,0.648720
426,426011,23205,1.168482
427,427012,47387,2.386162
428,428014,51788,2.607773
429,429015,30487,1.535166
430,430010,12867,0.647915
431,431011,23237,1.170094
432,432012,47387,2.386162
433,433010,51932,2.615024
434,434014,30519,1.536777
435,435009,12867,0.647915
436,436010,23173,1.166871
437,437011,47355,2.384550
438,438013,51836,2.610190
439,439014,30535,1.537583
440,440008,12867,0.647915
441,441011,23237,1.170094
442,442013,47355,2.384550
443,443015,51900,2.613413
444,444009,30647,1.543223
445,445010,12867,0.647915
446,446012,23237,1.170094
447,447013,47371,2.385356
448,448014,51884,2.612607
449,449010,30551,1.538389
450,450013,12867,0.647915
451,451014,23301,1.173316
452,452009,47307,2.382133
453,453011,51868,2.611801
454,454013,30535,1.537583
455,455014,12883,0.648720
456,456015,23301,1.173316
457,457011,47371,2.385356
458,458014,51820,2.609384
459,459015,30375,1.529526
460,460008,12883,0.648720
461,461011,23205,1.168482
462,462012,47339,2.383744
463,463013,51868,2.611801
464,464014,30503,1.535972
465,465011,12851,0.647109
466,466013,23237,1.170094
467,467015,47435,2.388579
468,468009,51932,2.615024
469,469011,30551,1.538389
470,470013,12867,0.647915
471,471014,23349,1.175734
472,472015,47419,2.387773
473,473012,51852,2.610996
474,474015,30471,1.534360
475,475008,12899,0.649526
476,476009,23141,1.165260
477,477011,47387,2.386162
478,478011,51836,2.610190
479,479013,30535,1.537583
480,480015,12883,0.648720
481,481012,23253,1.170900
482,482015,47435,2.388579
483,483010,51932,2.615024
484,484010,30615,1.541611
485,485012,12851,0.647109
486,486013,23269,1.171705
487,487015,47435,2.388579
488,488016,51820,2.609384
489,489013,30487,1.535166
490,490009,12867,0.647915
491,491011,23237,1.170094
492,492013,47355,2.384550
493,493014,51804,2.608578
494,494016,30423,1.531943
495,495009,12883,0.648720
496,496011,23205,1.168482
497,497009,47291,2.381327
498,498011,51868,2.611801
499,499012,30471,1.534360
500,500014,12883,0.648720
501,501008,23141,1.165260
502,502009,47355,2.384550
503,503010,51868,2.611801
504,504012,30471,1.534360
505,505010,12947,0.651943
506,506012,23221,1.169288
507,507014,47435,2.388579
508,508015,51804,2.608578
509,509009,30631,1.542417
510,510011,12867,0.647915
511,511013,23221,1.169288
512,512014,47419,2.387773
513,513014,51868,2.611801
514,514011,30599,1.540806
515,515013,12867,0.647915
516,516014,23269,1.171705
517,517015,47467,2.390190
518,518009,51884,2.612607
519,519009,30631,1.542417
520,520011,12867,0.647915
521,521009,23157,1.166065
522,522011,47307,2.382133
523,523013,51868,2.611801
524,524014,30519,1.536777
525,525015,12851,0.647109
526,526009,23125,1.164454
527,527011,47387,2.386162
528,528013,51916,2.614218
529,529012,30519,1.536777
530,530014,12835,0.646303
531,531009,23173,1.166871
532,532010,47323,2.382939
533,533011,51916,2.614218
534,534013,30487,1.535166
535,535015,12867,0.647915
536,536009,23141,1.165260
537,537010,47355,2.384550
538,538013,51884,2.612607
539,539014,30519,1.536777
540,540016,12835,0.646303
541,541010,23173,1.166871
542,542012,47339,2.383744
543,543013,51916,2.614218
544,544015,30487,1.535166
545,545016,12851,0.647109
546,546010,23173,1.166871
547,547012,47355,2.384550
548,548013,51900,2.613413
549,549015,30471,1.534360
550,550009,12883,0.648720
551,551010,23189,1.167677
552,552011,47371,2.385356
553,553011,51820,2.609384
554,554013,30503,1.535972
555,555015,12867,0.647915
556,556009,23141,1.165260
557,557011,47323,2.382939
558,558012,51852,2.610996
559,559014,30551,1.538389
560,560008,12899,0.649526
561,561008,23189,1.167677
562,562011,47307,2.382133
563,563012,51900,2.613413
564,564014,30551,1.538389
565,565016,12835,0.646303
566,566009,23125,1.164454
567,567011,47403,2.386967
568,568012,51916,2.614218
569,569012,30503,1.535972
570,570011,12867,0.647915
571,571013,23269,1.171705
572,572014,47419,2.387773
573,573016,51820,2.609384
574,574010,30567,1.539194
575,575012,12819,0.645498
576,576013,23253,1.170900
577,577014,47403,2.386967
578,578015,51820,2.609384
579,579009,30711,1.546445
580,580011,12883,0.648720
581,581013,23237,1.170094
582,582014,47323,2.382939
583,583016,51868,2.611801
584,584010,30599,1.540806
585,585011,12899,0.649526
586,586012,23173,1.166871
587,587015,47419,2.387773
588,588008,51916,2.614218
589,589010,30599,1.540806
590,590011,12867,0.647915
591,591012,23205,1.168482
592,592013,47451,2.389384
593,593015,51868,2.611801
594,594009,30615,1.541611
595,595010,12867,0.647915
596,596011,23237,1.170094
597,597012,47339,2.383744
598,598013,51916,2.614218
599,599014,30503,1.535972
600,600008,12883,0.648720
601,601009,23205,1.168482
602,602012,47307,2.382133
603,603013,51916,2.614218
604,604014,30503,1.535972
605,605015,12851,0.647109
606,606009,23173,1.166871
607,607010,47387,2.386162
608,608012,51884,2.612607
609,609012,30503,1.535972
610,610014,12851,0.647109
611,611015,23333,1.174928
612,612009,47291,2.381327
613,613011,51900,2.613413
614,614012,30519,1.536777
615,615014,12851,0.647109
616,616015,23253,1.170900
617,617011,47323,2.382939
618,618014,51884,2.612607
619,619015,30535,1.537583
620,620009,12883,0.648720
621,621010,23173,1.166871
622,622011,47371,2.385356
623,623013,51868,2.611801
624,624015,30519,1.536777
625,625010,12851,0.647109
626,626012,23205,1.168482
627,627013,47403,2.386967
628,628015,51884,2.612607
629,629008,30631,1.542417
630,630009,12867,0.647915
631,631010,23205,1.168482
632,632013,47435,2.388579
633,633014,51820,2.609384
634,634011,30647,1.543223
635,635013,12883,0.648720
636,636015,23301,1.173316
637,637009,47291,2.381327
638,638010,51932,2.615024
639,639011,30567,1.539194
640,640012,12883,0.648720
641,641016,23333,1.174928
642,642009,47243,2.378910
643,643011,51884,2.612607
644,644012,30551,1.538389
645,645013,12867,0.647915
646,646015,23285,1.172511
647,647010,47371,2.385356
648,648012,51884,2.612607
649,649015,30439,1.532749
650,650012,12883,0.648720
651,651013,23237,1.170094
652,652009,47355,2.384550
653,653010,51916,2.614218
654,654012,30583,1.540000
655,655013,12883,0.648720
656,656014,23285,1.172511
657,657010,47355,2.384550
658,658014,51836,2.610190
659,659009,30631,1.542417
660,660010,12771,0.643081
661,661011,23189,1.167677
662,662012,47371,2.385356
663,663014,51868,2.611801
664,664016,30487,1.535166
665,665012,12867,0.647915
666,666014,23269,1.171705
667,667015,47371,2.385356
668,668009,51916,2.614218
669,669010,30615,1.541611
670,670012,12883,0.648720
671,671013,23253,1.170900
672,672015,47435,2.388579
673,673010,51868,2.611801
674,674013,30551,1.538389
675,675014,12819,0.645498
676,676015,23317,1.174122
677,677009,47227,2.378105
678,678011,51868,2.611801
679,679012,30679,1.544834
680,680014,12867,0.647915
681,681010,23141,1.165260
682,682013,47419,2.387773
683,683015,51804,2.608578
684,684009,30631,1.542417
685,685009,12835,0.646303
686,686011,23221,1.169288
687,687012,47355,2.384550
688,688013,51884,2.612607
689,689011,30599,1.540806
690,690012,12899,0.649526
691,691013,23253,1.170900
692,692015,47451,2.389384
693,693009,51948,2.615830
694,694009,30647,1.543223
695,695011,12883,0.648720
696,696012,23205,1.168482
697,697009,47307,2.382133
698,698013,51884,2.612607
699,699009,30519,1.536777
700,700011,12867,0.647915
701,701012,23221,1.169288
702,702014,47387,2.386162
703,703009,51948,2.615830
704,704010,30679,1.544834
705,705014,12851,0.647109
706,706009,23189,1.167677
707,707011,47243,2.378910
708,708012,51804,2.608578
709,709014,30503,1.535972
710,710014,12803,0.644692
711,711015,23317,1.174122
712,712010,47355,2.384550
713,713014,51852,2.610996
714,714009,30599,1.540806
715,715010,12867,0.647915
716,716012,23237,1.170094
717,717013,47355,2.384550
718,718015,51868,2.611801
719,719009,30663,1.544028
720,720011,12867,0.647915
721,721009,23189,1.167677
722,722012,47323,2.382939
723,723013,51996,2.618246
724,724014,30471,1.534360
725,725015,12803,0.644692
726,726009,23141,1.165260
727,727010,47275,2.380522
728,728012,51900,2.613413
729,729011,30551,1.538389
730,730013,12867,0.647915
731,731015,23285,1.172511
732,732009,47339,2.383744
733,733010,51868,2.611801
734,734012,30551,1.538389
735,735014,12883,0.648720
736,736015,23301,1.173316
737,737014,47403,2.386967
738,738015,51804,2.608578
739,739009,30679,1.544834
740,740010,12883,0.648720
741,741012,23205,1.168482
742,742013,47339,2.383744
743,743015,51884,2.612607
744,744015,30503,1.535972
745,745014,12851,0.647109
746,746010,23189,1.167677
747,747011,47371,2.385356
748,748012,51836,2.610190
749,749013,30519,1.536777
750,750015,12835,0.646303
751,751009,23141,1.165260
752,752011,47339,2.383744
753,753009,51916,2.614218
754,754012,30535,1.537583
755,755013,12899,0.649526
756,756014,23349,1.175734
757,757015,47403,2.386967
758,758010,51948,2.615830
759,759012,30567,1.539194
760,760013,12851,0.647109
761,761013,23253,1.170900
762,762016,47371,2.385356
763,763009,52028,2.619858
764,764011,30599,1.540806
765,765012,12867,0.647915
766,766013,23237,1.170094
767,767014,47435,2.388579
768,768015,51900,2.613413
769,769015,30439,1.532749
770,770012,12867,0.647915
771,771014,23317,1.174122
772,772015,47435,2.388579
773,773008,51916,2.614218
774,774010,30615,1.541611
775,775011,12867,0.647915
776,776013,23301,1.173316
777,777013,47339,2.383744
778,778015,51820,2.609384
779,779009,30647,1.543223
780,780010,12867,0.647915
781,781011,23157,1.166065
782,782012,47355,2.384550
783,783014,51900,2.613413
784,784015,30487,1.535166
785,785016,12819,0.645498
786,786010,23157,1.166065
787,787012,47291,2.381327
788,788014,51884,2.612607
789,789015,30519,1.536777
790,790009,12899,0.649526
791,791009,23301,1.173316
792,792011,47323,2.382939
793,793012,51868,2.611801
794,794015,30535,1.537583
795,795009,12883,0.648720
796,796011,23173,1.166871
797,797012,47339,2.383744
798,798014,51852,2.610996
799,799008,30663,1.544028
800,800010,12899,0.649526
801,801010,23157,1.166065
802,802011,47323,2.382939
803,803012,51884,2.612607
804,804014,30535,1.537583
805,805015,12851,0.647109
806,806009,23141,1.165260
807,807011,47371,2.385356
808,808012,51932,2.615024
809,809013,30535,1.537583
810,810009,12883,0.648720
811,811010,23205,1.168482
812,812012,47403,2.386967
813,813013,51916,2.614218
814,814014,30519,1.536777
815,815016,12835,0.646303
816,816009,23221,1.169288
817,817010,47259,2.379716
818,818012,51884,2.612607
819,819014,30535,1.537583
820,820016,12835,0.646303
821,821009,23125,1.164454
822,822011,47355,2.384550
823,823012,51836,2.610190
824,824014,30519,1.536777
825,825015,12835,0.646303
826,826012,23237,1.170094
827,827013,47403,2.386967
828,828015,51836,2.610190
829,829009,30631,1.542417
830,830010,12883,0.648720
831,831012,23237,1.170094
832,832013,47355,2.384550
833,833015,51852,2.610996
834,834010,30599,1.540806
835,835011,12931,0.651138
836,836013,23237,1.170094
837,837015,47419,2.387773
838,838009,51900,2.613413
839,839011,30615,1.541611
840,840012,12883,0.648720
841,841014,23221,1.169288
842,842011,47371,2.385356
843,843012,51948,2.615830
844,844014,30503,1.535972
845,845015,12835,0.646303
846,846016,23333,1.174928
847,847009,47291,2.381327
848,848011,51900,2.613413
849,849013,30535,1.537583
850,850015,12819,0.645498
851,851009,23173,1.166871
852,852010,47307,2.382133
853,853012,51868,2.611801
854,854013,30567,1.539194
855,855014,12883,0.648720
856,856015,23269,1.171705
857,857009,47355,2.384550
858,858011,51868,2.611801
859,859012,30583,1.540000
860,860014,12867,0.647915
861,861015,23317,1.174122
862,862009,47291,2.381327
863,863010,51884,2.612607
864,864011,30599,1.540806
865,865013,12867,0.647915
866,866015,23349,1.175734
867,867009,47307,2.382133
868,868010,51964,2.616635
869,869012,30535,1.537583
870,870014,12867,0.647915
871,871015,23269,1.171705
872,872008,47307,2.382133
873,873011,51852,2.610996
874,874013,30551,1.538389
875,875015,12867,0.647915
876,876010,23173,1.166871
877,877010,47371,2.385356
878,878011,51868,2.611801
879,879013,30567,1.539194
880,880014,12883,0.648720
881,881009,23125,1.164454
882,882014,47419,2.387773
883,883009,51996,2.618246
884,884010,30615,1.541611
885,885011,12899,0.649526
886,886012,23109,1.163648
887,887015,47435,2.388579
888,888009,51948,2.615830
889,889012,30519,1.536777
890,890014,12867,0.647915
891,891015,23301,1.173316
892,892008,47323,2.382939
893,893010,51932,2.615024
894,894012,30599,1.540806
895,895014,12851,0.647109
896,896015,23349,1.175734
897,897012,47339,2.383744
898,898013,51932,2.615024
899,899015,30503,1.535972
900,900009,12851,0.647109
901,901011,23205,1.168482
902,902013,47371,2.385356
903,903014,51884,2.612607
904,904015,30503,1.535972
905,905012,12867,0.647915
906,906008,23173,1.166871
907,907010,47339,2.383744
908,908011,51900,2.613413
909,909013,30503,1.535972
910,910014,12883,0.648720
911,911009,23189,1.167677
912,912011,47323,2.382939
913,913015,51852,2.610996
914,914009,30663,1.544028
915,915010,12899,0.649526
916,916011,23189,1.167677
917,917014,47259,2.379716
918,918015,51836,2.610190
919,919008,30679,1.544834
920,920010,12883,0.648720
921,921015,23317,1.174122
922,922011,47355,2.384550
923,923014,51884,2.612607
924,924015,30503,1.535972
925,925009,12867,0.647915
926,926010,23141,1.165260
927,927012,47419,2.387773
928,928015,51884,2.612607
929,929011,30551,1.538389
930,930014,12899,0.649526
931,931015,23349,1.175734
932,932009,47371,2.385356
933,933011,51868,2.611801
934,934012,30567,1.539194
935,935013,12899,0.649526
936,936015,23269,1.171705
937,937012,47371,2.385356
938,938015,51916,2.614218
939,939008,30663,1.544028
940,940010,12883,0.648720
941,941011,23189,1.167677
942,942013,47435,2.388579
943,943014,51900,2.613413
944,944015,30535,1.537583
945,945012,12867,0.647915
946,946016,23301,1.173316
947,947009,47307,2.382133
948,948010,51980,2.617441
949,949012,30599,1.540806
950,950013,12851,0.647109
951,951014,23317,1.174122
952,952016,47435,2.388579
953,953014,51884,2.612607
954,954009,30647,1.543223
955,955011,12899,0.649526
956,956013,23221,1.169288
957,957014,47419,2.387773
958,958015,51900,2.613413
959,959009,30695,1.545640
960,960010,12883,0.648720
961,961009,23093,1.162843
962,962010,47307,2.382133
963,963012,51932,2.615024
964,964013,30535,1.537583
965,965014,12883,0.648720
966,966009,23141,1.165260
967,967010,47403,2.386967
968,968012,51932,2.615024
969,969011,30567,1.539194
970,970014,12835,0.646303
971,971015,23285,1.172511
972,972009,47291,2.381327
973,973011,51900,2.613413
974,974012,30567,1.539194
975,975014,12883,0.648720
976,976014,23269,1.171705
977,977013,47323,2.382939
978,978015,51868,2.611801
979,979009,30647,1.543223
980,980010,12883,0.648720
981,981012,23253,1.170900
982,982013,47451,2.389384
983,983014,51852,2.610996
984,984009,30679,1.544834
985,985015,12835,0.646303
986,986010,23125,1.164454
987,987011,47339,2.383744
988,988012,51932,2.615024
989,989014,30551,1.538389
990,990009,12883,0.648720
991,991010,23125,1.164454
992,992012,47339,2.383744
993,993011,51948,2.615830
994,994014,30519,1.536777
995,995015,12819,0.645498
996,996009,23077,1.162037
997,997011,47323,2.382939
998,998013,51916,2.614218
999,999014,30519,1.536777
1000,1000008,12899,0.649526
1001,1001016,23285,1.172511
1002,1002011,47403,2.386967
1003,1003013,51916,2.614218
1004,1004014,30503,1.535972
1005,1005009,12931,0.651138
1006,1006010,23173,1.166871
1007,1007011,47371,2.385356
1008,1008013,51884,2.612607
1009,1009012,30535,1.537583
1010,1010015,12883,0.648720
1011,1011010,23173,1.166871
1012,1012011,47355,2.384550
1013,1013012,51964,2.616635
1014,1014013,30551,1.538389
1015,1015015,12803,0.644692
1016,1016009,23125,1.164454
1017,1017010,47307,2.382133
1018,1018012,51900,2.613413
1019,1019013,30583,1.540000
1020,1020014,12867,0.647915
1021,1021015,23269,1.171705
1022,1022010,47259,2.379716
1023,1023011,51964,2.616635
1024,1024013,30535,1.537583
1025,1025013,12883,0.648720
1026,1026015,23285,1.172511
1027,1027009,47275,2.380522
1028,1028010,51964,2.616635
1029,1029012,30615,1.541611
1030,1030013,12835,0.646303
1031,1031014,23317,1.174122
1032,1032015,47403,2.386967
1033,1033009,51916,2.614218
1034,1034011,30631,1.542417
1035,1035012,12883,0.648720
1036,1036013,23285,1.172511
1037,1037015,47371,2.385356
1038,1038009,51980,2.617441
1039,1039010,30631,1.542417
1040,1040011,12883,0.648720
1041,1041012,23205,1.168482
1042,1042016,47435,2.388579
1043,1043010,51932,2.615024
1044,1044010,30599,1.540806
1045,1045012,12883,0.648720
1046,1046013,23285,1.172511
1047,1047015,47435,2.388579
1048,1048009,51868,2.611801
1049,1049011,30567,1.539194
1050,1050015,12867,0.647915
1051,1051009,23141,1.165260
1052,1052010,47291,2.381327
1053,1053012,51900,2.613413
1054,1054013,30535,1.537583
1055,1055015,12899,0.649526
1056,1056008,23093,1.162843
1057,1057010,47387,2.386162
1058,1058013,51884,2.612607
1059,1059014,30551,1.538389
1060,1060015,12851,0.647109
1061,1061009,23125,1.164454
1062,1062010,47371,2.385356
1063,1063012,51884,2.612607
1064,1064013,30583,1.540000
1065,1065014,12883,0.648720
1066,1066009,23125,1.164454
1067,1067010,47387,2.386162
1068,1068011,51868,2.611801
1069,1069013,30519,1.536777
1070,1070014,12883,0.648720
1071,1071015,23285,1.172511
1072,1072010,47339,2.383744
1073,1073011,51868,2.611801
1074,1074015,30535,1.537583
1075,1075010,12883,0.648720
1076,1076011,23221,1.169288
1077,1077012,47419,2.387773
1078,1078013,51868,2.611801
1079,1079015,30535,1.537583
1080,1080008,12915,0.650332
1081,1081010,23173,1.166871
1082,1082013,47387,2.386162
1083,1083015,51852,2.610996
1084,1084009,30791,1.550474
1085,1085010,12867,0.647915
1086,1086012,23221,1.169288
1087,1087013,47371,2.385356
1088,1088015,51868,2.611801
1089,1089010,30615,1.541611
1090,1090013,12883,0.648720
1091,1091014,23285,1.172511
1092,1092009,47275,2.380522
1093,1093011,51916,2.614218
1094,1094011,30535,1.537583
1095,1095013,12867,0.647915
1096,1096015,23269,1.171705
1097,1097010,47387,2.386162
1098,1098014,51932,2.615024
1099,1099015,30551,1.538389
1100,1100009,12899,0.649526
1101,1101010,23109,1.163648
1102,1102011,47323,2.382939
1103,1103012,51916,2.614218
1104,1104013,30487,1.535166
1105,1105008,12931,0.651138
1106,1106011,23141,1.165260
1107,1107012,47387,2.386162
1108,1108013,51916,2.614218
1109,1109014,30487,1.535166
1110,1110015,12835,0.646303
1111,1111009,23141,1.165260
1112,1112010,47339,2.383744
1113,1113015,51836,2.610190
1114,1114010,30647,1.543223
1115,1115012,12899,0.649526
1116,1116013,23237,1.170094
1117,1117014,47387,2.386162
1118,1118016,51868,2.611801
1119,1119009,30647,1.543223
1120,1120011,12883,0.648720
1121,1121013,23221,1.169288
1122,1122016,47403,2.386967
1123,1123010,51916,2.614218
1124,1124011,30631,1.542417
1125,1125013,12899,0.649526
1126,1126015,23301,1.173316
1127,1127009,47259,2.379716
1128,1128011,51900,2.613413
1129,1129015,30487,1.535166
1130,1130010,12867,0.647915
1131,1131013,23205,1.168482
1132,1132014,47419,2.387773
1133,1133009,51948,2.615830
1134,1134011,30599,1.540806
1135,1135012,12851,0.647109
1136,1136014,23237,1.170094
1137,1137011,47339,2.383744
1138,1138013,51868,2.611801
1139,1139014,30519,1.536777
1140,1140010,12883,0.648720
1141,1141012,23125,1.164454
1142,1142014,47323,2.382939
1143,1143015,51836,2.610190
1144,1144010,30631,1.542417
1145,1145014,12851,0.647109
1146,1146009,23205,1.168482
1147,1147011,47355,2.384550
1148,1148012,51900,2.613413
1149,1149014,30551,1.538389
1150,1150015,12899,0.649526
1151,1151009,23125,1.164454
1152,1152010,47323,2.382939
1153,1153014,51852,2.610996
1154,1154008,30679,1.544834
1155,1155010,12899,0.649526
1156,1156010,23157,1.166065
1157,1157012,47307,2.382133
1158,1158014,51852,2.610996
1159,1159015,30519,1.536777
1160,1160008,12899,0.649526
1161,1161014,23253,1.170900
1162,1162016,47483,2.390996
1163,1163009,51980,2.617441
1164,1164010,30663,1.544028
1165,1165012,12819,0.645498
1166,1166014,23205,1.168482
1167,1167008,47275,2.380522
1168,1168010,51852,2.610996
1169,1169015,30471,1.534360
1170,1170011,12915,0.650332
1171,1171012,23221,1.169288
1172,1172014,47387,2.386162
1173,1173015,51964,2.616635
1174,1174009,30631,1.542417
1175,1175011,12835,0.646303
1176,1176013,23173,1.166871
1177,1177010,47307,2.382133
1178,1178014,51916,2.614218
1179,1179015,30487,1.535166
1180,1180009,12931,0.651138
1181,1181011,23173,1.166871
1182,1182012,47355,2.384550
1183,1183014,51868,2.611801
1184,1184016,30519,1.536777
1185,1185013,12755,0.642275
1186,1186009,23125,1.164454
1187,1187012,47435,2.388579
1188,1188013,51852,2.610996
1189,1189014,30487,1.535166
1190,1190008,12867,0.647915
1191,1191011,23109,1.163648
1192,1192012,47339,2.383744
1193,1193011,51852,2.610996
1194,1194013,30535,1.537583
1195,1195015,12883,0.648720
1196,1196009,23061,1.161231
1197,1197010,47339,2.383744
1198,1198011,51916,2.614218
1199,1199013,30551,1.538389
1200,1200015,12787,0.643886
1201,1201013,23237,1.170094
1202,1202015,47371,2.385356
1203,1203010,51948,2.615830
1204,1204011,30631,1.542417
1205,1205012,12867,0.647915
1206,1206013,23221,1.169288
1207,1207015,47419,2.387773
1208,1208009,51996,2.618246
1209,1209015,30487,1.535166
1210,1210011,12867,0.647915
1211,1211013,23189,1.167677
1212,1212014,47387,2.386162
1213,1213009,51996,2.618246
1214,1214010,30631,1.542417
1215,1215012,12883,0.648720
1216,1216014,23237,1.170094
1217,1217013,47307,2.382133
1218,1218008,51964,2.616635
1219,1219009,30695,1.545640
1220,1220011,12883,0.648720
1221,1221012,23189,1.167677
1222,1222014,47419,2.387773
1223,1223008,51948,2.615830
1224,1224010,30647,1.543223
1225,1225010,12867,0.647915
1226,1226012,23237,1.170094
1227,1227013,47355,2.384550
1228,1228015,51900,2.613413
1229,1229009,30663,1.544028
1230,1230010,12867,0.647915
1231,1231011,23237,1.170094
1232,1232012,47291,2.381327
1233,1233011,51788,2.607773
1234,1234014,30551,1.538389
1235,1235015,12851,0.647109
1236,1236009,23093,1.162843
1237,1237010,47323,2.382939
1238,1238011,51852,2.610996
1239,1239013,30567,1.539194
1240,1240014,12883,0.648720
1241,1241016,23285,1.172511
1242,1242011,47403,2.386967
1243,1243012,51852,2.610996
1244,1244014,30519,1.536777
1245,1245015,12867,0.647915
1246,1246008,23141,1.165260
1247,1247011,47259,2.379716
1248,1248012,52060,2.621469
1249,1249012,30599,1.540806
1250,1250014,12755,0.642275
1251,1251008,23125,1.164454
1252,1252009,47259,2.379716
1253,1253010,51932,2.615024
1254,1254013,30599,1.540806
1255,1255014,12867,0.647915
1256,1256015,23205,1.168482
1257,1257014,47387,2.386162
1258,1258009,51948,2.615830
1259,1259010,30679,1.544834
1260,1260011,12867,0.647915
1261,1261012,23221,1.169288
1262,1262014,47387,2.386162
1263,1263008,51980,2.617441
1264,1264009,30519,1.536777
1265,1265010,12883,0.648720
1266,1266012,23125,1.164454
1267,1267013,47371,2.385356
1268,1268015,51868,2.611801
1269,1269009,30727,1.547251
1270,1270010,13011,0.655166
1271,1271011,23109,1.163648
1272,1272013,47323,2.382939
1273,1273014,51916,2.614218
1274,1274011,30647,1.543223
1275,1275013,12835,0.646303
1276,1276014,23397,1.178150
1277,1277015,47419,2.387773
1278,1278009,51948,2.615830
1279,1279011,30647,1.543223
1280,1280013,12835,0.646303
1281,1281015,23253,1.170900
1282,1282010,47339,2.383744
1283,1283012,51980,2.617441
1284,1284013,30535,1.537583
1285,1285015,12851,0.647109
1286,1286008,23077,1.162037
1287,1287010,47339,2.383744
1288,1288012,51996,2.618246
1289,1289013,30519,1.536777
1290,1290015,12883,0.648720
1291,1291010,23093,1.162843
1292,1292011,47323,2.382939
1293,1293012,51884,2.612607
1294,1294014,30535,1.537583
1295,1295009,12931,0.651138
1296,1296010,23205,1.168482
1297,1297012,47339,2.383744
1298,1298015,51868,2.611801
1299,1299009,30567,1.539194
1300,1300011,12867,0.647915
1301,1301013,23173,1.166871
1302,1302013,47355,2.384550
1303,1303015,51900,2.613413
1304,1304009,30631,1.542417
1305,1305012,12851,0.647109
1306,1306015,23285,1.172511
1307,1307009,47323,2.382939
1308,1308010,51884,2.612607
1309,1309012,30615,1.541611
1310,1310013,12883,0.648720
1311,1311014,23253,1.170900
1312,1312009,47403,2.386967
1313,1313012,51852,2.610996
1314,1314015,30551,1.538389
1315,1315009,12867,0.647915
1316,1316011,23189,1.167677
1317,1317013,47307,2.382133
1318,1318015,51820,2.609384
1319,1319009,30679,1.544834
1320,1320009,12883,0.648720
1321,1321013,23173,1.166871
1322,1322009,47291,2.381327
1323,1323012,51868,2.611801
1324,1324013,30535,1.537583
1325,1325014,12851,0.647109
1326,1326015,23301,1.173316
1327,1327016,47419,2.387773
1328,1328010,52028,2.619858
1329,1329013,30567,1.539194
1330,1330015,12867,0.647915
1331,1331009,23173,1.166871
1332,1332010,47211,2.377299
1333,1333011,51948,2.615830
1334,1334012,30583,1.540000
1335,1335013,12899,0.649526
1336,1336014,23109,1.163648
1337,1337010,47323,2.382939
1338,1338012,51772,2.606967
1339,1339013,30567,1.539194
1340,1340014,12867,0.647915
1341,1341016,23253,1.170900
1342,1342011,47323,2.382939
1343,1343012,51868,2.611801
1344,1344013,30567,1.539194
1345,1345009,12867,0.647915
1346,1346012,23173,1.166871
1347,1347013,47355,2.384550
1348,1348015,51916,2.614218
1349,1349009,30679,1.544834
1350,1350010,12963,0.652749
1351,1351012,23205,1.168482
1352,1352012,47355,2.384550
1353,1353009,51884,2.612607
1354,1354012,30615,1.541611
1355,1355014,12867,0.647915
1356,1356009,23189,1.167677
1357,1357010,47339,2.383744
1358,1358011,51916,2.614218
1359,1359013,30551,1.538389
1360,1360015,12851,0.647109
1361,1361011,23285,1.172511
1362,1362013,47435,2.388579
1363,1363014,51884,2.612607
1364,1364015,30487,1.535166
1365,1365009,12883,0.648720
1366,1366011,23141,1.165260
1367,1367013,47371,2.385356
1368,1368015,51788,2.607773
1369,1369012,30599,1.540806
1370,1370016,12867,0.647915
1371,1371011,23205,1.168482
1372,1372012,47435,2.388579
1373,1373014,51804,2.608578
1374,1374015,30551,1.538389
1375,1375009,12899,0.649526
1376,1376010,23157,1.166065
1377,1377015,47419,2.387773
1378,1378011,51884,2.612607
1379,1379013,30647,1.543223
1380,1380014,12819,0.645498
1381,1381008,23109,1.163648
1382,1382010,47275,2.380522
1383,1383011,51916,2.614218
1384,1384013,30599,1.540806
1385,1385010,12867,0.647915
1386,1386013,23189,1.167677
1387,1387015,47371,2.385356
1388,1388009,51980,2.617441
1389,1389010,30599,1.540806
1390,1390012,12915,0.650332
1391,1391013,23237,1.170094
1392,1392014,47403,2.386967
1393,1393012,51836,2.610190
1394,1394015,30487,1.535166
1395,1395009,12883,0.648720
1396,1396010,23061,1.161231
1397,1397011,47355,2.384550
1398,1398013,51916,2.614218
1399,1399014,30599,1.540806
1400,1400015,12835,0.646303
1401,1401013,23237,1.170094
1402,1402008,47275,2.380522
1403,1403010,51932,2.615024
1404,1404012,30631,1.542417
1405,1405013,12867,0.647915
1406,1406015,23269,1.171705
1407,1407016,47419,2.387773
1408,1408009,51900,2.613413
1409,1409014,30487,1.535166
1410,1410008,12883,0.648720
1411,1411010,23157,1.166065
1412,1412012,47259,2.379716
1413,1413013,51916,2.614218
1414,1414014,30599,1.540806
1415,1415016,12851,0.647109
1416,1416009,23141,1.165260
1417,1417015,47371,2.385356
1418,1418012,51916,2.614218
1419,1419013,30583,1.540000
1420,1420014,12835,0.646303
1421,1421016,23333,1.174928
1422,1422010,47291,2.381327
1423,1423010,51948,2.615830
1424,1424011,30599,1.540806
1425,1425011,12867,0.647915
1426,1426015,23285,1.172511
1427,1427009,47275,2.380522
1428,1428010,51916,2.614218
1429,1429011,30615,1.541611
1430,1430013,12931,0.651138
1431,1431014,23253,1.170900
1432,1432016,47419,2.387773
1433,1433015,51868,2.611801
1434,1434012,30583,1.540000
1435,1435016,12883,0.648720
1436,1436009,23093,1.162843
1437,1437011,47307,2.382133
1438,1438012,51948,2.615830
1439,1439013,30567,1.539194
1440,1440014,12883,0.648720
1441,1441013,23141,1.165260
1442,1442008,47259,2.379716
1443,1443010,51964,2.616635
1444,1444012,30551,1.538389
1445,1445013,12835,0.646303
1446,1446013,23237,1.170094
1447,1447015,47547,2.394218
1448,1448010,51932,2.615024
1449,1449008,30663,1.544028
1450,1450012,12915,0.650332
1451,1451014,23237,1.170094
1452,1452015,47467,2.390190
1453,1453009,51916,2.614218
1454,1454011,30679,1.544834
1455,1455012,12931,0.651138
1456,1456014,23237,1.170094
1457,1457014,47339,2.383744
1458,1458010,51948,2.615830
1459,1459011,30567,1.539194
1460,1460013,12851,0.647109
1461,1461014,23173,1.166871
1462,1462015,47451,2.389384
1463,1463008,51948,2.615830
1464,1464010,30631,1.542417
1465,1465010,12899,0.649526
1466,1466012,23253,1.170900
1467,1467014,47371,2.385356
1468,1468008,51980,2.617441
1469,1469009,30663,1.544028
1470,1470011,12995,0.654360
1471,1471012,23205,1.168482
1472,1472013,47323,2.382939
1473,1473013,51852,2.610996
1474,1474009,30743,1.548057
1475,1475011,12867,0.647915
1476,1476013,23205,1.168482
1477,1477014,47387,2.386162
1478,1478016,51884,2.612607
1479,1479009,30695,1.545640
1480,1480010,12851,0.647109
1481,1481012,23237,1.170094
1482,1482016,47371,2.385356
1483,1483010,51980,2.617441
1484,1484012,30583,1.540000
1485,1485013,12899,0.649526
1486,1486015,23253,1.170900
1487,1487009,47307,2.382133
1488,1488010,51900,2.613413
1489,1489012,30631,1.542417
1490,1490014,12883,0.648720
1491,1491015,23205,1.168482
1492,1492009,47291,2.381327
1493,1493011,51900,2.613413
1494,1494012,30551,1.538389
1495,1495014,12963,0.652749
1496,1496008,23093,1.162843
1497,1497010,47259,2.379716
1498,1498010,51916,2.614218
1499,1499012,30663,1.544028
1500,1500013,12867,0.647915
1501,1501015,23269,1.171705
1502,1502009,47307,2.382133
1503,1503010,51996,2.618246
1504,1504012,30583,1.540000
1505,1505013,12835,0.646303
1506,1506009,23141,1.165260
1507,1507011,47291,2.381327
1508,1508013,52060,2.621469
1509,1509015,30487,1.535166
1510,1510008,12899,0.649526
1511,1511010,23189,1.167677
1512,1512013,47339,2.383744
1513,1513014,51868,2.611801
1514,1514009,30695,1.545640
1515,1515010,12963,0.652749
1516,1516012,23125,1.164454
1517,1517013,47323,2.382939
1518,1518014,51852,2.610996
1519,1519008,30743,1.548057
1520,1520010,12867,0.647915
1521,1521011,23173,1.166871
1522,1522014,47243,2.378910
1523,1523016,52060,2.621469
1524,1524010,30647,1.543223
1525,1525011,12883,0.648720
1526,1526012,23189,1.167677
1527,1527014,47291,2.381327
1528,1528008,51964,2.616635
1529,1529010,30631,1.542417
1530,1530013,12947,0.651943
1531,1531015,23205,1.168482
1532,1532009,47259,2.379716
1533,1533010,51932,2.615024
1534,1534012,30535,1.537583
1535,1535013,12883,0.648720
1536,1536014,23237,1.170094
1537,1537009,47291,2.381327
1538,1538012,51868,2.611801
1539,1539013,30551,1.538389
1540,1540015,12835,0.646303
1541,1541009,23109,1.163648
1542,1542010,47339,2.383744
1543,1543011,51948,2.615830
1544,1544013,30599,1.540806
1545,1545015,12787,0.643886
1546,1546010,23157,1.166065
1547,1547012,47403,2.386967
1548,1548013,51900,2.613413
1549,1549014,30567,1.539194
1550,1550015,12851,0.647109
1551,1551009,23125,1.164454
1552,1552011,47323,2.382939
1553,1553013,51868,2.611801
1554,1554009,30727,1.547251
1555,1555011,12883,0.648720
1556,1556012,23173,1.166871
1557,1557014,47467,2.390190
1558,1558015,51836,2.610190
1559,1559009,30743,1.548057
1560,1560009,12867,0.647915
1561,1561012,23189,1.167677
1562,1562013,47403,2.386967
1563,1563015,51900,2.613413
1564,1564008,30679,1.544834
1565,1565010,12867,0.647915
1566,1566012,23189,1.167677
1567,1567013,47355,2.384550
1568,1568014,51852,2.610996
1569,1569009,30695,1.545640
1570,1570013,12915,0.650332
1571,1571015,23237,1.170094
1572,1572009,47323,2.382939
1573,1573011,51948,2.615830
1574,1574012,30679,1.544834
1575,1575014,12947,0.651943
1576,1576015,23237,1.170094
1577,1577013,47339,2.383744
1578,1578014,51916,2.614218
1579,1579015,30567,1.539194
1580,1580009,12883,0.648720
1581,1581011,23157,1.166065
1582,1582012,47259,2.379716
1583,1583013,51884,2.612607
1584,1584015,30519,1.536777
1585,1585011,12867,0.647915
1586,1586013,23109,1.163648
1587,1587014,47387,2.386162
1588,1588015,51884,2.612607
1589,1589009,30663,1.544028
1590,1590011,13043,0.656777
1591,1591012,23173,1.166871
1592,1592013,47403,2.386967
1593,1593010,51964,2.616635
1594,1594013,30583,1.540000
1595,1595015,12899,0.649526
1596,1596008,23093,1.162843
1597,1597010,47259,2.379716
1598,1598011,51996,2.618246
1599,1599013,30583,1.540000
1600,1600014,13011,0.655166
1601,1601011,23093,1.162843
1602,1602016,47483,2.390996
1603,1603010,51980,2.617441
1604,1604011,30743,1.548057
1605,1605012,12835,0.646303
1606,1606014,23237,1.170094
1607,1607008,47259,2.379716
1608,1608010,51980,2.617441
1609,1609015,30423,1.531943
1610,1610010,12915,0.650332
1611,1611011,23173,1.166871
1612,1612013,47403,2.386967
1613,1613014,51948,2.615830
1614,1614016,30567,1.539194
1615,1615010,12899,0.649526
1616,1616010,23141,1.165260
1617,1617015,47371,2.385356
1618,1618010,51900,2.613413
1619,1619011,30615,1.541611
1620,1620012,12883,0.648720
1621,1621014,23045,1.160426
1622,1622015,47435,2.388579
1623,1623009,51932,2.615024
1624,1624011,30615,1.541611
1625,1625016,12835,0.646303
1626,1626012,23205,1.168482
1627,1627014,47243,2.378910
1628,1628015,51804,2.608578
1629,1629009,30679,1.544834
1630,1630011,12899,0.649526
1631,1631012,23205,1.168482
1632,1632014,47387,2.386162
1633,1633012,51900,2.613413
1634,1634015,30519,1.536777
1635,1635009,12883,0.648720
1636,1636011,23141,1.165260
1637,1637013,47355,2.384550
1638,1638015,51900,2.613413
1639,1639016,30551,1.538389
1640,1640010,12883,0.648720
1641,1641015,23125,1.164454
1642,1642010,47259,2.379716
1643,1643012,51852,2.610996
1644,1644014,30615,1.541611
1645,1645014,12899,0.649526
1646,1646009,23109,1.163648
1647,1647010,47419,2.387773
1648,1648010,52044,2.620664
1649,1649010,30631,1.542417
1650,1650012,12899,0.649526
1651,1651014,23253,1.170900
1652,1652015,47371,2.385356
1653,1653009,51964,2.616635
1654,1654010,30647,1.543223
1655,1655011,12883,0.648720
1656,1656013,23189,1.167677
1657,1657011,47419,2.387773
1658,1658008,51916,2.614218
1659,1659011,30727,1.547251
1660,1660012,12883,0.648720
1661,1661014,23269,1.171705
1662,1662015,47403,2.386967
1663,1663008,51964,2.616635
1664,1664009,30679,1.544834
1665,1665008,12883,0.648720
1666,1666010,23205,1.168482
1667,1667012,47371,2.385356
1668,1668013,51932,2.615024
1669,1669014,30503,1.535972
1670,1670015,12851,0.647109
1671,1671008,23093,1.162843
1672,1672010,47323,2.382939
1673,1673009,51900,2.613413
1674,1674012,30615,1.541611
1675,1675013,12867,0.647915
1676,1676014,23189,1.167677
1677,1677008,47275,2.380522
1678,1678010,51916,2.614218
1679,1679012,30631,1.542417
1680,1680013,12851,0.647109
1681,1681012,23205,1.168482
1682,1682009,47275,2.380522
1683,1683011,51932,2.615024
1684,1684013,30615,1.541611
1685,1685014,12867,0.647915
1686,1686015,23253,1.170900
1687,1687009,47323,2.382939
1688,1688011,51852,2.610996
1689,1689012,30535,1.537583
1690,1690015,12867,0.647915
1691,1691009,23109,1.163648
1692,1692011,47339,2.383744
1693,1693012,51932,2.615024
1694,1694013,30631,1.542417
1695,1695015,12867,0.647915
1696,1696009,23125,1.164454
1697,1697015,47387,2.386162
1698,1698011,51964,2.616635
1699,1699012,30647,1.543223
1700,1700014,12803,0.644692
1701,1701015,23189,1.167677
1702,1702009,47355,2.384550
1703,1703011,51900,2.613413
1704,1704011,30631,1.542417
1705,1705013,12867,0.647915
1706,1706009,23109,1.163648
1707,1707010,47291,2.381327
1708,1708011,51948,2.615830
1709,1709012,30599,1.540806
1710,1710013,12915,0.650332
1711,1711014,23269,1.171705
1712,1712009,47291,2.381327
1713,1713010,51932,2.615024
1714,1714013,30583,1.540000
1715,1715014,12883,0.648720
1716,1716015,23253,1.170900
1717,1717009,47355,2.384550
1718,1718011,51916,2.614218
1719,1719012,30679,1.544834
1720,1720013,12835,0.646303
1721,1721014,23237,1.170094
1722,1722011,47339,2.383744
1723,1723013,51916,2.614218
1724,1724014,30551,1.538389
1725,1725015,12883,0.648720
1726,1726010,23125,1.164454
1727,1727012,47371,2.385356
1728,1728014,51900,2.613413
1729,1729009,30663,1.544028
1730,1730011,12867,0.647915
1731,1731013,23221,1.169288
1732,1732014,47403,2.386967
1733,1733015,51820,2.609384
1734,1734009,30775,1.549668
1735,1735010,12899,0.649526
1736,1736012,23285,1.172511
1737,1737011,47307,2.382133
1738,1738013,51884,2.612607
1739,1739015,30535,1.537583
1740,1740009,12883,0.648720
1741,1741011,23237,1.170094
1742,1742012,47403,2.386967
1743,1743014,51916,2.614218
1744,1744009,30647,1.543223
1745,1745011,12883,0.648720
1746,1746013,23189,1.167677
1747,1747014,47387,2.386162
1748,1748015,51948,2.615830
1749,1749009,30695,1.545640
1750,1750011,12851,0.647109
1751,1751012,23221,1.169288
1752,1752014,47371,2.385356
1753,1753009,51932,2.615024
1754,1754012,30663,1.544028
1755,1755013,12899,0.649526
1756,1756014,23237,1.170094
1757,1757015,47339,2.383744
1758,1758009,52044,2.620664
1759,1759010,30743,1.548057
1760,1760011,12883,0.648720
1761,1761012,23173,1.166871
1762,1762014,47339,2.383744
1763,1763015,51852,2.610996
1764,1764009,30727,1.547251
1765,1765010,12883,0.648720
1766,1766012,23221,1.169288
1767,1767013,47371,2.385356
1768,1768014,51820,2.609384
1769,1769009,30695,1.545640
1770,1770010,12883,0.648720
1771,1771011,23173,1.166871
1772,1772012,47355,2.384550
1773,1773013,51820,2.609384
1774,1774015,30599,1.540806
1775,1775009,12979,0.653555
1776,1776011,23157,1.166065
1777,1777012,47323,2.382939
1778,1778015,51708,2.603744
1779,1779016,30551,1.538389
1780,1780010,12867,0.647915
1781,1781011,23157,1.166065
1782,1782012,47355,2.384550
1783,1783014,51964,2.616635
1784,1784008,30679,1.544834
1785,1785011,12883,0.648720
1786,1786012,23221,1.169288
1787,1787014,47435,2.388579
1788,1788015,51660,2.601328
1789,1789009,30679,1.544834
1790,1790010,12947,0.651943
1791,1791012,23269,1.171705
1792,1792013,47371,2.385356
1793,1793010,51948,2.615830
1794,1794013,30567,1.539194
1795,1795014,12883,0.648720
1796,1796015,23285,1.172511
1797,1797009,47275,2.380522
1798,1798011,51980,2.617441
1799,1799012,30615,1.541611
1800,1800014,12883,0.648720
1801,1801010,23157,1.166065
1802,1802012,47323,2.382939
1803,1803014,51852,2.610996
1804,1804015,30535,1.537583
1805,1805009,12899,0.649526
1806,1806011,23141,1.165260
1807,1807012,47355,2.384550
1808,1808014,51900,2.613413
1809,1809010,30631,1.542417
1810,1810013,12899,0.649526
1811,1811015,23253,1.170900
1812,1812016,47387,2.386162
1813,1813009,52028,2.619858
1814,1814011,30663,1.544028
1815,1815013,12899,0.649526
1816,1816015,23237,1.170094
1817,1817013,47371,2.385356
1818,1818009,52028,2.619858
1819,1819010,30695,1.545640
1820,1820011,12883,0.648720
1821,1821013,23189,1.167677
1822,1822013,47355,2.384550
1823,1823008,51948,2.615830
1824,1824009,30663,1.544028
1825,1825014,12883,0.648720
1826,1826008,23061,1.161231
1827,1827010,47307,2.382133
1828,1828011,51900,2.613413
1829,1829012,30599,1.540806
1830,1830014,12899,0.649526
1831,1831015,23269,1.171705
1832,1832010,47259,2.379716
1833,1833010,51932,2.615024
1834,1834013,30663,1.544028
1835,1835015,12835,0.646303
1836,1836008,23173,1.166871
1837,1837010,47307,2.382133
1838,1838011,51932,2.615024
1839,1839013,30615,1.541611
1840,1840014,12851,0.647109
1841,1841012,23173,1.166871
1842,1842009,47259,2.379716
1843,1843010,51932,2.615024
1844,1844012,30599,1.540806
1845,1845014,12883,0.648720
1846,1846009,23093,1.162843
1847,1847009,47243,2.378910
1848,1848011,51932,2.615024
1849,1849015,30583,1.540000
1850,1850011,12883,0.648720
1851,1851011,23125,1.164454
1852,1852013,47355,2.384550
1853,1853014,51916,2.614218
1854,1854009,30695,1.545640
1855,1855010,12899,0.649526
1856,1856012,23141,1.165260
1857,1857010,47291,2.381327
1858,1858013,51916,2.614218
1859,1859014,30599,1.540806
1860,1860015,13027,0.655972
1861,1861009,23109,1.163648
1862,1862010,47371,2.385356
1863,1863011,51964,2.616635
1864,1864013,30567,1.539194
1865,1865011,12899,0.649526
1866,1866013,23205,1.168482
1867,1867015,47403,2.386967
1868,1868008,51932,2.615024
1869,1869010,30583,1.540000
1870,1870011,12883,0.648720
1871,1871013,23221,1.169288
1872,1872015,47419,2.387773
1873,1873014,51884,2.612607
1874,1874009,30791,1.550474
1875,1875010,12883,0.648720
1876,1876011,23157,1.166065
1877,1877013,47323,2.382939
1878,1878014,51916,2.614218
1879,1879015,30535,1.537583
1880,1880009,12899,0.649526
1881,1881015,23253,1.170900
1882,1882011,47339,2.383744
1883,1883012,51900,2.613413
1884,1884014,30359,1.528720
1885,1885009,12883,0.648720
1886,1886010,23141,1.165260
1887,1887012,47291,2.381327
1888,1888013,51804,2.608578
1889,1889013,30583,1.540000
1890,1890015,12883,0.648720
1891,1891010,23141,1.165260
1892,1892011,47307,2.382133
1893,1893012,51900,2.613413
1894,1894014,30695,1.545640
1895,1895015,12931,0.651138
1896,1896009,23093,1.162843
1897,1897015,47419,2.387773
1898,1898012,51900,2.613413
1899,1899014,30551,1.538389
1900,1900010,12867,0.647915
1901,1901010,23125,1.164454
1902,1902012,47435,2.388579
1903,1903013,51868,2.611801
1904,1904014,30551,1.538389
1905,1905014,12883,0.648720
1906,1906009,23109,1.163648
1907,1907010,47275,2.380522
1908,1908011,51884,2.612607
1909,1909013,30551,1.538389
1910,1910014,12899,0.649526
1911,1911016,23253,1.170900
1912,1912010,47323,2.382939
1913,1913010,51948,2.615830
1914,1914011,30663,1.544028
1915,1915012,12883,0.648720
1916,1916013,23205,1.168482
1917,1917015,47387,2.386162
1918,1918009,51964,2.616635
1919,1919010,30663,1.544028
1920,1920011,12867,0.647915
1921,1921012,23141,1.165260
1922,1922009,47307,2.382133
1923,1923011,51820,2.609384
1924,1924012,30615,1.541611
1925,1925014,12899,0.649526
1926,1926015,23301,1.173316
1927,1927009,47243,2.378910
1928,1928010,51964,2.616635
1929,1929011,30663,1.544028
1930,1930014,12819,0.645498
1931,1931010,23109,1.163648
1932,1932011,47291,2.381327
1933,1933012,51900,2.613413
1934,1934014,30679,1.544834
1935,1935015,12867,0.647915
1936,1936009,23077,1.162037
1937,1937009,47227,2.378105
1938,1938012,51932,2.615024
1939,1939014,30551,1.538389
1940,1940008,12883,0.648720
1941,1941009,23125,1.164454
1942,1942010,47355,2.384550
1943,1943012,51900,2.613413
1944,1944013,30567,1.539194
1945,1945015,12899,0.649526
1946,1946010,23141,1.165260
1947,1947012,47387,2.386162
1948,1948013,51804,2.608578
1949,1949015,30519,1.536777
1950,1950009,12931,0.651138
1951,1951010,23109,1.163648
1952,1952011,47387,2.386162
1953,1953011,51948,2.615830
1954,1954013,30583,1.540000
1955,1955014,12963,0.652749
1956,1956015,23253,1.170900
1957,1957010,47259,2.379716
1958,1958011,51996,2.618246
1959,1959013,30599,1.540806
1960,1960014,12867,0.647915
1961,1961009,23109,1.163648
1962,1962010,47307,2.382133
1963,1963011,51868,2.611801
1964,1964014,30615,1.541611
1965,1965015,12867,0.647915
1966,1966008,23077,1.162037
1967,1967010,47291,2.381327
1968,1968011,51932,2.615024
1969,1969013,30535,1.537583
1970,1970009,12931,0.651138
1971,1971010,23141,1.165260
1972,1972011,47259,2.379716
1973,1973012,51932,2.615024
1974,1974013,30599,1.540806
1975,1975015,12867,0.647915
1976,1976009,23061,1.161231
1977,1977012,47339,2.383744
1978,1978015,51852,2.610996
1979,1979009,30727,1.547251
1980,1980011,12867,0.647915
1981,1981012,23173,1.166871
1982,1982013,47339,2.383744
1983,1983015,51884,2.612607
1984,1984009,30727,1.547251
1985,1985011,12883,0.648720
1986,1986015,23269,1.171705
1987,1987011,47275,2.380522
1988,1988012,52044,2.620664
1989,1989014,30567,1.539194
1990,1990015,12867,0.647915
1991,1991009,23109,1.163648
1992,1992010,47291,2.381327
1993,1993013,51820,2.609384
1994,1994014,30567,1.539194
1995,1995008,12963,0.652749
1996,1996009,23109,1.163648
1997,1997011,47307,2.382133
1998,1998012,51884,2.612607
1999,1999014,30631,1.542417
2000,2000015,12835,0.646303
2001,2001011,23157,1.166065
2002,2002013,47355,2.384550
2003,2003015,51884,2.612607
2004,2004009,30679,1.544834
2005,2005011,12915,0.650332
2006,2006012,23125,1.164454
2007,2007013,47339,2.383744
2008,2008015,51868,2.611801
2009,2009011,30663,1.544028
2010,2010014,12867,0.647915
2011,2011009,23109,1.163648
2012,2012010,47243,2.378910
2013,2013010,51980,2.617441
2014,2014012,30663,1.544028
2015,2015012,12883,0.648720
2016,2016014,23189,1.167677
2017,2017011,47291,2.381327
2018,2018014,51932,2.615024
2019,2019015,30535,1.537583
2020,2020009,12851,0.647109
2021,2021010,23141,1.165260
2022,2022011,47323,2.382939
2023,2023013,51916,2.614218
2024,2024014,30535,1.537583
2025,2025011,12867,0.647915
2026,2026014,23205,1.168482
2027,2027015,47371,2.385356
2028,2028009,51932,2.615024
2029,2029010,30711,1.546445
2030,2030011,12899,0.649526
2031,2031013,23205,1.168482
2032,2032008,47259,2.379716
2033,2033012,51948,2.615830
2034,2034009,30679,1.544834
2035,2035011,12899,0.649526
2036,2036013,23189,1.167677
2037,2037014,47371,2.385356
2038,2038016,51948,2.615830
2039,2039008,30695,1.545640
2040,2040010,12835,0.646303
2041,2041013,23205,1.168482
2042,2042008,47243,2.378910
2043,2043010,51996,2.618246
2044,2044011,30631,1.542417
2045,2045013,12851,0.647109
2046,2046015,23269,1.171705
2047,2047009,47307,2.382133
2048,2048010,51932,2.615024
2049,2049014,30567,1.539194
2050,2050010,12915,0.650332
2051,2051012,23173,1.166871
2052,2052013,47323,2.382939
2053,2053014,51884,2.612607
2054,2054009,30695,1.545640
2055,2055010,12883,0.648720
2056,2056011,23061,1.161231
2057,2057016,47467,2.390190
2058,2058011,51996,2.618246
2059,2059013,30631,1.542417
2060,2060014,12867,0.647915
2061,2061015,23301,1.173316
2062,2062009,47259,2.379716
2063,2063010,51964,2.616635
2064,2064012,30615,1.541611
2065,2065016,12899,0.649526
2066,2066011,23125,1.164454
2067,2067012,47307,2.382133
2068,2068013,51932,2.615024
2069,2069014,30519,1.536777
2070,2070009,12883,0.648720
2071,2071010,23141,1.165260
2072,2072011,47275,2.380522
2073,2073009,51964,2.616635
2074,2074014,30631,1.542417
2075,2075015,12835,0.646303
2076,2076009,23109,1.163648
2077,2077010,47275,2.380522
2078,2078012,51948,2.615830
2079,2079013,30583,1.540000
2080,2080014,12963,0.652749
2081,2081012,23157,1.166065
2082,2082014,47355,2.384550
2083,2083015,51804,2.608578
2084,2084009,30695,1.545640
2085,2085010,12899,0.649526
2086,2086012,23173,1.166871
2087,2087014,47435,2.388579
2088,2088015,51836,2.610190
2089,2089014,30535,1.537583
2090,2090008,12867,0.647915
2091,2091009,23109,1.163648
2092,2092011,47371,2.385356
2093,2093013,51868,2.611801
2094,2094015,30599,1.540806
2095,2095009,12883,0.648720
2096,2096011,23157,1.166065
2097,2097010,47275,2.380522
2098,2098013,51980,2.617441
2099,2099015,30551,1.538389
2100,2100009,12899,0.649526
2101,2101011,23157,1.166065
2102,2102012,47323,2.382939
2103,2103013,51900,2.613413
2104,2104015,30503,1.535972
2105,2105014,12851,0.647109
2106,2106008,23061,1.161231
2107,2107010,47307,2.382133
2108,2108011,51932,2.615024
2109,2109012,30663,1.544028
2110,2110014,12883,0.648720
2111,2111015,23285,1.172511
2112,2112010,47259,2.379716
2113,2113009,51980,2.617441
2114,2114012,30647,1.543223
2115,2115015,12899,0.649526
2116,2116009,22917,1.153980
2117,2117011,47291,2.381327
2118,2118012,51932,2.615024
2119,2119013,30599,1.540806
2120,2120015,12867,0.647915
2121,2121013,23189,1.167677
2122,2122009,47323,2.382939
2123,2123011,51980,2.617441
2124,2124012,30647,1.543223
2125,2125014,12867,0.647915
2126,2126014,23269,1.171705
2127,2127009,47211,2.377299
2128,2128010,51900,2.613413
2129,2129008,30759,1.548862
2130,2130010,12915,0.650332
2131,2131012,23157,1.166065
2132,2132013,47355,2.384550
2133,2133015,51868,2.611801
2134,2134009,30743,1.548057
2135,2135011,12899,0.649526
2136,2136012,23141,1.165260
2137,2137012,47275,2.380522
2138,2138015,51884,2.612607
2139,2139008,30727,1.547251
2140,2140010,12899,0.649526
2141,2141011,23157,1.166065
2142,2142013,47291,2.381327
2143,2143014,51820,2.609384
2144,2144008,30711,1.546445
2145,2145009,12899,0.649526
2146,2146012,23141,1.165260
2147,2147013,47339,2.383744
2148,2148015,51868,2.611801
2149,2149009,30743,1.548057
2150,2150011,12915,0.650332
2151,2151012,23141,1.165260
2152,2152013,47403,2.386967
2153,2153012,51868,2.611801
2154,2154015,30519,1.536777
2155,2155009,12883,0.648720
2156,2156010,23125,1.164454
2157,2157012,47291,2.381327
2158,2158013,51996,2.618246
2159,2159015,30551,1.538389
2160,2160009,12867,0.647915
2161,2161009,23077,1.162037
2162,2162011,47355,2.384550
2163,2163012,51932,2.615024
2164,2164013,30551,1.538389
2165,2165016,12931,0.651138
2166,2166009,23045,1.160426
2167,2167011,47323,2.382939
2168,2168012,51900,2.613413
2169,2169013,30551,1.538389
2170,2170009,12915,0.650332
2171,2171010,23141,1.165260
2172,2172012,47323,2.382939
2173,2173013,51932,2.615024
2174,2174014,30583,1.540000
2175,2175009,12915,0.650332
2176,2176011,23141,1.165260
2177,2177011,47291,2.381327
2178,2178013,51900,2.613413
2179,2179014,30551,1.538389
2180,2180015,12867,0.647915
2181,2181010,23061,1.161231
2182,2182011,47307,2.382133
2183,2183012,51932,2.615024
2184,2184013,30599,1.540806
2185,2185015,12851,0.647109
2186,2186010,23205,1.168482
2187,2187011,47259,2.379716
2188,2188013,51884,2.612607
2189,2189014,30599,1.540806
2190,2190016,12883,0.648720
2191,2191009,23077,1.162037
2192,2192011,47355,2.384550
2193,2193012,51900,2.613413
2194,2194015,30535,1.537583
2195,2195010,12915,0.650332
2196,2196012,23157,1.166065
2197,2197013,47307,2.382133
2198,2198015,51868,2.611801
2199,2199009,30727,1.547251
2200,2200011,12915,0.650332
2201,2201013,23141,1.165260
2202,2202015,47371,2.385356
2203,2203009,51916,2.614218
2204,2204010,30679,1.544834
2205,2205011,12803,0.644692
2206,2206013,23189,1.167677
2207,2207015,47371,2.385356
2208,2208009,51932,2.615024
2209,2209012,30615,1.541611
2210,2210009,12899,0.649526
2211,2211010,23125,1.164454
2212,2212011,47243,2.378910
2213,2213012,51948,2.615830
2214,2214015,30599,1.540806
2215,2215009,13011,0.655166
2216,2216010,23157,1.166065
2217,2217012,47355,2.384550
2218,2218009,51932,2.615024
2219,2219011,30727,1.547251
2220,2220012,12851,0.647109
2221,2221013,23173,1.166871
2222,2222015,47387,2.386162
2223,2223009,51932,2.615024
2224,2224010,30647,1.543223
2225,2225013,12819,0.645498
2226,2226009,23141,1.165260
2227,2227010,47227,2.378105
2228,2228011,51900,2.613413
2229,2229012,30743,1.548057
2230,2230015,12851,0.647109
2231,2231016,23253,1.170900
2232,2232009,47243,2.378910
2233,2233012,51964,2.616635
2234,2234013,30631,1.542417
2235,2235016,12867,0.647915
2236,2236010,23093,1.162843
2237,2237011,47291,2.381327
2238,2238012,51916,2.614218
2239,2239015,30551,1.538389
2240,2240009,12899,0.649526
2241,2241011,23141,1.165260
2242,2242014,47307,2.382133
2243,2243015,51964,2.616635
2244,2244009,30711,1.546445
2245,2245010,12883,0.648720
2246,2246012,23173,1.166871
2247,2247013,47355,2.384550
2248,2248014,51852,2.610996
2249,2249010,30711,1.546445
2250,2250012,12899,0.649526
2251,2251013,23221,1.169288
2252,2252014,47339,2.383744
2253,2253016,51868,2.611801
2254,2254010,30663,1.544028
2255,2255012,12883,0.648720
2256,2256013,23205,1.168482
2257,2257010,47275,2.380522
2258,2258015,51836,2.610190
2259,2259010,30647,1.543223
2260,2260012,12883,0.648720
2261,2261013,23237,1.170094
2262,2262014,47371,2.385356
2263,2263015,51932,2.615024
2264,2264009,30695,1.545640
2265,2265014,12883,0.648720
2266,2266010,23157,1.166065
2267,2267013,47291,2.381327
2268,2268014,51964,2.616635
2269,2269015,30519,1.536777
2270,2270008,12931,0.651138
2271,2271010,23109,1.163648
2272,2272011,47259,2.379716
2273,2273015,51884,2.612607
2274,2274010,30727,1.547251
2275,2275011,12899,0.649526
2276,2276012,23141,1.165260
2277,2277013,47307,2.382133
2278,2278015,51820,2.609384
2279,2279009,30727,1.547251
2280,2280010,12899,0.649526
2281,2281015,23205,1.168482
2282,2282009,47307,2.382133
2283,2283011,51932,2.615024
2284,2284012,30551,1.538389
2285,2285014,12867,0.647915
2286,2286015,23269,1.171705
2287,2287009,47227,2.378105
2288,2288010,51900,2.613413
2289,2289013,30583,1.540000
2290,2290008,12915,0.650332
2291,2291009,23093,1.162843
2292,2292010,47259,2.379716
2293,2293011,51996,2.618246
2294,2294013,30615,1.541611
2295,2295014,12883,0.648720
2296,2296015,23221,1.169288
2297,2297012,47371,2.385356
2298,2298015,51900,2.613413
2299,2299009,30711,1.546445
2300,2300011,12883,0.648720
2301,2301012,23141,1.165260
2302,2302013,47323,2.382939
2303,2303014,51804,2.608578
2304,2304008,30743,1.548057
2305,2305014,12867,0.647915
2306,2306009,23109,1.163648
2307,2307010,47243,2.378910
2308,2308011,51900,2.613413
2309,2309012,30679,1.544834
2310,2310014,12883,0.648720
2311,2311014,23205,1.168482
2312,2312009,47195,2.376494
2313,2313014,51900,2.613413
2314,2314016,30535,1.537583
2315,2315009,12899,0.649526
2316,2316011,23125,1.164454
2317,2317012,47387,2.386162
2318,2318013,51948,2.615830
2319,2319015,30535,1.537583
2320,2320009,12883,0.648720
2321,2321013,23221,1.169288
2322,2322009,47275,2.380522
2323,2323011,51916,2.614218
2324,2324012,30647,1.543223
2325,2325014,12883,0.648720
2326,2326009,23093,1.162843
2327,2327010,47195,2.376494
2328,2328011,51852,2.610996
2329,2329009,30775,1.549668
2330,2330012,12899,0.649526
2331,2331013,23173,1.166871
2332,2332015,47371,2.385356
2333,2333009,52012,2.619052
2334,2334011,30823,1.552085
2335,2335011,12883,0.648720
2336,2336012,23141,1.165260
2337,2337010,47291,2.381327
2338,2338013,51964,2.616635
2339,2339015,30535,1.537583
2340,2340009,12931,0.651138
2341,2341011,23109,1.163648
2342,2342012,47307,2.382133
2343,2343014,51884,2.612607
2344,2344015,30535,1.537583
2345,2345013,12915,0.650332
2346,2346009,23093,1.162843
2347,2347010,47227,2.378105
2348,2348012,51964,2.616635
2349,2349014,30567,1.539194
2350,2350015,12787,0.643886
2351,2351010,23173,1.166871
2352,2352012,47259,2.379716
2353,2353012,51932,2.615024
2354,2354015,30567,1.539194
2355,2355009,12931,0.651138
2356,2356010,23109,1.163648
2357,2357011,47291,2.381327
2358,2358013,51916,2.614218
2359,2359014,30583,1.540000
2360,2360008,12899,0.649526
2361,2361016,23237,1.170094
2362,2362010,47307,2.382133
2363,2363011,51948,2.615830
2364,2364012,30647,1.543223
2365,2365013,12883,0.648720
2366,2366014,23205,1.168482
2367,2367016,47387,2.386162
2368,2368010,51916,2.614218
2369,2369011,30695,1.545640
2370,2370014,12883,0.648720
2371,2371009,23109,1.163648
2372,2372010,47259,2.379716
2373,2373012,51980,2.617441
2374,2374014,30599,1.540806
2375,2375015,12883,0.648720
2376,2376009,23061,1.161231
2377,2377008,47243,2.378910
2378,2378011,52060,2.621469
2379,2379012,30631,1.542417
2380,2380014,12867,0.647915
2381,2381008,23077,1.162037
2382,2382009,47419,2.387773
2383,2383011,51932,2.615024
2384,2384012,30631,1.542417
2385,2385012,12915,0.650332
2386,2386014,23189,1.167677
2387,2387009,47195,2.376494
2388,2388009,51948,2.615830
2389,2389011,30679,1.544834
2390,2390013,12899,0.649526
2391,2391014,23237,1.170094
2392,2392015,47371,2.385356
2393,2393010,51964,2.616635
2394,2394014,30663,1.544028
2395,2395015,12883,0.648720
2396,2396009,23077,1.162037
2397,2397009,47243,2.378910
2398,2398011,51948,2.615830
2399,2399012,30663,1.544028
2400,2400013,12851,0.647109
2401,2401013,23237,1.170094
2402,2402015,47339,2.383744
2403,2403009,51916,2.614218
2404,2404010,30663,1.544028
2405,2405011,12851,0.647109
2406,2406013,23173,1.166871
2407,2407014,47371,2.385356
2408,2408009,51932,2.615024
2409,2409009,30711,1.546445
2410,2410011,12915,0.650332
2411,2411012,23221,1.169288
2412,2412013,47339,2.383744
2413,2413014,51916,2.614218
2414,2414015,30551,1.538389
2415,2415009,12835,0.646303
2416,2416011,23125,1.164454
2417,2417012,47355,2.384550
2418,2418015,51884,2.612607
2419,2419010,30727,1.547251
2420,2420011,12883,0.648720
2421,2421012,23269,1.171705
2422,2422014,47339,2.383744
2423,2423015,51868,2.611801
2424,2424009,30663,1.544028
2425,2425010,12899,0.649526
2426,2426015,23237,1.170094
2427,2427009,47243,2.378910
2428,2428011,51932,2.615024
2429,2429012,30631,1.542417
2430,2430014,12867,0.647915
2431,2431008,23029,1.159620
2432,2432009,47243,2.378910
2433,2433011,51964,2.616635
2434,2434014,30583,1.540000
2435,2435015,12883,0.648720
2436,2436009,23077,1.162037
2437,2437011,47307,2.382133
2438,2438012,51916,2.614218
2439,2439014,30631,1.542417
2440,2440015,12899,0.649526
2441,2441010,23141,1.165260
2442,2442012,47371,2.385356
2443,2443013,51916,2.614218
2444,2444015,30615,1.541611
2445,2445009,12899,0.649526
2446,2446010,23125,1.164454
2447,2447012,47275,2.380522
2448,2448013,51980,2.617441
2449,2449015,30551,1.538389
2450,2450010,12899,0.649526
2451,2451012,23125,1.164454
2452,2452013,47275,2.380522
2453,2453015,51916,2.614218
2454,2454008,30743,1.548057
2455,2455010,12915,0.650332
2456,2456011,23125,1.164454
2457,2457014,47339,2.383744
2458,2458009,51948,2.615830
2459,2459011,30727,1.547251
2460,2460012,12835,0.646303
2461,2461013,23221,1.169288
2462,2462015,47355,2.384550
2463,2463009,51980,2.617441
2464,2464011,30743,1.548057
2465,2465014,12915,0.650332
2466,2466010,23109,1.163648
2467,2467011,47307,2.382133
2468,2468013,51932,2.615024
2469,2469014,30599,1.540806
2470,2470008,12883,0.648720
2471,2471010,23109,1.163648
2472,2472011,47291,2.381327
2473,2473015,51884,2.612607
2474,2474012,30695,1.545640
2475,2475013,12835,0.646303
2476,2476015,23205,1.168482
2477,2477009,47243,2.378910
2478,2478011,51868,2.611801
2479,2479012,30631,1.542417
2480,2480015,12851,0.647109
2481,2481011,23125,1.164454
2482,2482015,47339,2.383744
2483,2483008,51980,2.617441
2484,2484009,30695,1.545640
2485,2485011,12899,0.649526
2486,2486011,23141,1.165260
2487,2487013,47323,2.382939
2488,2488014,51900,2.613413
2489,2489009,30695,1.545640
2490,2490013,12867,0.647915
2491,2491015,23205,1.168482
2492,2492009,47211,2.377299
2493,2493010,51964,2.616635
2494,2494012,30663,1.544028
2495,2495013,12851,0.647109
2496,2496015,23173,1.166871
2497,2497013,47323,2.382939
2498,2498015,51900,2.613413
2499,2499009,30727,1.547251
2500,2500011,12899,0.649526
2501,2501012,23141,1.165260
2502,2502013,47403,2.386967
2503,2503015,51852,2.610996
2504,2504009,30807,1.551279
2505,2505013,12883,0.648720
2506,2506015,23173,1.166871
2507,2507009,47259,2.379716
2508,2508011,51884,2.612607
2509,2509012,30663,1.544028
2510,2510014,12899,0.649526
2511,2511015,23221,1.169288
2512,2512009,47227,2.378105
2513,2513014,51964,2.616635
2514,2514015,30567,1.539194
2515,2515009,12931,0.651138
2516,2516011,23077,1.162037
2517,2517012,47291,2.381327
2518,2518013,51948,2.615830
2519,2519015,30583,1.540000
2520,2520009,12899,0.649526
2521,2521014,23189,1.167677
2522,2522010,47291,2.381327
2523,2523011,51916,2.614218
2524,2524012,30615,1.541611
2525,2525013,12867,0.647915
2526,2526015,23205,1.168482
2527,2527009,47259,2.379716
2528,2528011,51948,2.615830
2529,2529008,30791,1.550474
2530,2530012,12899,0.649526
2531,2531013,23157,1.166065
2532,2532015,47339,2.383744
2533,2533009,51932,2.615024
2534,2534010,30663,1.544028
2535,2535012,12931,0.651138
2536,2536013,23109,1.163648
2537,2537013,47339,2.383744
2538,2538014,51948,2.615830
2539,2539008,30743,1.548057
2540,2540010,12947,0.651943
2541,2541011,23157,1.166065
2542,2542013,47323,2.382939
2543,2543014,51932,2.615024
2544,2544016,30551,1.538389
2545,2545015,12883,0.648720
2546,2546010,23109,1.163648
2547,2547011,47275,2.380522
2548,2548012,51916,2.614218
2549,2549013,30615,1.541611
2550,2550015,12915,0.650332
2551,2551009,23061,1.161231
2552,2552010,47243,2.378910
2553,2553009,51980,2.617441
2554,2554013,30631,1.542417
2555,2555014,12883,0.648720
2556,2556015,23237,1.170094
2557,2557010,47211,2.377299
2558,2558011,51916,2.614218
2559,2559012,30647,1.543223
2560,2560014,12787,0.643886
2561,2561013,23141,1.165260
2562,2562015,47323,2.382939
2563,2563009,51948,2.615830
2564,2564010,30727,1.547251
2565,2565012,12883,0.648720
2566,2566014,23221,1.169288
2567,2567015,47307,2.382133
2568,2568009,51900,2.613413
2569,2569015,30567,1.539194
2570,2570011,12899,0.649526
2571,2571011,23125,1.164454
2572,2572013,47307,2.382133
2573,2573014,51948,2.615830
2574,2574016,30455,1.533555
2575,2575010,12883,0.648720
2576,2576012,23141,1.165260
2577,2577012,47307,2.382133
2578,2578008,51996,2.618246
2579,2579010,30727,1.547251
2580,2580011,12851,0.647109
2581,2581013,23157,1.166065
2582,2582014,47323,2.382939
2583,2583009,52012,2.619052
2584,2584009,30743,1.548057
2585,2585015,12883,0.648720
2586,2586012,23141,1.165260
2587,2587014,47355,2.384550
2588,2588008,51964,2.616635
2589,2589010,30615,1.541611
2590,2590011,12947,0.651943
2591,2591013,23173,1.166871
2592,2592015,47387,2.386162
2593,2593014,51916,2.614218
2594,2594013,30695,1.545640
2595,2595015,12867,0.647915
2596,2596009,23061,1.161231
2597,2597011,47339,2.383744
2598,2598012,51964,2.616635
2599,2599014,30679,1.544834
2600,2600015,12867,0.647915
2601,2601014,23237,1.170094
2602,2602010,47275,2.380522
2603,2603011,51964,2.616635
2604,2604013,30615,1.541611
2605,2605014,12851,0.647109
2606,2606016,23237,1.170094
2607,2607010,47227,2.378105
2608,2608011,51916,2.614218
2609,2609011,30679,1.544834
2610,2610013,12883,0.648720
2611,2611015,23173,1.166871
2612,2612009,47195,2.376494
2613,2613011,51932,2.615024
2614,2614013,30631,1.542417
2615,2615014,12867,0.647915
2616,2616008,23077,1.162037
2617,2617008,47243,2.378910
2618,2618011,51948,2.615830
2619,2619013,30647,1.543223
2620,2620014,12867,0.647915
2621,2621015,23237,1.170094
2622,2622009,47243,2.378910
2623,2623010,51916,2.614218
2624,2624012,30679,1.544834
2625,2625011,12883,0.648720
2626,2626015,23221,1.169288
2627,2627010,47243,2.378910
2628,2628011,51916,2.614218
2629,2629012,30679,1.544834
2630,2630014,12867,0.647915
2631,2631015,23189,1.167677
2632,2632009,47227,2.378105
2633,2633011,51948,2.615830
2634,2634013,30599,1.540806
2635,2635015,12851,0.647109
2636,2636009,23029,1.159620
2637,2637011,47291,2.381327
2638,2638013,51932,2.615024
2639,2639014,30599,1.540806
2640,2640015,12883,0.648720
2641,2641010,23205,1.168482
2642,2642013,47243,2.378910
2643,2643015,51900,2.613413
2644,2644009,30759,1.548862
2645,2645010,12915,0.650332
2646,2646011,23141,1.165260
2647,2647013,47307,2.382133
2648,2648015,51884,2.612607
2649,2649009,30727,1.547251
2650,2650013,12867,0.647915
2651,2651015,23237,1.170094
2652,2652009,47259,2.379716
2653,2653011,51980,2.617441
2654,2654013,30631,1.542417
2655,2655015,12851,0.647109
2656,2656009,23077,1.162037
2657,2657010,47163,2.374882
2658,2658011,51980,2.617441
2659,2659013,30679,1.544834
2660,2660015,12851,0.647109
2661,2661016,23253,1.170900
2662,2662010,47227,2.378105
2663,2663011,51964,2.616635
2664,2664013,30615,1.541611
2665,2665014,12947,0.651943
2666,2666009,23077,1.162037
2667,2667010,47243,2.378910
2668,2668011,51948,2.615830
2669,2669012,30647,1.543223
2670,2670014,12883,0.648720
2671,2671014,23173,1.166871
2672,2672008,47259,2.379716
2673,2673010,51932,2.615024
2674,2674014,30615,1.541611
2675,2675008,12883,0.648720
2676,2676010,23093,1.162843
2677,2677011,47259,2.379716
2678,2678012,51932,2.615024
2679,2679013,30615,1.541611
2680,2680015,12851,0.647109
2681,2681010,23141,1.165260
2682,2682012,47243,2.378910
2683,2683012,51900,2.613413
2684,2684014,30615,1.541611
2685,2685015,12867,0.647915
2686,2686009,23061,1.161231
2687,2687010,47307,2.382133
2688,2688012,51932,2.615024
2689,2689015,30599,1.540806
2690,2690010,12915,0.650332
2691,2691012,23157,1.166065
2692,2692013,47275,2.380522
2693,2693015,51900,2.613413
2694,2694009,30775,1.549668
2695,2695011,12915,0.650332
2696,2696012,23141,1.165260
2697,2697015,47371,2.385356
2698,2698011,51948,2.615830
2699,2699012,30647,1.543223
2700,2700013,12963,0.652749
2701,2701015,23173,1.166871
2702,2702009,47259,2.379716
2703,2703010,51948,2.615830
2704,2704012,30647,1.543223
2705,2705015,12883,0.648720
2706,2706011,23125,1.164454
2707,2707012,47323,2.382939
2708,2708014,51868,2.611801
2709,2709015,30567,1.539194
2710,2710009,12899,0.649526
2711,2711011,23109,1.163648
2712,2712013,47275,2.380522
2713,2713009,51948,2.615830
2714,2714010,30759,1.548862
2715,2715012,12915,0.650332
2716,2716014,23173,1.166871
2717,2717015,47307,2.382133
2718,2718008,51916,2.614218
2719,2719009,30727,1.547251
2720,2720010,12835,0.646303
2721,2721015,23237,1.170094
2722,2722011,47323,2.382939
2723,2723013,51948,2.615830
2724,2724014,30567,1.539194
2725,2725009,12915,0.650332
2726,2726010,23109,1.163648
2727,2727011,47227,2.378105
2728,2728012,51884,2.612607
2729,2729009,30775,1.549668
2730,2730010,12899,0.649526
2731,2731011,23109,1.163648
2732,2732013,47307,2.382133
2733,2733015,51884,2.612607
2734,2734009,30695,1.545640
2735,2735011,12883,0.648720
2736,2736012,23109,1.163648
2737,2737008,47259,2.379716
2738,2738011,51948,2.615830
2739,2739013,30695,1.545640
2740,2740014,12899,0.649526
2741,2741015,23253,1.170900
2742,2742009,47227,2.378105
2743,2743010,51900,2.613413
2744,2744011,30695,1.545640
2745,2745015,12867,0.647915
2746,2746009,23109,1.163648
2747,2747011,47275,2.380522
2748,2748012,51916,2.614218
2749,2749013,30567,1.539194
2750,2750014,12851,0.647109
2751,2751009,23077,1.162037
2752,2752010,47243,2.378910
2753,2753014,51900,2.613413
2754,2754009,30727,1.547251
2755,2755011,12899,0.649526
2756,2756012,23141,1.165260
2757,2757013,47355,2.384550
2758,2758015,51900,2.613413
2759,2759009,30759,1.548862
2760,2760010,12899,0.649526
2761,2761015,23189,1.167677
2762,2762010,47259,2.379716
2763,2763011,51916,2.614218
2764,2764013,30631,1.542417
2765,2765014,12867,0.647915
2766,2766015,23221,1.169288
2767,2767010,47179,2.375688
2768,2768012,51916,2.614218
2769,2769009,30759,1.548862
2770,2770010,12931,0.651138
2771,2771012,23109,1.163648
2772,2772014,47371,2.385356
2773,2773015,51884,2.612607
2774,2774009,30775,1.549668
2775,2775010,12899,0.649526
2776,2776012,23125,1.164454
2777,2777009,47179,2.375688
2778,2778011,51900,2.613413
2779,2779012,30647,1.543223
2780,2780013,12867,0.647915
2781,2781014,23205,1.168482
2782,2782015,47355,2.384550
2783,2783009,51980,2.617441
2784,2784010,30631,1.542417
2785,2785016,12883,0.648720
2786,2786011,23141,1.165260
2787,2787012,47291,2.381327
2788,2788013,51948,2.615830
2789,2789015,30647,1.543223
2790,2790008,12931,0.651138
2791,2791010,23077,1.162037
2792,2792011,47275,2.380522
2793,2793010,51932,2.615024
2794,2794012,30695,1.545640
2795,2795013,12835,0.646303
2796,2796015,23237,1.170094
2797,2797010,47243,2.378910
2798,2798011,51932,2.615024
2799,2799012,30711,1.546445
2800,2800013,12883,0.648720
2801,2801013,23221,1.169288
2802,2802010,47275,2.380522
2803,2803012,51980,2.617441
2804,2804013,30583,1.540000
2805,2805015,12931,0.651138
2806,2806009,23093,1.162843
2807,2807010,47275,2.380522
2808,2808011,51964,2.616635
2809,2809010,30743,1.548057
2810,2810013,12915,0.650332
2811,2811014,23189,1.167677
2812,2812016,47371,2.385356
2813,2813010,52044,2.620664
2814,2814012,30679,1.544834
2815,2815014,12931,0.651138
2816,2816015,23221,1.169288
2817,2817015,47323,2.382939
2818,2818013,52044,2.620664
2819,2819014,30631,1.542417
2820,2820015,12755,0.642275
2821,2821010,23125,1.164454
2822,2822012,47243,2.378910
2823,2823014,51900,2.613413
2824,2824015,30535,1.537583
2825,2825015,12867,0.647915
2826,2826010,23061,1.161231
2827,2827011,47243,2.378910
2828,2828012,51916,2.614218
2829,2829014,30631,1.542417
2830,2830008,12899,0.649526
2831,2831010,23109,1.163648
2832,2832012,47243,2.378910
2833,2833011,51916,2.614218
2834,2834012,30727,1.547251
2835,2835015,12867,0.647915
2836,2836008,23029,1.159620
2837,2837010,47259,2.379716
2838,2838012,51916,2.614218
2839,2839013,30615,1.541611
2840,2840015,12835,0.646303
2841,2841013,23189,1.167677
2842,2842009,47291,2.381327
2843,2843012,51948,2.615830
2844,2844013,30615,1.541611
2845,2845014,12883,0.648720
2846,2846015,23173,1.166871
2847,2847008,47227,2.378105
2848,2848009,51980,2.617441
2849,2849010,30743,1.548057
2850,2850015,12915,0.650332
2851,2851009,23029,1.159620
2852,2852010,47211,2.377299
2853,2853011,51932,2.615024
2854,2854013,30663,1.544028
2855,2855015,12867,0.647915
2856,2856009,23013,1.158814
2857,2857008,47179,2.375688
2858,2858010,52060,2.621469
2859,2859012,30631,1.542417
2860,2860013,12899,0.649526
2861,2861015,23205,1.168482
2862,2862009,47243,2.378910
2863,2863010,51996,2.618246
2864,2864012,30679,1.544834
2865,2865013,12883,0.648720
2866,2866015,23301,1.173316
2867,2867009,47211,2.377299
2868,2868010,51964,2.616635
2869,2869012,30663,1.544028
2870,2870013,12899,0.649526
2871,2871015,23173,1.166871
2872,2872009,47227,2.378105
2873,2873009,51996,2.618246
2874,2874012,30663,1.544028
2875,2875013,12883,0.648720
2876,2876014,23173,1.166871
2877,2877015,47339,2.383744
2878,2878008,51980,2.617441
2879,2879010,30727,1.547251
2880,2880012,12899,0.649526
2881,2881012,23125,1.164454
2882,2882015,47339,2.383744
2883,2883008,52012,2.619052
2884,2884010,30695,1.545640
2885,2885011,12899,0.649526
2886,2886013,23173,1.166871
2887,2887014,47323,2.382939
2888,2888015,51916,2.614218
2889,2889008,30759,1.548862
2890,2890011,12899,0.649526
2891,2891012,23141,1.165260
2892,2892013,47243,2.378910
2893,2893015,51932,2.615024
2894,2894009,30759,1.548862
2895,2895010,12899,0.649526
2896,2896012,23205,1.168482
2897,2897014,47339,2.383744
2898,2898016,51900,2.613413
2899,2899009,30711,1.546445
2900,2900010,12899,0.649526
2901,2901012,23125,1.164454
2902,2902013,47339,2.383744
2903,2903014,51916,2.614218
2904,2904009,30759,1.548862
2905,2905012,12931,0.651138
2906,2906014,23173,1.166871
2907,2907015,47387,2.386162
2908,2908010,52012,2.619052
2909,2909011,30679,1.544834
2910,2910012,12899,0.649526
2911,2911014,23157,1.166065
2912,2912015,47307,2.382133
2913,2913010,51900,2.613413
2914,2914013,30759,1.548862
2915,2915014,12883,0.648720
2916,2916015,23173,1.166871
2917,2917009,47259,2.379716
2918,2918010,51916,2.614218
2919,2919011,30743,1.548057
2920,2920013,12883,0.648720
2921,2921015,23237,1.170094
2922,2922011,47243,2.378910
2923,2923012,51868,2.611801
2924,2924014,30583,1.540000
2925,2925008,13011,0.655166
2926,2926010,23093,1.162843
2927,2927011,47323,2.382939
2928,2928012,52012,2.619052
2929,2929016,30567,1.539194
2930,2930011,12883,0.648720
2931,2931012,23141,1.165260
2932,2932013,47275,2.380522
2933,2933014,51996,2.618246
2934,2934015,30599,1.540806
2935,2935010,12899,0.649526
2936,2936012,23125,1.164454
2937,2937015,47371,2.385356
2938,2938011,51948,2.615830
2939,2939012,30663,1.544028
2940,2940014,12899,0.649526
2941,2941009,23077,1.162037
2942,2942010,47259,2.379716
2943,2943012,51916,2.614218
2944,2944013,30647,1.543223
2945,2945010,12915,0.650332
2946,2946013,23125,1.164454
2947,2947015,47339,2.383744
2948,2948009,51948,2.615830
2949,2949010,30727,1.547251
2950,2950012,12899,0.649526
2951,2951013,23173,1.166871
2952,2952015,47355,2.384550
2953,2953010,51980,2.617441
2954,2954014,30631,1.542417
2955,2955009,12883,0.648720
2956,2956010,23093,1.162843
2957,2957011,47307,2.382133
2958,2958013,51948,2.615830
2959,2959014,30647,1.543223
2960,2960015,12883,0.648720
2961,2961012,23205,1.168482
2962,2962008,47195,2.376494
2963,2963009,52044,2.620664
2964,2964011,30695,1.545640
2965,2965013,12899,0.649526
2966,2966014,23205,1.168482
2967,2967008,47227,2.378105
2968,2968010,51980,2.617441
2969,2969015,30599,1.540806
2970,2970010,12995,0.654360
2971,2971012,23093,1.162843
2972,2972014,47259,2.379716
2973,2973015,51900,2.613413
2974,2974010,30727,1.547251
2975,2975011,12883,0.648720
2976,2976012,23125,1.164454
2977,2977009,47275,2.380522
2978,2978013,51948,2.615830
2979,2979015,30567,1.539194
2980,2980009,12899,0.649526
2981,2981011,23109,1.163648
2982,2982012,47339,2.383744
2983,2983013,51916,2.614218
2984,2984014,30599,1.540806
2985,2985013,12899,0.649526
2986,2986009,23045,1.160426
2987,2987011,47275,2.380522
2988,2988012,51916,2.614218
2989,2989013,30679,1.544834
2990,2990014,12883,0.648720
2991,2991016,23221,1.169288
2992,2992010,47131,2.373271
2993,2993015,51900,2.613413
2994,2994009,30759,1.548862
2995,2995011,12787,0.643886
2996,2996013,23141,1.165260
2997,2997015,47387,2.386162
2998,2998008,51980,2.617441
2999,2999010,30743,1.548057
3000,3000012,12883,0.648720
3001,3001009,23029,1.159620
3002,3002012,47387,2.386162
3003,3003013,51868,2.611801
3004,3004015,30663,1.544028
3005,3005010,12915,0.650332
3006,3006012,23141,1.165260
3007,3007013,47339,2.383744
3008,3008014,51932,2.615024
3009,3009012,30647,1.543223
3010,3010016,12867,0.647915
3011,3011010,23077,1.162037
3012,3012011,47227,2.378105
3013,3013012,51948,2.615830
3014,3014013,30663,1.544028
3015,3015015,12851,0.647109
3016,3016008,23029,1.159620
3017,3017014,47339,2.383744
3018,3018009,51980,2.617441
3019,3019011,30679,1.544834
3020,3020013,12867,0.647915
3021,3021013,23173,1.166871
3022,3022015,47307,2.382133
3023,3023009,51980,2.617441
3024,3024010,30727,1.547251
3025,3025008,12899,0.649526
3026,3026011,23173,1.166871
3027,3027012,47275,2.380522
3028,3028013,51932,2.615024
3029,3029014,30663,1.544028
3030,3030009,12931,0.651138
3031,3031010,23061,1.161231
3032,3032011,47259,2.379716
3033,3033009,51980,2.617441
3034,3034011,30695,1.545640
3035,3035013,12883,0.648720
3036,3036015,23173,1.166871
3037,3037010,47259,2.379716
3038,3038011,51980,2.617441
3039,3039013,30663,1.544028
3040,3040014,12883,0.648720
3041,3041014,23221,1.169288
3042,3042010,47211,2.377299
3043,3043011,51948,2.615830
3044,3044013,30663,1.544028
3045,3045015,12867,0.647915
3046,3046009,23093,1.162843
3047,3047011,47275,2.380522
3048,3048012,51980,2.617441
3049,3049011,30791,1.550474
3050,3050014,12835,0.646303
3051,3051015,23205,1.168482
3052,3052008,47179,2.375688
3053,3053010,52012,2.619052
3054,3054012,30679,1.544834
3055,3055013,12883,0.648720
3056,3056014,23157,1.166065
3057,3057012,47291,2.381327
3058,3058014,51980,2.617441
3059,3059016,30551,1.538389
3060,3060010,12915,0.650332
3061,3061011,23109,1.163648
3062,3062013,47227,2.378105
3063,3063014,51852,2.610996
3064,3064015,30567,1.539194
3065,3065009,12915,0.650332
3066,3066010,23077,1.162037
3067,3067012,47275,2.380522
3068,3068013,51916,2.614218
3069,3069015,30615,1.541611
3070,3070010,12899,0.649526
3071,3071011,23093,1.162843
3072,3072012,47243,2.378910
3073,3073012,51996,2.618246
3074,3074014,30631,1.542417
3075,3075009,12899,0.649526
3076,3076010,23045,1.160426
3077,3077012,47323,2.382939
3078,3078013,51868,2.611801
3079,3079014,30631,1.542417
3080,3080015,12883,0.648720
3081,3081009,23093,1.162843
3082,3082010,47243,2.378910
3083,3083013,51932,2.615024
3084,3084014,30631,1.542417
3085,3085009,12899,0.649526
3086,3086010,23125,1.164454
3087,3087012,47243,2.378910
3088,3088013,51932,2.615024
3089,3089014,30599,1.540806
3090,3090009,12899,0.649526
3091,3091010,23077,1.162037
3092,3092012,47275,2.380522
3093,3093013,51900,2.613413
3094,3094014,30583,1.540000
3095,3095015,12867,0.647915
3096,3096009,23061,1.161231
3097,3097010,47243,2.378910
3098,3098014,51932,2.615024
3099,3099015,30599,1.540806
3100,3100008,12931,0.651138
3101,3101009,23029,1.159620
3102,3102010,47163,2.374882
3103,3103012,51964,2.616635
3104,3104014,30615,1.541611
3105,3105014,12883,0.648720
3106,3106009,23061,1.161231
3107,3107010,47227,2.378105
3108,3108011,51868,2.611801
3109,3109013,30663,1.544028
3110,3110014,12883,0.648720
3111,3111008,23029,1.159620
3112,3112010,47259,2.379716
3113,3113011,51964,2.616635
3114,3114015,30615,1.541611
3115,3115009,12851,0.647109
3116,3116009,23045,1.160426
3117,3117011,47275,2.380522
3118,3118012,51884,2.612607
3119,3119013,30631,1.542417
3120,3120015,12883,0.648720
3121,3121009,23077,1.162037
3122,3122012,47307,2.382133
3123,3123014,51948,2.615830
3124,3124016,30599,1.540806
3125,3125009,12915,0.650332
3126,3126011,23093,1.162843
3127,3127012,47259,2.379716
3128,3128013,51932,2.615024
3129,3129014,30599,1.540806
3130,3130009,12899,0.649526
3131,3131010,23045,1.160426
3132,3132011,47323,2.382939
3133,3133013,51948,2.615830
3134,3134015,30647,1.543223
3135,3135016,12867,0.647915
3136,3136010,23109,1.163648
3137,3137014,47355,2.384550
3138,3138010,52028,2.619858
3139,3139011,30679,1.544834
3140,3140012,12915,0.650332
3141,3141013,23173,1.166871
3142,3142015,47339,2.383744
3143,3143009,51964,2.616635
3144,3144010,30743,1.548057
3145,3145014,12899,0.649526
3146,3146010,23093,1.162843
3147,3147011,47115,2.372465
3148,3148013,51916,2.614218
3149,3149015,30599,1.540806
3150,3150009,12915,0.650332
3151,3151011,23077,1.162037
3152,3152012,47323,2.382939
3153,3153015,51932,2.615024
3154,3154010,30727,1.547251
3155,3155011,12899,0.649526
3156,3156012,23109,1.163648
3157,3157013,47291,2.381327
3158,3158014,51884,2.612607
3159,3159008,30791,1.550474
3160,3160010,12899,0.649526
3161,3161014,23157,1.166065
3162,3162010,47227,2.378105
3163,3163012,51980,2.617441
3164,3164013,30647,1.543223
3165,3165014,12899,0.649526
3166,3166009,23061,1.161231
3167,3167011,47259,2.379716
3168,3168012,51916,2.614218
3169,3169015,30599,1.540806
3170,3170009,12915,0.650332
3171,3171011,23077,1.162037
3172,3172011,47291,2.381327
3173,3173013,51948,2.615830
3174,3174014,30631,1.542417
3175,3175016,12883,0.648720
3176,3176011,23093,1.162843
3177,3177015,47451,2.389384
3178,3178010,51948,2.615830
3179,3179012,30679,1.544834
3180,3180012,12931,0.651138
3181,3181013,23189,1.167677
3182,3182015,47307,2.382133
3183,3183009,51980,2.617441
3184,3184010,30711,1.546445
3185,3185014,12899,0.649526
3186,3186008,23045,1.160426
3187,3187010,47371,2.385356
3188,3188011,51932,2.615024
3189,3189011,30695,1.545640
3190,3190012,12883,0.648720
3191,3191014,23125,1.164454
3192,3192015,47323,2.382939
3193,3193012,51932,2.615024
3194,3194013,30663,1.544028
3195,3195014,12883,0.648720
3196,3196008,23045,1.160426
3197,3197010,47179,2.375688
3198,3198012,51932,2.615024
3199,3199013,30647,1.543223
3200,3200014,12867,0.647915
3201,3201011,23093,1.162843
3202,3202013,47291,2.381327
3203,3203015,51884,2.612607
3204,3204009,30791,1.550474
3205,3205010,12915,0.650332
3206,3206011,23125,1.164454
3207,3207013,47259,2.379716
3208,3208015,51852,2.610996
3209,3209011,30679,1.544834
3210,3210015,12883,0.648720
3211,3211009,23029,1.159620
3212,3212010,47243,2.378910
3213,3213011,51964,2.616635
3214,3214013,30631,1.542417
3215,3215013,12883,0.648720
3216,3216015,23221,1.169288
3217,3217012,47291,2.381327
3218,3218015,51964,2.616635
3219,3219009,30775,1.549668
3220,3220010,12899,0.649526
3221,3221012,23109,1.163648
3222,3222013,47371,2.385356
3223,3223014,51916,2.614218
3224,3224008,30759,1.548862
3225,3225014,12899,0.649526
3226,3226009,23093,1.162843
3227,3227010,47227,2.378105
3228,3228011,51948,2.615830
3229,3229014,30695,1.545640
3230,3230008,12947,0.651943
3231,3231010,23013,1.158814
3232,3232012,47275,2.380522
3233,3233010,51948,2.615830
3234,3234015,30647,1.543223
3235,3235009,12899,0.649526
3236,3236010,23141,1.165260
3237,3237012,47275,2.380522
3238,3238013,51964,2.616635
3239,3239015,30663,1.544028
3240,3240009,12899,0.649526
3241,3241016,23173,1.166871
3242,3242011,47243,2.378910
3243,3243012,51916,2.614218
3244,3244013,30631,1.542417
3245,3245014,12947,0.651943
3246,3246009,23061,1.161231
3247,3247011,47227,2.378105
3248,3248012,51948,2.615830
3249,3249011,30727,1.547251
3250,3250013,12931,0.651138
3251,3251015,23141,1.165260
3252,3252008,47275,2.380522
3253,3253010,51948,2.615830
3254,3254011,30695,1.545640
3255,3255013,12867,0.647915
3256,3256013,23141,1.165260
3257,3257012,47307,2.382133
3258,3258014,51868,2.611801
3259,3259015,30583,1.540000
3260,3260009,12899,0.649526
3261,3261010,23125,1.164454
3262,3262012,47291,2.381327
3263,3263013,51916,2.614218
3264,3264014,30679,1.544834
3265,3265013,12883,0.648720
3266,3266015,23173,1.166871
3267,3267009,47195,2.376494
3268,3268011,51980,2.617441
3269,3269012,30679,1.544834
3270,3270014,12883,0.648720
3271,3271016,23173,1.166871
3272,3272010,47211,2.377299
3273,3273009,52012,2.619052
3274,3274012,30599,1.540806
3275,3275013,12867,0.647915
3276,3276015,23157,1.166065
3277,3277008,47275,2.380522
3278,3278009,52060,2.621469
3279,3279011,30679,1.544834
3280,3280012,12915,0.650332
3281,3281012,23125,1.164454
3282,3282014,47291,2.381327
3283,3283008,52012,2.619052
3284,3284011,30711,1.546445
3285,3285013,12883,0.648720
3286,3286014,23157,1.166065
3287,3287015,47339,2.383744
3288,3288009,51980,2.617441
3289,3289010,30775,1.549668
3290,3290012,12883,0.648720
3291,3291013,23045,1.160426
3292,3292014,47291,2.381327
3293,3293015,51868,2.611801
3294,3294009,30711,1.546445
3295,3295011,12915,0.650332
3296,3296013,23125,1.164454
3297,3297013,47387,2.386162
3298,3298009,51980,2.617441
3299,3299011,30679,1.544834
3300,3300013,12883,0.648720
3301,3301013,23141,1.165260
3302,3302015,47339,2.383744
3303,3303009,51900,2.613413
3304,3304011,30743,1.548057
3305,3305012,12867,0.647915
3306,3306009,23029,1.159620
3307,3307010,47307,2.382133
3308,3308012,51900,2.613413
3309,3309013,30599,1.540806
3310,3310015,12883,0.648720
3311,3311009,23013,1.158814
3312,3312011,47259,2.379716
3313,3313013,51932,2.615024
3314,3314009,30743,1.548057
3315,3315013,12835,0.646303
3316,3316014,23173,1.166871
3317,3317008,47147,2.374076
3318,3318010,51996,2.618246
3319,3319011,30679,1.544834
3320,3320013,12883,0.648720
3321,3321013,23173,1.166871
3322,3322015,47307,2.382133
3323,3323009,51996,2.618246
3324,3324011,30727,1.547251
3325,3325013,12899,0.649526
3326,3326014,23157,1.166065
3327,3327008,47227,2.378105
3328,3328009,51964,2.616635
3329,3329010,30727,1.547251
3330,3330013,12915,0.650332
3331,3331014,23141,1.165260
3332,3332010,47227,2.378105
3333,3333011,51916,2.614218
3334,3334012,30679,1.544834
3335,3335014,12931,0.651138
3336,3336014,23189,1.167677
3337,3337015,47339,2.383744
3338,3338011,52028,2.619858
3339,3339013,30631,1.542417
3340,3340014,12883,0.648720
3341,3341015,23221,1.169288
3342,3342009,47291,2.381327
3343,3343010,51964,2.616635
3344,3344011,30759,1.548862
3345,3345013,12851,0.647109
3346,3346016,23237,1.170094
3347,3347009,47179,2.375688
3348,3348010,51964,2.616635
3349,3349012,30743,1.548057
3350,3350012,12883,0.648720
3351,3351014,23173,1.166871
3352,3352008,47227,2.378105
3353,3353011,51948,2.615830
3354,3354013,30727,1.547251
3355,3355014,12867,0.647915
3356,3356015,23173,1.166871
3357,3357009,47211,2.377299
3358,3358011,51996,2.618246
3359,3359012,30663,1.544028
3360,3360013,12851,0.647109
3361,3361016,23253,1.170900
3362,3362011,47227,2.378105
3363,3363012,51980,2.617441
3364,3364013,30647,1.543223
3365,3365014,12883,0.648720
3366,3366008,22965,1.156397
3367,3367010,47291,2.381327
3368,3368012,51948,2.615830
3369,3369016,30599,1.540806
3370,3370012,12883,0.648720
3371,3371014,23141,1.165260
3372,3372015,47339,2.383744
3373,3373010,52028,2.619858
3374,3374011,30695,1.545640
3375,3375012,12835,0.646303
3376,3376014,23189,1.167677
3377,3377010,47195,2.376494
3378,3378013,51932,2.615024
3379,3379014,30615,1.541611
3380,3380015,12883,0.648720
3381,3381010,23061,1.161231
3382,3382012,47227,2.378105
3383,3383013,51964,2.616635
3384,3384014,30647,1.543223
3385,3385010,12899,0.649526
3386,3386011,23093,1.162843
3387,3387013,47227,2.378105
3388,3388015,51916,2.614218
3389,3389008,30759,1.548862
3390,3390009,12899,0.649526
3391,3391011,23061,1.161231
3392,3392012,47243,2.378910
3393,3393008,51948,2.615830
3394,3394012,30727,1.547251
3395,3395014,12851,0.647109
3396,3396015,23221,1.169288
3397,3397009,47243,2.378910
3398,3398010,51916,2.614218
3399,3399012,30647,1.543223
3400,3400014,12899,0.649526
3401,3401010,23061,1.161231
3402,3402011,47211,2.377299
3403,3403012,51948,2.615830
3404,3404014,30647,1.543223
3405,3405016,12899,0.649526
3406,3406010,23029,1.159620
3407,3407011,47323,2.382939
3408,3408011,51884,2.612607
3409,3409015,30631,1.542417
3410,3410010,12899,0.649526
3411,3411010,23045,1.160426
3412,3412012,47211,2.377299
3413,3413013,51964,2.616635
3414,3414014,30647,1.543223
3415,3415008,12883,0.648720
3416,3416010,23077,1.162037
3417,3417015,47355,2.384550
3418,3418012,51996,2.618246
3419,3419014,30663,1.544028
3420,3420016,12819,0.645498
3421,3421009,23029,1.159620
3422,3422011,47211,2.377299
3423,3423013,51964,2.616635
3424,3424014,30631,1.542417
3425,3425012,12915,0.650332
3426,3426013,23061,1.161231
3427,3427014,47323,2.382939
3428,3428015,51980,2.617441
3429,3429009,30791,1.550474
3430,3430011,12883,0.648720
3431,3431012,23093,1.162843
3432,3432013,47275,2.380522
3433,3433010,51948,2.615830
3434,3434011,30727,1.547251
3435,3435013,12883,0.648720
3436,3436014,23173,1.166871
3437,3437008,47227,2.378105
3438,3438010,51964,2.616635
3439,3439012,30695,1.545640
3440,3440013,12867,0.647915
3441,3441011,23125,1.164454
3442,3442014,47275,2.380522
3443,3443009,51948,2.615830
3444,3444011,30823,1.552085
3445,3445011,12883,0.648720
3446,3446013,23157,1.166065
3447,3447014,47291,2.381327
3448,3448008,52108,2.623886
3449,3449012,30727,1.547251
3450,3450015,12963,0.652749
3451,3451009,23061,1.161231
3452,3452012,47243,2.378910
3453,3453013,51948,2.615830
3454,3454014,30679,1.544834
3455,3455008,12851,0.647109
3456,3456009,23125,1.164454
3457,3457015,47259,2.379716
3458,3458009,51964,2.616635
3459,3459011,30743,1.548057
3460,3460012,12867,0.647915
3461,3461013,23173,1.166871
3462,3462014,47339,2.383744
3463,3463015,51868,2.611801
3464,3464009,30759,1.548862
3465,3465015,12787,0.643886
3466,3466009,23061,1.161231
3467,3467011,47195,2.376494
3468,3468012,51980,2.617441
3469,3469014,30631,1.542417
3470,3470015,12867,0.647915
3471,3471008,23029,1.159620
3472,3472010,47227,2.378105
3473,3473008,52012,2.619052
3474,3474010,30807,1.551279
3475,3475011,12915,0.650332
3476,3476013,23189,1.167677
3477,3477014,47275,2.380522
3478,3478009,52044,2.620664
3479,3479010,30759,1.548862
3480,3480011,12899,0.649526
3481,3481012,23125,1.164454
3482,3482008,47179,2.375688
3483,3483010,51964,2.616635
3484,3484011,30711,1.546445
3485,3485013,12915,0.650332
3486,3486014,23173,1.166871
3487,3487016,47339,2.383744
3488,3488010,51980,2.617441
3489,3489009,30823,1.552085
3490,3490012,12947,0.651943
3491,3491013,23125,1.164454
3492,3492014,47291,2.381327
3493,3493009,52012,2.619052
3494,3494010,30727,1.547251
3495,3495012,12899,0.649526
3496,3496013,23141,1.165260
3497,3497012,47227,2.378105
3498,3498014,51980,2.617441
3499,3499016,30647,1.543223
3500,3500009,12883,0.648720
3501,3501010,23029,1.159620
3502,3502012,47291,2.381327
3503,3503013,51884,2.612607
3504,3504015,30663,1.544028
3505,3505014,12931,0.651138
3506,3506009,23045,1.160426
3507,3507011,47195,2.376494
3508,3508012,51964,2.616635
3509,3509014,30663,1.544028
3510,3510008,12899,0.649526
3511,3511009,23029,1.159620
3512,3512011,47275,2.380522
3513,3513011,51916,2.614218
3514,3514013,30727,1.547251
3515,3515015,12851,0.647109
3516,3516009,23045,1.160426
3517,3517011,47243,2.378910
3518,3518013,51884,2.612607
3519,3519014,30631,1.542417
3520,3520008,12963,0.652749
3521,3521009,23045,1.160426
3522,3522011,47259,2.379716
3523,3523013,51884,2.612607
3524,3524015,30647,1.543223
3525,3525009,12931,0.651138
3526,3526009,23029,1.159620
3527,3527011,47259,2.379716
3528,3528012,51948,2.615830
3529,3529013,30695,1.545640
3530,3530015,12867,0.647915
3531,3531009,23029,1.159620
3532,3532010,47227,2.378105
3533,3533011,51996,2.618246
3534,3534012,30663,1.544028
3535,3535014,12915,0.650332
3536,3536009,23029,1.159620
3537,3537015,47339,2.383744
3538,3538010,51964,2.616635
3539,3539010,30759,1.548862
3540,3540013,12883,0.648720
3541,3541014,23157,1.166065
3542,3542016,47371,2.385356
3543,3543010,51980,2.617441
3544,3544011,30743,1.548057
3545,3545012,12899,0.649526
3546,3546014,23093,1.162843
3547,3547015,47355,2.384550
3548,3548008,51996,2.618246
3549,3549011,30775,1.549668
3550,3550012,12899,0.649526
3551,3551013,23205,1.168482
3552,3552014,47339,2.383744
3553,3553015,51900,2.613413
3554,3554010,30839,1.552891
3555,3555011,12867,0.647915
3556,3556012,23125,1.164454
3557,3557014,47259,2.379716
3558,3558015,51900,2.613413
3559,3559010,30711,1.546445
3560,3560011,12915,0.650332
3561,3561014,23125,1.164454
3562,3562009,47211,2.377299
3563,3563010,52012,2.619052
3564,3564012,30759,1.548862
3565,3565013,12899,0.649526
3566,3566015,23093,1.162843
3567,3567010,47195,2.376494
3568,3568010,51964,2.616635
3569,3569013,30823,1.552085
3570,3570015,12867,0.647915
3571,3571010,23061,1.161231
3572,3572011,47243,2.378910
3573,3573013,52044,2.620664
3574,3574014,30631,1.542417
3575,3575009,12883,0.648720
3576,3576010,23061,1.161231
3577,3577012,47291,2.381327
3578,3578014,51932,2.615024
3579,3579015,30631,1.542417
3580,3580010,12899,0.649526
3581,3581011,23093,1.162843
3582,3582012,47275,2.380522
3583,3583014,51916,2.614218
3584,3584015,30663,1.544028
3585,3585010,12915,0.650332
3586,3586013,23109,1.163648
3587,3587014,47291,2.381327
3588,3588015,51964,2.616635
3589,3589008,30775,1.549668
3590,3590010,12931,0.651138
3591,3591011,23093,1.162843
3592,3592013,47307,2.382133
3593,3593015,51932,2.615024
3594,3594009,30775,1.549668
3595,3595011,12883,0.648720
3596,3596013,23109,1.163648
3597,3597013,47339,2.383744
3598,3598015,51932,2.615024
3599,3599015,30631,1.542417
3600,3600009,12899,0.649526
3601,3601011,23093,1.162843
3602,3602014,47339,2.383744
3603,3603015,51868,2.611801
3604,3604010,30743,1.548057
3605,3605011,12899,0.649526
3606,3606012,23125,1.164454
3607,3607014,47291,2.381327
3608,3608015,51884,2.612607
3609,3609010,30759,1.548862
3610,3610014,12867,0.647915
3611,3611015,23189,1.167677
3612,3612009,47243,2.378910
3613,3613011,51964,2.616635
3614,3614012,30727,1.547251
3615,3615014,12883,0.648720
3616,3616015,23189,1.167677
3617,3617011,47259,2.379716
3618,3618015,51932,2.615024
3619,3619016,30647,1.543223
3620,3620009,12915,0.650332
3621,3621011,23093,1.162843
3622,3622011,47211,2.377299
3623,3623013,51900,2.613413
3624,3624014,30647,1.543223
3625,3625010,12915,0.650332
3626,3626011,23093,1.162843
3627,3627013,47291,2.381327
3628,3628014,51932,2.615024
3629,3629016,30663,1.544028
3630,3630010,12915,0.650332
3631,3631011,23077,1.162037
3632,3632013,47147,2.374076
3633,3633009,51964,2.616635
3634,3634012,30679,1.544834
3635,3635014,12867,0.647915
3636,3636015,23157,1.166065
3637,3637009,47243,2.378910
3638,3638010,51932,2.615024
3639,3639012,30727,1.547251
3640,3640013,12867,0.647915
3641,3641011,23109,1.163648
3642,3642014,47291,2.381327
3643,3643015,51900,2.613413
3644,3644010,30791,1.550474
3645,3645011,12899,0.649526
3646,3646012,23125,1.164454
3647,3647013,47275,2.380522
3648,3648016,51884,2.612607
3649,3649012,30711,1.546445
3650,3650009,12995,0.654360
3651,3651010,23045,1.160426
3652,3652011,47227,2.378105
3653,3653013,51932,2.615024
3654,3654014,30663,1.544028
3655,3655015,12867,0.647915
3656,3656008,23029,1.159620
3657,3657012,47243,2.378910
3658,3658015,51948,2.615830
3659,3659010,30775,1.549668
3660,3660012,12899,0.649526
3661,3661013,23077,1.162037
3662,3662015,47307,2.382133
3663,3663009,52060,2.621469
3664,3664010,30775,1.549668
3665,3665014,12851,0.647109
3666,3666009,23045,1.160426
3667,3667010,47227,2.378105
3668,3668011,51932,2.615024
3669,3669013,30743,1.548057
3670,3670014,12867,0.647915
3671,3671009,23013,1.158814
3672,3672010,47243,2.378910
3673,3673015,51916,2.614218
3674,3674011,30839,1.552891
3675,3675012,12899,0.649526
3676,3676013,23189,1.167677
3677,3677014,47323,2.382939
3678,3678008,52044,2.620664
3679,3679011,30743,1.548057
3680,3680012,12899,0.649526
3681,3681011,23077,1.162037
3682,3682012,47275,2.380522
3683,3683014,51900,2.613413
3684,3684015,30711,1.546445
3685,3685009,12931,0.651138
3686,3686011,23061,1.161231
3687,3687013,47243,2.378910
3688,3688015,51932,2.615024
3689,3689012,30727,1.547251
3690,3690014,12867,0.647915
3691,3691009,23029,1.159620
3692,3692010,47243,2.378910
3693,3693011,51948,2.615830
3694,3694012,30775,1.549668
3695,3695014,12867,0.647915
3696,3696015,23189,1.167677
3697,3697012,47243,2.378910
3698,3698014,51932,2.615024
3699,3699015,30599,1.540806
3700,3700009,12931,0.651138
3701,3701011,23045,1.160426
3702,3702012,47291,2.381327
3703,3703014,51980,2.617441
3704,3704015,30679,1.544834
3705,3705012,12899,0.649526
3706,3706014,23173,1.166871
3707,3707015,47307,2.382133
3708,3708009,51996,2.618246
3709,3709011,30743,1.548057
3710,3710012,12899,0.649526
3711,3711013,23125,1.164454
3712,3712015,47387,2.386162
3713,3713015,51916,2.614218
3714,3714009,30759,1.548862
3715,3715011,12931,0.651138
3716,3716012,23125,1.164454
3717,3717014,47291,2.381327
3718,3718016,51916,2.614218
3719,3719010,30743,1.548057
3720,3720011,12915,0.650332
3721,3721011,23109,1.163648
3722,3722015,47291,2.381327
3723,3723010,52044,2.620664
3724,3724011,30791,1.550474
3725,3725013,12883,0.648720
3726,3726014,23141,1.165260
3727,3727008,47131,2.373271
3728,3728009,51996,2.618246
3729,3729015,30647,1.543223
3730,3730010,12899,0.649526
3731,3731010,23029,1.159620
3732,3732012,47291,2.381327
3733,3733013,51964,2.616635
3734,3734014,30615,1.541611
3735,3735009,12931,0.651138
3736,3736010,23045,1.160426
3737,3737010,47179,2.375688
3738,3738013,51868,2.611801
3739,3739015,30583,1.540000
3740,3740010,12947,0.651943
3741,3741011,23093,1.162843
3742,3742012,47259,2.379716
3743,3743014,51948,2.615830
3744,3744008,30727,1.547251
3745,3745009,12931,0.651138
3746,3746011,23093,1.162843
3747,3747012,47243,2.378910
3748,3748014,51868,2.611801
3749,3749015,30615,1.541611
3750,3750009,12899,0.649526
3751,3751012,23125,1.164454
3752,3752013,47259,2.379716
3753,3753012,51932,2.615024
3754,3754009,30775,1.549668
3755,3755010,12899,0.649526
3756,3756012,23061,1.161231
3757,3757012,47291,2.381327
3758,3758013,51916,2.614218
3759,3759015,30631,1.542417
3760,3760008,12931,0.651138
3761,3761009,23045,1.160426
3762,3762011,47211,2.377299
3763,3763013,51948,2.615830
3764,3764014,30631,1.542417
3765,3765015,12899,0.649526
3766,3766009,23045,1.160426
3767,3767011,47371,2.385356
3768,3768013,51964,2.616635
3769,3769015,30631,1.542417
3770,3770009,12899,0.649526
3771,3771010,23013,1.158814
3772,3772011,47243,2.378910
3773,3773013,51948,2.615830
3774,3774014,30631,1.542417
3775,3775009,12963,0.652749
3776,3776010,23125,1.164454
3777,3777011,47227,2.378105
3778,3778013,51932,2.615024
3779,3779015,30599,1.540806
3780,3780009,12931,0.651138
3781,3781010,23061,1.161231
3782,3782012,47243,2.378910
3783,3783013,51996,2.618246
3784,3784014,30679,1.544834
3785,3785015,12867,0.647915
3786,3786010,23061,1.161231
3787,3787011,47179,2.375688
3788,3788012,51996,2.618246
3789,3789014,30695,1.545640
3790,3790015,12883,0.648720
3791,3791009,23061,1.161231
3792,3792011,47227,2.378105
3793,3793012,51932,2.615024
3794,3794009,30775,1.549668
3795,3795011,12899,0.649526
3796,3796013,23125,1.164454
3797,3797014,47355,2.384550
3798,3798009,51996,2.618246
3799,3799010,30775,1.549668
3800,3800011,12947,0.651943
3801,3801014,23141,1.165260
3802,3802009,47131,2.373271
3803,3803011,51996,2.618246
3804,3804012,30695,1.545640
3805,3805013,12931,0.651138
3806,3806015,23093,1.162843
3807,3807008,47163,2.374882
3808,3808010,51964,2.616635
3809,3809011,30615,1.541611
3810,3810014,12883,0.648720
3811,3811016,23237,1.170094
3812,3812010,47243,2.378910
3813,3813011,51980,2.617441
3814,3814013,30727,1.547251
3815,3815015,12867,0.647915
3816,3816009,22997,1.158009
3817,3817010,47371,2.385356
3818,3818012,51932,2.615024
3819,3819013,30663,1.544028
3820,3820015,12899,0.649526
3821,3821010,23061,1.161231
3822,3822012,47275,2.380522
3823,3823013,51996,2.618246
3824,3824014,30663,1.544028
3825,3825010,12931,0.651138
3826,3826014,23125,1.164454
3827,3827009,47195,2.376494
3828,3828010,51980,2.617441
3829,3829012,30759,1.548862
3830,3830013,12899,0.649526
3831,3831014,23141,1.165260
3832,3832015,47371,2.385356
3833,3833010,51980,2.617441
3834,3834013,30631,1.542417
3835,3835009,12899,0.649526
3836,3836010,23045,1.160426
3837,3837012,47243,2.378910
3838,3838012,51964,2.616635
3839,3839014,30663,1.544028
3840,3840016,12883,0.648720
3841,3841011,23029,1.159620
3842,3842012,47275,2.380522
3843,3843014,51932,2.615024
3844,3844015,30631,1.542417
3845,3845008,12915,0.650332
3846,3846010,23029,1.159620
3847,3847011,47259,2.379716
3848,3848013,51964,2.616635
3849,3849015,30615,1.541611
3850,3850010,12915,0.650332
3851,3851012,23109,1.163648
3852,3852014,47291,2.381327
3853,3853015,51948,2.615830
3854,3854010,30759,1.548862
3855,3855010,12867,0.647915
3856,3856012,23109,1.163648
3857,3857010,47227,2.378105
3858,3858014,51948,2.615830
3859,3859015,30599,1.540806
3860,3860010,12899,0.649526
3861,3861011,23141,1.165260
3862,3862013,47323,2.382939
3863,3863014,51948,2.615830
3864,3864009,30807,1.551279
3865,3865012,12931,0.651138
3866,3866009,23093,1.162843
3867,3867011,47163,2.374882
3868,3868012,52012,2.619052
3869,3869013,30695,1.545640
3870,3870015,12851,0.647109
3871,3871009,23013,1.158814
3872,3872010,47243,2.378910
3873,3873014,51916,2.614218
3874,3874010,30807,1.551279
3875,3875011,12915,0.650332
3876,3876013,23125,1.164454
3877,3877014,47323,2.382939
3878,3878009,51964,2.616635
3879,3879010,30743,1.548057
3880,3880012,12915,0.650332
3881,3881009,23045,1.160426
3882,3882011,47243,2.378910
3883,3883012,51948,2.615830
3884,3884014,30759,1.548862
3885,3885009,12931,0.651138
3886,3886010,23061,1.161231
3887,3887012,47211,2.377299
3888,3888013,51996,2.618246
3889,3889010,30759,1.548862
3890,3890014,12931,0.651138
3891,3891015,23125,1.164454
3892,3892010,47275,2.380522
3893,3893011,51964,2.616635
3894,3894013,30743,1.548057
3895,3895014,12851,0.647109
3896,3896016,23205,1.168482
3897,3897013,47403,2.386967
3898,3898015,51916,2.614218
3899,3899010,30727,1.547251
3900,3900011,12931,0.651138
3901,3901013,23109,1.163648
3902,3902014,47275,2.380522
3903,3903015,51868,2.611801
3904,3904009,30807,1.551279
3905,3905015,12915,0.650332
3906,3906009,23045,1.160426
3907,3907010,47179,2.375688
3908,3908011,52012,2.619052
3909,3909013,30711,1.546445
3910,3910015,12851,0.647109
3911,3911009,23029,1.159620
3912,3912011,47243,2.378910
3913,3913008,52028,2.619858
3914,3914010,30759,1.548862
3915,3915011,12899,0.649526
3916,3916013,23109,1.163648
3917,3917014,47323,2.382939
3918,3918008,52028,2.619858
3919,3919010,30791,1.550474
3920,3920012,12931,0.651138
3921,3921010,23029,1.159620
3922,3922012,47211,2.377299
3923,3923013,51964,2.616635
3924,3924015,30567,1.539194
3925,3925010,12899,0.649526
3926,3926011,23077,1.162037
3927,3927013,47339,2.383744
3928,3928014,51932,2.615024
3929,3929013,30695,1.545640
3930,3930009,12883,0.648720
3931,3931012,23061,1.161231
3932,3932013,47291,2.381327
3933,3933014,51996,2.618246
3934,3934015,30615,1.541611
3935,3935009,12899,0.649526
3936,3936010,23061,1.161231
3937,3937008,47211,2.377299
3938,3938012,51964,2.616635
3939,3939013,30727,1.547251
3940,3940015,12883,0.648720
3941,3941009,23157,1.166065
3942,3942011,47259,2.379716
3943,3943012,51964,2.616635
3944,3944014,30711,1.546445
3945,3945013,12899,0.649526
3946,3946015,23125,1.164454
3947,3947009,47195,2.376494
3948,3948010,51996,2.618246
3949,3949011,30759,1.548862
3950,3950013,12931,0.651138
3951,3951013,23077,1.162037
3952,3952015,47275,2.380522
3953,3953013,51932,2.615024
3954,3954015,30615,1.541611
3955,3955009,12883,0.648720
3956,3956011,23045,1.160426
3957,3957012,47243,2.378910
3958,3958013,51916,2.614218
3959,3959015,30631,1.542417
3960,3960009,12915,0.650332
3961,3961008,23013,1.158814
3962,3962010,47243,2.378910
3963,3963011,51964,2.616635
3964,3964013,30743,1.548057
3965,3965014,12899,0.649526
3966,3966015,23141,1.165260
3967,3967010,47131,2.373271
3968,3968011,51948,2.615830
3969,3969010,30759,1.548862
3970,3970012,12883,0.648720
3971,3971013,23109,1.163648
3972,3972015,47371,2.385356
3973,3973009,51948,2.615830
3974,3974010,30759,1.548862
3975,3975012,12915,0.650332
3976,3976013,23109,1.163648
3977,3977012,47275,2.380522
3978,3978014,51916,2.614218
3979,3979009,30919,1.556919
3980,3980011,12899,0.649526
3981,3981012,23141,1.165260
3982,3982014,47291,2.381327
3983,3983015,51980,2.617441
3984,3984009,30775,1.549668
3985,3985010,12931,0.651138
3986,3986014,23157,1.166065
3987,3987015,47307,2.382133
3988,3988009,51948,2.615830
3989,3989010,30727,1.547251
3990,3990012,12899,0.649526
3991,3991013,23125,1.164454
3992,3992014,47275,2.380522
3993,3993014,51916,2.614218
3994,3994008,30871,1.554502
3995,3995010,12931,0.651138
3996,3996011,23029,1.159620
3997,3997012,47339,2.383744
3998,3998013,51948,2.615830
3999,3999014,30695,1.545640
4000,4000008,12931,0.651138
4001,4001009,23013,1.158814
4002,4002010,47179,2.375688
4003,4003011,51868,2.611801
4004,4004012,30791,1.550474
4005,4005014,12883,0.648720
4006,4006015,23141,1.165260
4007,4007009,47179,2.375688
4008,4008011,52012,2.619052
4009,4009013,30647,1.543223
4010,4010011,12883,0.648720
4011,4011012,23109,1.163648
4012,4012013,47323,2.382939
4013,4013014,51884,2.612607
4014,4014009,30823,1.552085
4015,4015010,12963,0.652749
4016,4016012,23125,1.164454
4017,4017015,47355,2.384550
4018,4018011,51948,2.615830
4019,4019013,30679,1.544834
4020,4020014,12899,0.649526
4021,4021014,23109,1.163648
4022,4022009,47227,2.378105
4023,4023010,51980,2.617441
4024,4024012,30759,1.548862
4025,4025014,12915,0.650332
4026,4026009,23061,1.161231
4027,4027011,47227,2.378105
4028,4028012,51980,2.617441
4029,4029014,30663,1.544028
4030,4030015,12931,0.651138
4031,4031009,23013,1.158814
4032,4032011,47211,2.377299
4033,4033012,51964,2.616635
4034,4034015,30631,1.542417
4035,4035009,12947,0.651943
4036,4036011,23045,1.160426
4037,4037012,47227,2.378105
4038,4038013,51996,2.618246
4039,4039014,30631,1.542417
4040,4040009,12931,0.651138
4041,4041010,23045,1.160426
4042,4042014,47275,2.380522
4043,4043014,51948,2.615830
4044,4044008,30791,1.550474
4045,4045010,12947,0.651943
4046,4046010,23029,1.159620
4047,4047013,47275,2.380522
4048,4048014,51932,2.615024
4049,4049009,30791,1.550474
4050,4050011,12883,0.648720
4051,4051012,23109,1.163648
4052,4052014,47291,2.381327
4053,4053015,51916,2.614218
4054,4054010,30775,1.549668
4055,4055011,12899,0.649526
4056,4056012,23093,1.162843
4057,4057015,47339,2.383744
4058,4058009,51948,2.615830
4059,4059010,30775,1.549668
4060,4060011,12931,0.651138
4061,4061012,23109,1.163648
4062,4062014,47275,2.380522
4063,4063009,51948,2.615830
4064,4064010,30807,1.551279
4065,4065012,12883,0.648720
4066,4066015,23029,1.159620
4067,4067015,47291,2.381327
4068,4068010,51996,2.618246
4069,4069011,30727,1.547251
4070,4070012,12915,0.650332
4071,4071014,23221,1.169288
4072,4072015,47323,2.382939
4073,4073010,52060,2.621469
4074,4074012,30695,1.545640
4075,4075014,12867,0.647915
4076,4076008,23013,1.158814
4077,4077010,47179,2.375688
4078,4078011,51980,2.617441
4079,4079012,30727,1.547251
4080,4080013,12899,0.649526
4081,4081009,23029,1.159620
4082,4082013,47259,2.379716
4083,4083015,51980,2.617441
4084,4084009,30807,1.551279
4085,4085011,12915,0.650332
4086,4086012,23061,1.161231
4087,4087013,47291,2.381327
4088,4088015,51900,2.613413
4089,4089010,30743,1.548057
4090,4090013,12851,0.647109
4091,4091014,23141,1.165260
4092,4092015,47419,2.387773
4093,4093009,51948,2.615830
4094,4094010,30775,1.549668
4095,4095011,12915,0.650332
4096,4096013,23125,1.164454
4097,4097010,47227,2.378105
4098,4098013,52076,2.622275
4099,4099014,30663,1.544028
4100,4100016,12883,0.648720
4101,4101010,23029,1.159620
4102,4102013,47291,2.381327
4103,4103015,51932,2.615024
4104,4104008,30839,1.552891
4105,4105014,12915,0.650332
4106,4106009,22997,1.158009
4107,4107010,47147,2.374076
4108,4108012,51980,2.617441
4109,4109013,30647,1.543223
4110,4110014,12883,0.648720
4111,4111016,23189,1.167677
4112,4112010,47323,2.382939
4113,4113015,51884,2.612607
4114,4114009,30823,1.552085
4115,4115011,12883,0.648720
4116,4116012,23077,1.162037
4117,4117013,47291,2.381327
4118,4118015,51868,2.611801
4119,4119009,30695,1.545640
4120,4120011,12915,0.650332
4121,4121015,23141,1.165260
4122,4122010,47195,2.376494
4123,4123012,51932,2.615024
4124,4124013,30743,1.548057
4125,4125015,12899,0.649526
4126,4126009,22997,1.158009
4127,4127010,47259,2.379716
4128,4128011,52012,2.619052
4129,4129009,30807,1.551279
4130,4130014,12867,0.647915
4131,4131010,23013,1.158814
4132,4132012,47227,2.378105
4133,4133013,51980,2.617441
4134,4134014,30695,1.545640
4135,4135015,12867,0.647915
4136,4136009,23029,1.159620
4137,4137014,47259,2.379716
4138,4138010,52044,2.620664
4139,4139012,30711,1.546445
4140,4140014,12915,0.650332
4141,4141015,23189,1.167677
4142,4142016,47291,2.381327
4143,4143009,51980,2.617441
4144,4144011,30759,1.548862
4145,4145009,12851,0.647109
4146,4146011,23029,1.159620
4147,4147012,47227,2.378105
4148,4148014,51932,2.615024
4149,4149015,30647,1.543223
4150,4150009,12931,0.651138
4151,4151010,23013,1.158814
4152,4152012,47307,2.382133
4153,4153011,51964,2.616635
4154,4154012,30759,1.548862
4155,4155014,12899,0.649526
4156,4156014,23077,1.162037
4157,4157008,47179,2.375688
4158,4158011,51996,2.618246
4159,4159011,30743,1.548057
4160,4160013,12963,0.652749
4161,4161011,23093,1.162843
4162,4162015,47339,2.383744
4163,4163009,51964,2.616635
4164,4164011,30791,1.550474
4165,4165012,12899,0.649526
4166,4166014,23061,1.161231
4167,4167014,47323,2.382939
4168,4168009,52076,2.622275
4169,4169015,30535,1.537583
4170,4170011,12931,0.651138
4171,4171011,23013,1.158814
4172,4172013,47307,2.382133
4173,4173014,51996,2.618246
4174,4174015,30647,1.543223
4175,4175010,12931,0.651138
4176,4176011,23061,1.161231
4177,4177010,47259,2.379716
4178,4178014,51916,2.614218
4179,4179015,30631,1.542417
4180,4180010,12931,0.651138
4181,4181011,23029,1.159620
4182,4182012,47211,2.377299
4183,4183014,51916,2.614218
4184,4184015,30679,1.544834
4185,4185014,12915,0.650332
4186,4186008,23029,1.159620
4187,4187010,47179,2.375688
4188,4188011,51980,2.617441
4189,4189012,30759,1.548862
4190,4190014,12883,0.648720
4191,4191015,23125,1.164454
4192,4192009,47243,2.378910
4193,4193009,52028,2.619858
4194,4194012,30711,1.546445
4195,4195014,12867,0.647915
4196,4196015,23157,1.166065
4197,4197009,47179,2.375688
4198,4198011,51932,2.615024
4199,4199012,30695,1.545640
4200,4200013,12883,0.648720
4201,4201013,23109,1.163648
4202,4202015,47307,2.382133
4203,4203010,52012,2.619052
4204,4204012,30743,1.548057
4205,4205013,12915,0.650332
4206,4206015,23141,1.165260
4207,4207016,47403,2.386967
4208,4208010,51964,2.616635
4209,4209011,30759,1.548862
4210,4210014,12867,0.647915
4211,4211015,23125,1.164454
4212,4212008,47163,2.374882
4213,4213009,51948,2.615830
4214,4214010,30807,1.551279
4215,4215012,12883,0.648720
4216,4216013,23109,1.163648
4217,4217013,47243,2.378910
4218,4218009,51980,2.617441
4219,4219011,30727,1.547251
4220,4220013,12899,0.649526
4221,4221015,23173,1.166871
4222,4222009,47131,2.373271
4223,4223010,51916,2.614218
4224,4224012,30759,1.548862
4225,4225011,12915,0.650332
4226,4226013,23109,1.163648
4227,4227015,47275,2.380522
4228,4228008,51996,2.618246
4229,4229010,30775,1.549668
4230,4230011,12963,0.652749
4231,4231012,23045,1.160426
4232,4232013,47291,2.381327
4233,4233015,51964,2.616635
4234,4234009,30791,1.550474
4235,4235010,12947,0.651943
4236,4236012,23077,1.162037
4237,4237013,47227,2.378105
4238,4238014,51996,2.618246
4239,4239015,30631,1.542417
4240,4240009,12851,0.647109
4241,4241011,23045,1.160426
4242,4242014,47259,2.379716
4243,4243015,51948,2.615830
4244,4244009,30775,1.549668
4245,4245010,12915,0.650332
4246,4246012,23093,1.162843
4247,4247014,47259,2.379716
4248,4248014,51980,2.617441
4249,4249015,30647,1.543223
4250,4250010,12915,0.650332
4251,4251012,23061,1.161231
4252,4252012,47259,2.379716
4253,4253014,51948,2.615830
4254,4254015,30663,1.544028
4255,4255009,12947,0.651943
4256,4256010,23045,1.160426
4257,4257012,47243,2.378910
4258,4258015,51980,2.617441
4259,4259016,30679,1.544834
4260,4260010,12915,0.650332
4261,4261011,23029,1.159620
4262,4262012,47275,2.380522
4263,4263013,51916,2.614218
4264,4264014,30711,1.546445
4265,4265010,12899,0.649526
4266,4266012,23077,1.162037
4267,4267014,47291,2.381327
4268,4268015,51948,2.615830
4269,4269009,30791,1.550474
4270,4270010,12931,0.651138
4271,4271011,23045,1.160426
4272,4272013,47243,2.378910
4273,4273016,51996,2.618246
4274,4274011,30759,1.548862
4275,4275012,12947,0.651943
4276,4276014,23157,1.166065
4277,4277008,47179,2.375688
4278,4278009,51932,2.615024
4279,4279011,30743,1.548057
4280,4280013,12899,0.649526
4281,4281009,23045,1.160426
4282,4282013,47275,2.380522
4283,4283015,51948,2.615830
4284,4284009,30823,1.552085
4285,4285010,12979,0.653555
4286,4286011,23045,1.160426
4287,4287012,47243,2.378910
4288,4288013,51996,2.618246
4289,4289014,30775,1.549668
4290,4290011,12915,0.650332
4291,4291013,23125,1.164454
4292,4292015,47323,2.382939
4293,4293009,51964,2.616635
4294,4294010,30775,1.549668
4295,4295011,12899,0.649526
4296,4296013,23077,1.162037
4297,4297016,47275,2.380522
4298,4298011,51996,2.618246
4299,4299012,30695,1.545640
4300,4300014,12899,0.649526
4301,4301014,23141,1.165260
4302,4302016,47339,2.383744
4303,4303010,51948,2.615830
4304,4304011,30727,1.547251
4305,4305016,12899,0.649526
4306,4306010,23013,1.158814
4307,4307011,47179,2.375688
4308,4308012,52076,2.622275
4309,4309014,30727,1.547251
4310,4310016,12883,0.648720
4311,4311010,23077,1.162037
4312,4312010,47243,2.378910
4313,4313014,51932,2.615024
4314,4314010,30839,1.552891
4315,4315011,12883,0.648720
4316,4316012,23077,1.162037
4317,4317013,47259,2.379716
4318,4318014,51916,2.614218
4319,4319015,30663,1.544028
4320,4320009,12915,0.650332
4321,4321012,23013,1.158814
4322,4322015,47259,2.379716
4323,4323009,52028,2.619858
4324,4324010,30791,1.550474
4325,4325012,12899,0.649526
4326,4326015,23141,1.165260
4327,4327009,47179,2.375688
4328,4328010,52092,2.623081
4329,4329015,30647,1.543223
4330,4330009,12883,0.648720
4331,4331011,22997,1.158009
4332,4332012,47179,2.375688
4333,4333013,51948,2.615830
4334,4334014,30663,1.544028
4335,4335008,12931,0.651138
4336,4336010,23077,1.162037
4337,4337014,47291,2.381327
4338,4338015,51884,2.612607
4339,4339009,30855,1.553696
4340,4340010,12899,0.649526
4341,4341011,23045,1.160426
4342,4342013,47259,2.379716
4343,4343013,51852,2.610996
4344,4344015,30647,1.543223
4345,4345013,12867,0.647915
4346,4346015,23157,1.166065
4347,4347009,47147,2.374076
4348,4348011,52092,2.623081
4349,4349013,30711,1.546445
4350,4350014,12899,0.649526
4351,4351008,22997,1.158009
4352,4352011,47323,2.382939
4353,4353014,51980,2.617441
4354,4354009,30823,1.552085
4355,4355010,12931,0.651138
4356,4356011,23061,1.161231
4357,4357013,47211,2.377299
4358,4358014,51948,2.615830
4359,4359015,30663,1.544028
4360,4360009,12835,0.646303
4361,4361015,23141,1.165260
4362,4362008,47163,2.374882
4363,4363010,51948,2.615830
4364,4364011,30807,1.551279
4365,4365012,12899,0.649526
4366,4366014,23077,1.162037
4367,4367015,47291,2.381327
4368,4368009,51980,2.617441
4369,4369015,30679,1.544834
4370,4370011,12915,0.650332
4371,4371012,23045,1.160426
4372,4372013,47307,2.382133
4373,4373008,52012,2.619052
4374,4374010,30839,1.552891
4375,4375011,12899,0.649526
4376,4376013,23093,1.162843
4377,4377011,47211,2.377299
4378,4378014,51948,2.615830
4379,4379016,30615,1.541611
4380,4380010,12931,0.651138
4381,4381012,23045,1.160426
4382,4382013,47179,2.375688
4383,4383015,51964,2.616635
4384,4384009,30823,1.552085
4385,4385015,12883,0.648720
4386,4386012,23093,1.162843
4387,4387013,47275,2.380522
4388,4388015,51916,2.614218
4389,4389016,30663,1.544028
4390,4390010,12883,0.648720
4391,4391011,23109,1.163648
4392,4392013,47227,2.378105
4393,4393012,51932,2.615024
4394,4394013,30679,1.544834
4395,4395015,12883,0.648720
4396,4396009,23125,1.164454
4397,4397011,47195,2.376494
4398,4398012,51932,2.615024
4399,4399014,30647,1.543223
4400,4400015,12915,0.650332
4401,4401014,23157,1.166065
4402,4402010,47275,2.380522
4403,4403011,51980,2.617441
4404,4404013,30759,1.548862
4405,4405014,12915,0.650332
4406,4406008,22981,1.157203
4407,4407010,47131,2.373271
4408,4408011,51996,2.618246
4409,4409010,30775,1.549668
4410,4410012,12995,0.654360
4411,4411014,23141,1.165260
4412,4412014,47307,2.382133
4413,4413008,52012,2.619052
4414,4414009,30807,1.551279
4415,4415011,12947,0.651943
4416,4416012,23045,1.160426
4417,4417012,47179,2.375688
4418,4418014,51852,2.610996
4419,4419015,30615,1.541611
4420,4420009,12979,0.653555
4421,4421011,22997,1.158009
4422,4422012,47243,2.378910
4423,4423014,51916,2.614218
4424,4424015,30695,1.545640
4425,4425016,12867,0.647915
4426,4426010,23013,1.158814
4427,4427012,47243,2.378910
4428,4428014,51948,2.615830
4429,4429016,30615,1.541611
4430,4430009,12899,0.649526
4431,4431011,23045,1.160426
4432,4432012,47179,2.375688
4433,4433012,51948,2.615830
4434,4434013,30631,1.542417
4435,4435015,12899,0.649526
4436,4436009,23013,1.158814
4437,4437011,47211,2.377299
4438,4438012,51964,2.616635
4439,4439013,30743,1.548057
4440,4440014,12899,0.649526
4441,4441014,23141,1.165260
4442,4442009,47131,2.373271
4443,4443011,52076,2.622275
4444,4444013,30743,1.548057
4445,4445014,12931,0.651138
4446,4446008,22981,1.157203
4447,4447010,47195,2.376494
4448,4448011,51996,2.618246
4449,4449012,30727,1.547251
4450,4450008,12915,0.650332
4451,4451010,23029,1.159620
4452,4452011,47243,2.378910
4453,4453013,51900,2.613413
4454,4454015,30695,1.545640
4455,4455009,12979,0.653555
4456,4456010,23045,1.160426
4457,4457011,47179,2.375688
4458,4458014,51932,2.615024
4459,4459009,30791,1.550474
4460,4460011,12931,0.651138
4461,4461013,23045,1.160426
4462,4462014,47291,2.381327
4463,4463009,51932,2.615024
4464,4464010,30807,1.551279
4465,4465011,12899,0.649526
4466,4466013,23061,1.161231
4467,4467015,47323,2.382939
4468,4468009,52028,2.619858
4469,4469010,30775,1.549668
4470,4470011,12899,0.649526
4471,4471012,23045,1.160426
4472,4472014,47211,2.377299
4473,4473015,51916,2.614218
4474,4474010,30759,1.548862
4475,4475012,12931,0.651138
4476,4476013,23109,1.163648
4477,4477015,47355,2.384550
4478,4478009,51980,2.617441
4479,4479010,30807,1.551279
4480,4480011,12931,0.651138
4481,4481013,23093,1.162843
4482,4482009,47179,2.375688
4483,4483010,51980,2.617441
4484,4484012,30775,1.549668
4485,4485013,12867,0.647915
4486,4486014,23093,1.162843
4487,4487008,47131,2.373271
4488,4488010,51980,2.617441
4489,4489013,30727,1.547251
4490,4490008,12899,0.649526
4491,4491010,23013,1.158814
4492,4492011,47195,2.376494
4493,4493013,51964,2.616635
4494,4494014,30647,1.543223
4495,4495015,12883,0.648720
4496,4496010,23061,1.161231
4497,4497011,47179,2.375688
4498,4498013,51932,2.615024
4499,4499014,30647,1.543223
4500,4500009,12931,0.651138
4501,4501011,23013,1.158814
4502,4502012,47291,2.381327
4503,4503013,51916,2.614218
4504,4504015,30695,1.545640
4505,4505010,12931,0.651138
4506,4506012,23045,1.160426
4507,4507014,47259,2.379716
4508,4508015,51964,2.616635
4509,4509009,30871,1.554502
4510,4510010,12883,0.648720
4511,4511012,23173,1.166871
4512,4512014,47275,2.380522
4513,4513010,51884,2.612607
4514,4514013,30727,1.547251
4515,4515015,12899,0.649526
4516,4516015,23173,1.166871
4517,4517010,47195,2.376494
4518,4518011,51948,2.615830
4519,4519013,30711,1.546445
4520,4520014,12915,0.650332
4521,4521010,23029,1.159620
4522,4522012,47339,2.383744
4523,4523014,51900,2.613413
4524,4524016,30631,1.542417
4525,4525009,12931,0.651138
4526,4526010,23013,1.158814
4527,4527012,47211,2.377299
4528,4528013,51964,2.616635
4529,4529008,30871,1.554502
4530,4530010,12931,0.651138
4531,4531012,23061,1.161231
4532,4532014,47227,2.378105
4533,4533016,51852,2.610996
4534,4534009,30839,1.552891
4535,4535010,12899,0.649526
4536,4536011,23045,1.160426
4537,4537015,47275,2.380522
4538,4538011,51948,2.615830
4539,4539013,30679,1.544834
4540,4540015,12931,0.651138
4541,4541009,22981,1.157203
4542,4542010,47179,2.375688
4543,4543012,51964,2.616635
4544,4544013,30743,1.548057
4545,4545010,12947,0.651943
4546,4546013,23077,1.162037
4547,4547015,47259,2.379716
4548,4548009,52028,2.619858
4549,4549010,30887,1.555308
4550,4550011,12787,0.643886
4551,4551012,23077,1.162037
4552,4552014,47275,2.380522
4553,4553011,51964,2.616635
4554,4554013,30743,1.548057
4555,4555014,12867,0.647915
4556,4556015,23253,1.170900
4557,4557010,47195,2.376494
4558,4558011,51980,2.617441
4559,4559012,30759,1.548862
4560,4560013,12915,0.650332
4561,4561010,23029,1.159620
4562,4562012,47195,2.376494
4563,4563013,52012,2.619052
4564,4564014,30679,1.544834
4565,4565008,12915,0.650332
4566,4566010,22997,1.158009
4567,4567011,47195,2.376494
4568,4568012,52012,2.619052
4569,4569009,30791,1.550474
4570,4570012,12899,0.649526
4571,4571013,23077,1.162037
4572,4572015,47147,2.374076
4573,4573010,51996,2.618246
4574,4574012,30743,1.548057
4575,4575013,12899,0.649526
4576,4576014,23125,1.164454
4577,4577012,47227,2.378105
4578,4578009,52012,2.619052
4579,4579011,30791,1.550474
4580,4580012,12867,0.647915
4581,4581014,23093,1.162843
4582,4582008,47147,2.374076
4583,4583010,52060,2.621469
4584,4584011,30775,1.549668
4585,4585008,12947,0.651943
4586,4586012,23045,1.160426
4587,4587013,47243,2.378910
4588,4588014,51948,2.615830
4589,4589015,30663,1.544028
4590,4590009,12899,0.649526
4591,4591010,23013,1.158814
4592,4592012,47275,2.380522
4593,4593009,52012,2.619052
4594,4594014,30647,1.543223
4595,4595015,12883,0.648720
4596,4596009,22965,1.156397
4597,4597010,47243,2.378910
4598,4598012,51980,2.617441
4599,4599014,30711,1.546445
4600,4600009,13027,0.655972
4601,4601015,23109,1.163648
4602,4602011,47179,2.375688
4603,4603013,51948,2.615830
4604,4604014,30615,1.541611
4605,4605008,12915,0.650332
4606,4606009,23013,1.158814
4607,4607011,47243,2.378910
4608,4608013,51948,2.615830
4609,4609011,30743,1.548057
4610,4610015,12867,0.647915
4611,4611008,22997,1.158009
4612,4612010,47147,2.374076
4613,4613012,51948,2.615830
4614,4614013,30679,1.544834
4615,4615015,12995,0.654360
4616,4616009,23029,1.159620
4617,4617015,47307,2.382133
4618,4618011,51948,2.615830
4619,4619013,30727,1.547251
4620,4620014,12947,0.651943
4621,4621008,22981,1.157203
4622,4622010,47291,2.381327
4623,4623010,51964,2.616635
4624,4624012,30743,1.548057
4625,4625011,12899,0.649526
4626,4626013,23125,1.164454
4627,4627015,47259,2.379716
4628,4628009,51980,2.617441
4629,4629011,30743,1.548057
4630,4630012,12867,0.647915
4631,4631013,23093,1.162843
4632,4632014,47163,2.374882
4633,4633014,51916,2.614218
4634,4634010,30807,1.551279
4635,4635011,12931,0.651138
4636,4636013,23077,1.162037
4637,4637015,47211,2.377299
4638,4638009,51932,2.615024
4639,4639010,30775,1.549668
4640,4640012,12867,0.647915
4641,4641010,23077,1.162037
4642,4642013,47227,2.378105
4643,4643015,52028,2.619858
4644,4644009,30839,1.552891
4645,4645010,12931,0.651138
4646,4646012,23029,1.159620
4647,4647013,47275,2.380522
4648,4648014,51948,2.615830
4649,4649013,30679,1.544834
4650,4650010,12803,0.644692
4651,4651012,23061,1.161231
4652,4652013,47291,2.381327
4653,4653015,51948,2.615830
4654,4654009,30823,1.552085
4655,4655010,12931,0.651138
4656,4656012,23045,1.160426
4657,4657011,47195,2.376494
4658,4658015,51964,2.616635
4659,4659010,30791,1.550474
4660,4660011,12915,0.650332
4661,4661012,23045,1.160426
4662,4662013,47243,2.378910
4663,4663015,51964,2.616635
4664,4664009,30823,1.552085
4665,4665010,12931,0.651138
4666,4666012,23013,1.158814
4667,4667014,47339,2.383744
4668,4668015,51964,2.616635
4669,4669009,30823,1.552085
4670,4670010,12995,0.654360
4671,4671011,23029,1.159620
4672,4672013,47259,2.379716
4673,4673013,51980,2.617441
4674,4674008,30919,1.556919
4675,4675010,12915,0.650332
4676,4676013,23109,1.163648
4677,4677015,47259,2.379716
4678,4678008,52012,2.619052
4679,4679010,30839,1.552891
4680,4680011,12947,0.651943
4681,4681011,23013,1.158814
4682,4682014,47259,2.379716
4683,4683015,51900,2.613413
4684,4684010,30807,1.551279
4685,4685011,12931,0.651138
4686,4686012,23029,1.159620
4687,4687013,47259,2.379716
4688,4688015,51916,2.614218
4689,4689009,30823,1.552085
4690,4690012,12883,0.648720
4691,4691014,23093,1.162843
4692,4692015,47291,2.381327
4693,4693009,51964,2.616635
4694,4694010,30791,1.550474
4695,4695012,12915,0.650332
4696,4696013,23125,1.164454
4697,4697015,47259,2.379716
4698,4698009,52028,2.619858
4699,4699010,30791,1.550474
4700,4700012,12899,0.649526
4701,4701014,23093,1.162843
4702,4702014,47211,2.377299
4703,4703008,52028,2.619858
4704,4704010,30807,1.551279
4705,4705012,12899,0.649526
4706,4706014,23045,1.160426
4707,4707015,47307,2.382133
4708,4708010,52012,2.619052
4709,4709011,30759,1.548862
4710,4710013,12915,0.650332
4711,4711015,23125,1.164454
4712,4712009,47195,2.376494
4713,4713011,51964,2.616635
4714,4714014,30727,1.547251
4715,4715009,12851,0.647109
4716,4716011,23045,1.160426
4717,4717012,47179,2.375688
4718,4718013,52028,2.619858
4719,4719015,30679,1.544834
4720,4720009,12947,0.651943
4721,4721011,23013,1.158814
4722,4722013,47259,2.379716
4723,4723015,51932,2.615024
4724,4724009,30807,1.551279
4725,4725011,12899,0.649526
4726,4726012,23061,1.161231
4727,4727013,47275,2.380522
4728,4728014,51948,2.615830
4729,4729010,30823,1.552085
4730,4730014,12883,0.648720
4731,4731015,23061,1.161231
4732,4732009,47067,2.370048
4733,4733010,51980,2.617441
4734,4734011,30791,1.550474
4735,4735013,12915,0.650332
4736,4736014,23077,1.162037
4737,4737010,47195,2.376494
4738,4738013,51964,2.616635
4739,4739014,30711,1.546445
4740,4740015,12899,0.649526
4741,4741009,22981,1.157203
4742,4742010,47147,2.374076
4743,4743011,51980,2.617441
4744,4744012,30759,1.548862
4745,4745014,12819,0.645498
4746,4746009,22965,1.156397
4747,4747010,47115,2.372465
4748,4748012,51948,2.615830
4749,4749013,30727,1.547251
4750,4750014,12883,0.648720
4751,4751008,22981,1.157203
4752,4752011,47195,2.376494
4753,4753014,51884,2.612607
4754,4754010,30807,1.551279
4755,4755011,12899,0.649526
4756,4756013,23109,1.163648
4757,4757014,47243,2.378910
4758,4758015,51884,2.612607
4759,4759009,30839,1.552891
4760,4760010,12947,0.651943
4761,4761013,23061,1.161231
4762,4762008,47179,2.375688
4763,4763010,51964,2.616635
4764,4764011,30839,1.552891
4765,4765012,12883,0.648720
4766,4766013,23077,1.162037
4767,4767015,47259,2.379716
4768,4768009,52044,2.620664
4769,4769012,30759,1.548862
4770,4770014,12899,0.649526
4771,4771009,23013,1.158814
4772,4772010,47227,2.378105
4773,4773012,51948,2.615830
4774,4774013,30759,1.548862
4775,4775015,12883,0.648720
4776,4776009,22965,1.156397
4777,4777014,47275,2.380522
4778,4778010,52012,2.619052
4779,4779011,30775,1.549668
4780,4780013,12931,0.651138
4781,4781014,23109,1.163648
4782,4782008,47163,2.374882
4783,4783009,52012,2.619052
4784,4784011,30823,1.552085
4785,4785015,12883,0.648720
4786,4786012,23045,1.160426
4787,4787015,47243,2.378910
4788,4788008,52108,2.623886
4789,4789010,30871,1.554502
4790,4790011,12899,0.649526
4791,4791013,23125,1.164454
4792,4792014,47259,2.379716
4793,4793011,52028,2.619858
4794,4794013,30759,1.548862
4795,4795014,12899,0.649526
4796,4796015,23125,1.164454
4797,4797009,47179,2.375688
4798,4798010,51980,2.617441
4799,4799011,30871,1.554502
4800,4800014,12931,0.651138
4801,4801012,23045,1.160426
4802,4802015,47259,2.379716
4803,4803010,52012,2.619052
4804,4804012,30775,1.549668
4805,4805013,12883,0.648720
4806,4806015,23093,1.162843
4807,4807009,47195,2.376494
4808,4808010,52076,2.622275
4809,4809015,30663,1.544028
4810,4810010,12931,0.651138
4811,4811011,23013,1.158814
4812,4812013,47227,2.378105
4813,4813014,51932,2.615024
4814,4814015,30679,1.544834
4815,4815008,12931,0.651138
4816,4816010,23029,1.159620
4817,4817009,47163,2.374882
4818,4818011,51996,2.618246
4819,4819012,30759,1.548862
4820,4820014,12899,0.649526
4821,4821016,23141,1.165260
4822,4822009,47067,2.370048
4823,4823012,51932,2.615024
4824,4824013,30791,1.550474
4825,4825011,12899,0.649526
4826,4826008,23013,1.158814
4827,4827010,47179,2.375688
4828,4828011,51980,2.617441
4829,4829012,30823,1.552085
4830,4830013,12883,0.648720
4831,4831015,23109,1.163648
4832,4832009,47147,2.374076
4833,4833015,51900,2.613413
4834,4834009,30855,1.553696
4835,4835012,12899,0.649526
4836,4836013,23077,1.162037
4837,4837014,47259,2.379716
4838,4838009,51996,2.618246
4839,4839009,30823,1.552085
4840,4840010,12947,0.651943
4841,4841015,23013,1.158814
4842,4842012,47243,2.378910
4843,4843013,51948,2.615830
4844,4844014,30663,1.544028
4845,4845015,12899,0.649526
4846,4846010,22981,1.157203
4847,4847012,47147,2.374076
4848,4848013,51996,2.618246
4849,4849011,30727,1.547251
4850,4850015,12883,0.648720
4851,4851015,23109,1.163648
4852,4852010,47179,2.375688
4853,4853011,51980,2.617441
4854,4854014,30727,1.547251
4855,4855015,12915,0.650332
4856,4856009,23013,1.158814
4857,4857015,47307,2.382133
4858,4858011,51980,2.617441
4859,4859012,30743,1.548057
4860,4860013,12899,0.649526
4861,4861015,23125,1.164454
4862,4862009,47131,2.373271
4863,4863010,52028,2.619858
4864,4864011,30791,1.550474
4865,4865011,13011,0.655166
4866,4866015,23077,1.162037
4867,4867009,47195,2.376494
4868,4868010,51964,2.616635
4869,4869011,30839,1.552891
4870,4870012,12995,0.654360
4871,4871014,23061,1.161231
4872,4872015,47291,2.381327
4873,4873015,51884,2.612607
4874,4874009,30695,1.545640
4875,4875011,12931,0.651138
4876,4876013,23077,1.162037
4877,4877014,47291,2.381327
4878,4878009,52012,2.619052
4879,4879010,30823,1.552085
4880,4880011,12915,0.650332
4881,4881010,22997,1.158009
4882,4882012,47099,2.371659
4883,4883014,51964,2.616635
4884,4884015,30695,1.545640
4885,4885009,12915,0.650332
4886,4886012,23013,1.158814
4887,4887014,47291,2.381327
4888,4888015,51884,2.612607
4889,4889015,30727,1.547251
4890,4890010,12931,0.651138
4891,4891011,23013,1.158814
4892,4892013,47195,2.376494
4893,4893014,51948,2.615830
4894,4894015,30663,1.544028
4895,4895009,12899,0.649526
4896,4896011,23029,1.159620
4897,4897011,47163,2.374882
4898,4898015,51740,2.605356
4899,4899010,30823,1.552085
4900,4900011,12931,0.651138
4901,4901012,23045,1.160426
4902,4902014,47211,2.377299
4903,4903015,51868,2.611801
4904,4904010,30839,1.552891
4905,4905010,12899,0.649526
4906,4906013,23045,1.160426
4907,4907014,47243,2.378910
4908,4908015,51932,2.615024
4909,4909009,30807,1.551279
4910,4910010,12931,0.651138
4911,4911012,23045,1.160426
4912,4912012,47259,2.379716
4913,4913013,52028,2.619858
4914,4914008,30871,1.554502
4915,4915009,12867,0.647915
4916,4916011,23045,1.160426
4917,4917013,47243,2.378910
4918,4918015,51932,2.615024
4919,4919008,30903,1.556114
4920,4920010,12915,0.650332
4921,4921012,23077,1.162037
4922,4922010,47243,2.378910
4923,4923012,52124,2.624692
4924,4924014,30743,1.548057
4925,4925016,12899,0.649526
4926,4926009,22933,1.154786
4927,4927011,47211,2.377299
4928,4928012,52012,2.619052
4929,4929014,30727,1.547251
4930,4930015,12883,0.648720
4931,4931010,22933,1.154786
4932,4932011,47211,2.377299
4933,4933012,51948,2.615830
4934,4934014,30775,1.549668
4935,4935015,12899,0.649526
4936,4936009,22997,1.158009
4937,4937011,47147,2.374076
4938,4938013,51980,2.617441
4939,4939014,30759,1.548862
4940,4940009,12915,0.650332
4941,4941010,23013,1.158814
4942,4942012,47179,2.375688
4943,4943013,51980,2.617441
4944,4944014,30695,1.545640
4945,4945009,12915,0.650332
4946,4946011,22997,1.158009
4947,4947013,47227,2.378105
4948,4948014,51932,2.615024
4949,4949015,30695,1.545640
4950,4950009,12899,0.649526
4951,4951010,22933,1.154786
4952,4952012,47195,2.376494
4953,4953014,51932,2.615024
4954,4954010,30807,1.551279
4955,4955011,12931,0.651138
4956,4956013,23077,1.162037
4957,4957015,47275,2.380522
4958,4958009,52028,2.619858
4959,4959010,30839,1.552891
4960,4960011,12915,0.650332
4961,4961012,23061,1.161231
4962,4962015,47259,2.379716
4963,4963009,51996,2.618246
4964,4964011,30759,1.548862
4965,4965013,12915,0.650332
4966,4966014,23109,1.163648
4967,4967015,47275,2.380522
4968,4968009,52012,2.619052
4969,4969012,30759,1.548862
4970,4970015,12899,0.649526
4971,4971009,22981,1.157203
4972,4972011,47179,2.375688
4973,4973012,51948,2.615830
4974,4974013,30743,1.548057
4975,4975015,12883,0.648720
4976,4976008,23013,1.158814
4977,4977011,47195,2.376494
4978,4978013,51932,2.615024
4979,4979015,30679,1.544834
4980,4980009,12947,0.651943
4981,4981010,22997,1.158009
4982,4982012,47179,2.375688
4983,4983013,51916,2.614218
4984,4984015,30695,1.545640
4985,4985010,12899,0.649526
4986,4986012,23029,1.159620
4987,4987013,47307,2.382133
4988,4988014,52044,2.620664
4989,4989015,30679,1.544834
4990,4990009,12931,0.651138
4991,4991010,22949,1.155592
4992,4992011,47243,2.378910
4993,4993014,51948,2.615830
4994,4994009,30823,1.552085
4995,4995011,12899,0.649526
4996,4996012,23045,1.160426
4997,4997014,47339,2.383744
4998,4998015,51884,2.612607
4999,4999009,30823,1.552085
5000,5000011,12915,0.650332
5001,5001015,23125,1.164454
5002,5002010,47179,2.375688
5003,5003010,51996,2.618246
5004,5004012,30743,1.548057
5005,5005014,12883,0.648720
5006,5006009,22965,1.156397
5007,5007010,47179,2.375688
5008,5008011,51980,2.617441
5009,5009009,30855,1.553696
5010,5010013,12899,0.649526
5011,5011014,23061,1.161231
5012,5012015,47227,2.378105
5013,5013009,52076,2.622275
5014,5014010,30823,1.552085
5015,5015012,12979,0.653555
5016,5016013,23061,1.161231
5017,5017009,47147,2.374076
5018,5018013,51932,2.615024
5019,5019014,30759,1.548862
5020,5020016,12883,0.648720
5021,5021009,22981,1.157203
5022,5022011,47211,2.377299
5023,5023012,51964,2.616635
5024,5024013,30759,1.548862
5025,5025010,12963,0.652749
5026,5026013,23109,1.163648
5027,5027015,47243,2.378910
5028,5028008,52012,2.619052
5029,5029010,30807,1.551279
5030,5030011,12915,0.650332
5031,5031012,23045,1.160426
5032,5032014,47259,2.379716
5033,5033011,51980,2.617441
5034,5034012,30711,1.546445
5035,5035014,12899,0.649526
5036,5036015,23125,1.164454
5037,5037010,47147,2.374076
5038,5038011,51980,2.617441
5039,5039014,30759,1.548862
5040,5040015,12915,0.650332
5041,5041013,23045,1.160426
5042,5042009,47115,2.372465
5043,5043010,52108,2.623886
5044,5044012,30791,1.550474
5045,5045013,12899,0.649526
5046,5046014,23093,1.162843
5047,5047016,47275,2.380522
5048,5048009,52044,2.620664
5049,5049014,30727,1.547251
5050,5050008,12915,0.650332
5051,5051009,22981,1.157203
5052,5052011,47195,2.376494
5053,5053012,51996,2.618246
5054,5054013,30759,1.548862
5055,5055015,12931,0.651138
5056,5056009,22933,1.154786
5057,5057015,47243,2.378910
5058,5058011,52028,2.619858
5059,5059012,30743,1.548057
5060,5060013,12915,0.650332
5061,5061014,23093,1.162843
5062,5062016,47275,2.380522
5063,5063008,51964,2.616635
5064,5064010,30839,1.552891
5065,5065015,12851,0.647109
5066,5066012,23125,1.164454
5067,5067013,47243,2.378910
5068,5068014,51932,2.615024
5069,5069015,30695,1.545640
5070,5070009,12883,0.648720
5071,5071011,23013,1.158814
5072,5072013,47195,2.376494
5073,5073012,52012,2.619052
5074,5074013,30775,1.549668
5075,5075015,12931,0.651138
5076,5076010,22981,1.157203
5077,5077011,47179,2.375688
5078,5078012,51948,2.615830
5079,5079014,30759,1.548862
5080,5080015,12883,0.648720
5081,5081014,23093,1.162843
5082,5082011,47211,2.377299
5083,5083014,51948,2.615830
5084,5084015,30695,1.545640
5085,5085009,12915,0.650332
5086,5086010,22981,1.157203
5087,5087012,47291,2.381327
5088,5088014,51948,2.615830
5089,5089013,30743,1.548057
5090,5090016,12883,0.648720
5091,5091009,22917,1.153980
5092,5092010,47131,2.373271
5093,5093012,52012,2.619052
5094,5094014,30743,1.548057
5095,5095015,12963,0.652749
5096,5096009,22933,1.154786
5097,5097009,47163,2.374882
5098,5098010,51996,2.618246
5099,5099011,30807,1.551279
5100,5100012,12931,0.651138
5101,5101014,23045,1.160426
5102,5102015,47275,2.380522
5103,5103009,52092,2.623081
5104,5104010,30807,1.551279
5105,5105010,12867,0.647915
5106,5106013,23045,1.160426
5107,5107014,47243,2.378910
5108,5108015,51948,2.615830
5109,5109010,30839,1.552891
5110,5110012,12899,0.649526
5111,5111012,23045,1.160426
5112,5112014,47211,2.377299
5113,5113013,51980,2.617441
5114,5114008,30855,1.553696
5115,5115010,12915,0.650332
5116,5116011,23077,1.162037
5117,5117012,47179,2.375688
5118,5118014,51916,2.614218
5119,5119015,30631,1.542417
5120,5120009,12931,0.651138
5121,5121009,22981,1.157203
5122,5122012,47323,2.382939
5123,5123014,51948,2.615830
5124,5124015,30743,1.548057
5125,5125009,12915,0.650332
5126,5126010,22965,1.156397
5127,5127011,47243,2.378910
5128,5128013,51948,2.615830
5129,5129012,30727,1.547251
5130,5130008,12915,0.650332
5131,5131011,22997,1.158009
5132,5132012,47179,2.375688
5133,5133013,52012,2.619052
5134,5134014,30695,1.545640
5135,5135015,12899,0.649526
5136,5136009,22997,1.158009
5137,5137011,47195,2.376494
5138,5138015,51964,2.616635
5139,5139009,30903,1.556114
5140,5140010,12931,0.651138
5141,5141012,23045,1.160426
5142,5142013,47179,2.375688
5143,5143015,51948,2.615830
5144,5144009,30791,1.550474
5145,5145011,12899,0.649526
5146,5146012,23013,1.158814
5147,5147014,47307,2.382133
5148,5148014,51948,2.615830
5149,5149009,30871,1.554502
5150,5150010,12931,0.651138
5151,5151011,23045,1.160426
5152,5152013,47163,2.374882
5153,5153014,51996,2.618246
5154,5154009,30823,1.552085
5155,5155011,12947,0.651943
5156,5156012,23013,1.158814
5157,5157014,47195,2.376494
5158,5158015,51980,2.617441
5159,5159009,30855,1.553696
5160,5160010,12931,0.651138
5161,5161012,23061,1.161231
5162,5162009,47147,2.374076
5163,5163011,52028,2.619858
5164,5164011,30823,1.552085
5165,5165012,12947,0.651943
5166,5166014,23109,1.163648
5167,5167009,47147,2.374076
5168,5168010,51980,2.617441
5169,5169012,30727,1.547251
5170,5170009,12899,0.649526
5171,5171011,22917,1.153980
5172,5172013,47179,2.375688
5173,5173014,51964,2.616635
5174,5174015,30727,1.547251
5175,5175009,12931,0.651138
5176,5176011,23013,1.158814
5177,5177013,47243,2.378910
5178,5178008,51996,2.618246
5179,5179010,30871,1.554502
5180,5180012,12835,0.646303
5181,5181014,23093,1.162843
5182,5182009,47115,2.372465
5183,5183011,51980,2.617441
5184,5184011,30759,1.548862
5185,5185014,12899,0.649526
5186,5186009,22933,1.154786
5187,5187010,47163,2.374882
5188,5188012,51948,2.615830
5189,5189013,30791,1.550474
5190,5190014,12899,0.649526
5191,5191015,23125,1.164454
5192,5192010,47179,2.375688
5193,5193011,52092,2.623081
5194,5194015,30695,1.545640
5195,5195016,12899,0.649526
5196,5196010,22997,1.158009
5197,5197011,47211,2.377299
5198,5198012,51980,2.617441
5199,5199014,30791,1.550474
5200,5200015,12899,0.649526
5201,5201011,23141,1.165260
5202,5202014,47195,2.376494
5203,5203009,52108,2.623886
5204,5204010,30823,1.552085
5205,5205011,12931,0.651138
5206,5206012,23013,1.158814
5207,5207013,47291,2.381327
5208,5208008,52044,2.620664
5209,5209011,30839,1.552891
5210,5210013,12883,0.648720
5211,5211014,23029,1.159620
5212,5212008,47131,2.373271
5213,5213009,52060,2.621469
5214,5214011,30871,1.554502
5215,5215013,12899,0.649526
5216,5216014,23061,1.161231
5217,5217009,47179,2.375688
5218,5218012,51980,2.617441
5219,5219013,30839,1.552891
5220,5220015,12931,0.651138
5221,5221009,22965,1.156397
5222,5222010,47163,2.374882
5223,5223012,51980,2.617441
5224,5224014,30775,1.549668
5225,5225010,12931,0.651138
5226,5226015,23077,1.162037
5227,5227009,47179,2.375688
5228,5228010,51932,2.615024
5229,5229011,30839,1.552891
5230,5230013,12883,0.648720
5231,5231014,23093,1.162843
5232,5232016,47291,2.381327
5233,5233012,51996,2.618246
5234,5234014,30695,1.545640
5235,5235009,13027,0.655972
5236,5236010,22997,1.158009
5237,5237011,47195,2.376494
5238,5238013,51932,2.615024
5239,5239014,30759,1.548862
5240,5240008,12899,0.649526
5241,5241012,22981,1.157203
5242,5242014,47259,2.379716
5243,5243015,51916,2.614218
5244,5244009,30743,1.548057
5245,5245010,12883,0.648720
5246,5246011,23029,1.159620
5247,5247013,47147,2.374076
5248,5248014,51948,2.615830
5249,5249009,30823,1.552085
5250,5250013,12883,0.648720
5251,5251015,23093,1.162843
5252,5252015,47291,2.381327
5253,5253009,51980,2.617441
5254,5254011,30855,1.553696
5255,5255012,12963,0.652749
5256,5256013,23205,1.168482
5257,5257009,47115,2.372465
5258,5258011,52028,2.619858
5259,5259012,30791,1.550474
5260,5260014,12915,0.650332
5261,5261016,23093,1.162843
5262,5262010,47147,2.374076
5263,5263011,52124,2.624692
5264,5264013,30743,1.548057
5265,5265009,12867,0.647915
5266,5266012,23013,1.158814
5267,5267013,47211,2.377299
5268,5268014,51996,2.618246
5269,5269008,30871,1.554502
5270,5270009,12851,0.647109
5271,5271012,23045,1.160426
5272,5272013,47211,2.377299
5273,5273012,52012,2.619052
5274,5274014,30695,1.545640
5275,5275009,12931,0.651138
5276,5276011,22981,1.157203
5277,5277013,47259,2.379716
5278,5278013,51980,2.617441
5279,5279015,30775,1.549668
5280,5280008,12915,0.650332
5281,5281015,23029,1.159620
5282,5282011,47179,2.375688
5283,5283012,51964,2.616635
5284,5284014,30695,1.545640
5285,5285015,12883,0.648720
5286,5286010,22949,1.155592
5287,5287011,47211,2.377299
5288,5288012,51996,2.618246
5289,5289010,30647,1.543223
5290,5290008,12931,0.651138
5291,5291010,22917,1.153980
5292,5292011,47243,2.378910
5293,5293013,51932,2.615024
5294,5294014,30695,1.545640
5295,5295015,12915,0.650332
5296,5296009,22981,1.157203
5297,5297015,47275,2.380522
5298,5298010,51980,2.617441
5299,5299011,30791,1.550474
5300,5300012,12915,0.650332
5301,5301013,23109,1.163648
5302,5302015,47323,2.382939
5303,5303009,52140,2.625498
5304,5304011,30791,1.550474
5305,5305009,12931,0.651138
5306,5306011,23045,1.160426
5307,5307014,47307,2.382133
5308,5308016,51868,2.611801
5309,5309009,30871,1.554502
5310,5310011,12963,0.652749
5311,5311012,23045,1.160426
5312,5312014,47275,2.380522
5313,5313013,51980,2.617441
5314,5314015,30727,1.547251
5315,5315009,12963,0.652749
5316,5316011,22997,1.158009
5317,5317012,47163,2.374882
5318,5318014,51948,2.615830
5319,5319015,30727,1.547251
5320,5320008,12931,0.651138
5321,5321016,23093,1.162843
5322,5322011,47163,2.374882
5323,5323012,51980,2.617441
5324,5324013,30919,1.556919
5325,5325015,12899,0.649526
5326,5326009,22917,1.153980
5327,5327011,47179,2.375688
5328,5328011,52012,2.619052
5329,5329011,30791,1.550474
5330,5330013,12899,0.649526
5331,5331014,23093,1.162843
5332,5332015,47275,2.380522
5333,5333009,52028,2.619858
5334,5334011,30743,1.548057
5335,5335012,12931,0.651138
5336,5336013,23061,1.161231
5337,5337013,47243,2.378910
5338,5338015,51948,2.615830
5339,5339009,30775,1.549668
5340,5340011,12963,0.652749
5341,5341013,23061,1.161231
5342,5342014,47339,2.383744
5343,5343015,51932,2.615024
5344,5344010,30807,1.551279
5345,5345010,12915,0.650332
5346,5346013,23077,1.162037
5347,5347013,47179,2.375688
5348,5348015,51916,2.614218
5349,5349009,30871,1.554502
5350,5350011,12899,0.649526
5351,5351012,23029,1.159620
5352,5352013,47195,2.376494
5353,5353012,51996,2.618246
5354,5354013,30759,1.548862
5355,5355015,12899,0.649526
5356,5356009,22965,1.156397
5357,5357010,47163,2.374882
5358,5358011,51980,2.617441
5359,5359013,30823,1.552085
5360,5360013,12899,0.649526
5361,5361014,23093,1.162843
5362,5362016,47275,2.380522
5363,5363010,52012,2.619052
5364,5364011,30807,1.551279
5365,5365013,12915,0.650332
5366,5366014,23093,1.162843
5367,5367015,47291,2.381327
5368,5368010,52092,2.623081
5369,5369011,30839,1.552891
5370,5370013,12883,0.648720
5371,5371014,23109,1.163648
5372,5372009,47115,2.372465
5373,5373010,51980,2.617441
5374,5374011,30855,1.553696
5375,5375012,12915,0.650332
5376,5376013,23077,1.162037
5377,5377013,47211,2.377299
5378,5378008,52076,2.622275
5379,5379010,30759,1.548862
5380,5380011,12931,0.651138
5381,5381013,23045,1.160426
5382,5382014,47227,2.378105
5383,5383008,52156,2.626304
5384,5384010,30855,1.553696
5385,5385012,12915,0.650332
5386,5386015,23109,1.163648
5387,5387009,47115,2.372465
5388,5388010,52028,2.619858
5389,5389011,30759,1.548862
5390,5390013,12931,0.651138
5391,5391015,23093,1.162843
5392,5392008,47147,2.374076
5393,5393010,51980,2.617441
5394,5394012,30759,1.548862
5395,5395014,12899,0.649526
5396,5396014,23125,1.164454
5397,5397016,47211,2.377299
5398,5398009,52028,2.619858
5399,5399010,30743,1.548057
5400,5400011,12931,0.651138
5401,5401013,23045,1.160426
5402,5402009,47163,2.374882
5403,5403011,52012,2.619052
5404,5404013,30759,1.548862
5405,5405014,12867,0.647915
5406,5406015,23077,1.162037
5407,5407009,47131,2.373271
5408,5408010,52188,2.627915
5409,5409012,30775,1.549668
5410,5410013,12883,0.648720
5411,5411014,23125,1.164454
5412,5412009,47147,2.374076
5413,5413010,51980,2.617441
5414,5414011,30759,1.548862
5415,5415013,12995,0.654360
5416,5416014,23077,1.162037
5417,5417009,47211,2.377299
5418,5418012,51948,2.615830
5419,5419015,30727,1.547251
5420,5420010,12963,0.652749
5421,5421011,23157,1.166065
5422,5422013,47211,2.377299
5423,5423014,52028,2.619858
5424,5424016,30695,1.545640
5425,5425010,12931,0.651138
5426,5426013,23045,1.160426
5427,5427015,47275,2.380522
5428,5428009,51996,2.618246
5429,5429011,30807,1.551279
5430,5430013,12915,0.650332
5431,5431014,23061,1.161231
5432,5432016,47243,2.378910
5433,5433011,51964,2.616635
5434,5434014,30759,1.548862
5435,5435015,12931,0.651138
5436,5436009,22949,1.155592
5437,5437010,47163,2.374882
5438,5438011,51980,2.617441
5439,5439013,30807,1.551279
5440,5440014,12899,0.649526
5441,5441010,22997,1.158009
5442,5442011,47147,2.374076
5443,5443012,51996,2.618246
5444,5444014,30743,1.548057
5445,5445009,12931,0.651138
5446,5446010,22869,1.151563
5447,5447011,47147,2.374076
5448,5448012,52012,2.619052
5449,5449009,30791,1.550474
5450,5450013,12899,0.649526
5451,5451008,22965,1.156397
5452,5452009,47131,2.373271
5453,5453011,51948,2.615830
5454,5454013,30775,1.549668
5455,5455014,12947,0.651943
5456,5456016,23061,1.161231
5457,5457010,47179,2.375688
5458,5458013,51980,2.617441
5459,5459014,30807,1.551279
5460,5460015,12899,0.649526
5461,5461009,22949,1.155592
5462,5462010,47179,2.375688
5463,5463012,51996,2.618246
5464,5464014,30855,1.553696
5465,5465011,12915,0.650332
5466,5466009,22949,1.155592
5467,5467010,47163,2.374882
5468,5468012,51980,2.617441
5469,5469014,30743,1.548057
5470,5470015,12867,0.647915
5471,5471009,23013,1.158814
5472,5472011,47227,2.378105
5473,5473015,51900,2.613413
5474,5474010,30919,1.556919
5475,5475011,12915,0.650332
5476,5476012,23077,1.162037
5477,5477014,47259,2.379716
5478,5478015,51948,2.615830
5479,5479009,30855,1.553696
5480,5480009,12963,0.652749
5481,5481014,23061,1.161231
5482,5482010,47243,2.378910
5483,5483012,51996,2.618246
5484,5484013,30743,1.548057
5485,5485014,12899,0.649526
5486,5486015,23109,1.163648
5487,5487009,47179,2.375688
5488,5488011,52044,2.620664
5489,5489009,30759,1.548862
5490,5490012,12947,0.651943
5491,5491014,23061,1.161231
5492,5492016,47291,2.381327
5493,5493009,52092,2.623081
5494,5494011,30823,1.552085
5495,5495012,12915,0.650332
5496,5496013,23077,1.162037
5497,5497011,47163,2.374882
5498,5498013,52012,2.619052
5499,5499015,30727,1.547251
5500,5500009,12947,0.651943
5501,5501010,22933,1.154786
5502,5502011,47211,2.377299
5503,5503013,51980,2.617441
5504,5504014,30711,1.546445
5505,5505010,12931,0.651138
5506,5506014,23029,1.159620
5507,5507015,47275,2.380522
5508,5508009,52076,2.622275
5509,5509011,30727,1.547251
5510,5510012,12931,0.651138
5511,5511013,23061,1.161231
5512,5512015,47259,2.379716
5513,5513013,51932,2.615024
5514,5514010,30823,1.552085
5515,5515012,12915,0.650332
5516,5516014,23077,1.162037
5517,5517015,47259,2.379716
5518,5518009,52028,2.619858
5519,5519010,30935,1.557725
5520,5520011,12931,0.651138
5521,5521011,23061,1.161231
5522,5522013,47259,2.379716
5523,5523014,51980,2.617441
5524,5524008,30855,1.553696
5525,5525010,12899,0.649526
5526,5526011,22917,1.153980
5527,5527013,47211,2.377299
5528,5528014,51916,2.614218
5529,5529013,30743,1.548057
5530,5530009,12947,0.651943
5531,5531010,23013,1.158814
5532,5532012,47195,2.376494
5533,5533014,52012,2.619052
5534,5534015,30711,1.546445
5535,5535009,12931,0.651138
5536,5536011,23013,1.158814
5537,5537011,47163,2.374882
5538,5538014,51980,2.617441
5539,5539009,30951,1.558531
5540,5540010,12867,0.647915
5541,5541011,22997,1.158009
5542,5542013,47211,2.377299
5543,5543014,51916,2.614218
5544,5544009,30855,1.553696
5545,5545015,12867,0.647915
5546,5546011,22949,1.155592
5547,5547012,47243,2.378910
5548,5548013,51980,2.617441
5549,5549014,30743,1.548057
5550,5550015,12899,0.649526
5551,5551009,22981,1.157203
5552,5552010,47083,2.370854
5553,5553009,51996,2.618246
5554,5554011,30775,1.549668
5555,5555012,12979,0.653555
5556,5556013,23045,1.160426
5557,5557015,47211,2.377299
5558,5558010,52044,2.620664
5559,5559012,30855,1.553696
5560,5560013,12899,0.649526
5561,5561012,23045,1.160426
5562,5562015,47243,2.378910
5563,5563009,51996,2.618246
5564,5564011,30839,1.552891
5565,5565012,12931,0.651138
5566,5566013,23029,1.159620
5567,5567015,47227,2.378105
5568,5568008,52108,2.623886
5569,5569009,30823,1.552085
5570,5570013,12915,0.650332
5571,5571015,23077,1.162037
5572,5572009,47083,2.370854
5573,5573010,51996,2.618246
5574,5574011,30887,1.555308
5575,5575013,12883,0.648720
5576,5576015,23045,1.160426
5577,5577015,47179,2.375688
5578,5578010,51996,2.618246
5579,5579011,30871,1.554502
5580,5580013,12931,0.651138
5581,5581014,23061,1.161231
5582,5582015,47227,2.378105
5583,5583010,52028,2.619858
5584,5584011,30823,1.552085
5585,5585010,12851,0.647109
5586,5586014,23045,1.160426
5587,5587015,47227,2.378105
5588,5588009,52076,2.622275
5589,5589010,30791,1.550474
5590,5590011,12883,0.648720
5591,5591012,22981,1.157203
5592,5592014,47307,2.382133
5593,5593015,51964,2.616635
5594,5594011,30775,1.549668
5595,5595012,12915,0.650332
5596,5596013,23045,1.160426
5597,5597015,47259,2.379716
5598,5598009,52092,2.623081
5599,5599010,30791,1.550474
5600,5600012,12899,0.649526
5601,5601013,23013,1.158814
5602,5602009,47163,2.374882
5603,5603010,52044,2.620664
5604,5604012,30823,1.552085
5605,5605013,12899,0.649526
5606,5606015,23077,1.162037
5607,5607009,47163,2.374882
5608,5608010,52028,2.619858
5609,5609010,30791,1.550474
5610,5610012,12787,0.643886
5611,5611014,23061,1.161231
5612,5612014,47243,2.378910
5613,5613009,52028,2.619858
5614,5614010,30855,1.553696
5615,5615011,12995,0.654360
5616,5616012,23013,1.158814
5617,5617014,47211,2.377299
5618,5618011,52044,2.620664
5619,5619013,30791,1.550474
5620,5620014,12883,0.648720
5621,5621015,23077,1.162037
5622,5622010,47211,2.377299
5623,5623011,51996,2.618246
5624,5624012,30807,1.551279
5625,5625014,12883,0.648720
5626,5626010,22997,1.158009
5627,5627011,47147,2.374076
5628,5628013,52044,2.620664
5629,5629014,30727,1.547251
5630,5630015,12915,0.650332
5631,5631009,22869,1.151563
5632,5632011,47195,2.376494
5633,5633013,51980,2.617441
5634,5634015,30663,1.544028
5635,5635010,12931,0.651138
5636,5636011,23013,1.158814
5637,5637013,47147,2.374076
5638,5638015,51964,2.616635
5639,5639009,30919,1.556919
5640,5640010,12915,0.650332
5641,5641012,23061,1.161231
5642,5642014,47243,2.378910
5643,5643015,51996,2.618246
5644,5644009,30999,1.560948
5645,5645011,12915,0.650332
5646,5646013,23013,1.158814
5647,5647014,47275,2.380522
5648,5648015,51996,2.618246
5649,5649009,30887,1.555308
5650,5650013,12931,0.651138
5651,5651014,23061,1.161231
5652,5652016,47211,2.377299
5653,5653009,52012,2.619052
5654,5654011,30823,1.552085
5655,5655012,13123,0.660806
5656,5656013,23045,1.160426
5657,5657009,47147,2.374076
5658,5658012,51980,2.617441
5659,5659013,30807,1.551279
5660,5660015,12963,0.652749
5661,5661008,22885,1.152369
5662,5662009,47131,2.373271
5663,5663011,52028,2.619858
5664,5664012,30823,1.552085
5665,5665015,12883,0.648720
5666,5666010,22933,1.154786
5667,5667011,47115,2.372465
5668,5668013,52028,2.619858
5669,5669014,30727,1.547251
5670,5670015,12915,0.650332
5671,5671009,22981,1.157203
5672,5672010,47099,2.371659
5673,5673015,51964,2.616635
5674,5674009,30871,1.554502
5675,5675010,12931,0.651138
5676,5676012,23029,1.159620
5677,5677014,47131,2.373271
5678,5678015,51964,2.616635
5679,5679009,30919,1.556919
5680,5680011,12931,0.651138
5681,5681015,23093,1.162843
5682,5682010,47371,2.385356
5683,5683011,51996,2.618246
5684,5684013,30791,1.550474
5685,5685014,12883,0.648720
5686,5686009,22997,1.158009
5687,5687010,47163,2.374882
5688,5688012,51932,2.615024
5689,5689015,30743,1.548057
5690,5690010,12915,0.650332
5691,5691012,22997,1.158009
5692,5692012,47179,2.375688
5693,5693014,52012,2.619052
5694,5694015,30727,1.547251
5695,5695009,12979,0.653555
5696,5696010,22965,1.156397
5697,5697014,47243,2.378910
5698,5698010,52012,2.619052
5699,5699011,30871,1.554502
5700,5700013,12931,0.651138
5701,5701014,23029,1.159620
5702,5702015,47259,2.379716
5703,5703009,52044,2.620664
5704,5704011,30871,1.554502
5705,5705016,12883,0.648720
5706,5706011,22965,1.156397
5707,5707013,47259,2.379716
5708,5708015,51964,2.616635
5709,5709010,30839,1.552891
5710,5710011,12947,0.651943
5711,5711012,23013,1.158814
5712,5712014,47259,2.379716
5713,5713011,51996,2.618246
5714,5714012,30903,1.556114
5715,5715013,12995,0.654360
5716,5716014,23061,1.161231
5717,5717015,47323,2.382939
5718,5718009,51964,2.616635
5719,5719011,30887,1.555308
5720,5720012,12947,0.651943
5721,5721010,22949,1.155592
5722,5722013,47147,2.374076
5723,5723014,52012,2.619052
5724,5724015,30679,1.544834
5725,5725010,12899,0.649526
5726,5726011,22933,1.154786
5727,5727013,47227,2.378105
5728,5728014,51948,2.615830
5729,5729011,30855,1.553696
5730,5730015,12899,0.649526
5731,5731009,22965,1.156397
5732,5732010,47131,2.373271
5733,5733011,52044,2.620664
5734,5734012,30903,1.556114
5735,5735014,12883,0.648720
5736,5736015,23109,1.163648
5737,5737014,47275,2.380522
5738,5738009,52012,2.619052
5739,5739011,30807,1.551279
5740,5740012,12867,0.647915
5741,5741013,23045,1.160426
5742,5742015,47275,2.380522
5743,5743010,52028,2.619858
5744,5744011,30839,1.552891
5745,5745009,12963,0.652749
5746,5746013,23045,1.160426
5747,5747015,47259,2.379716
5748,5748009,52012,2.619052
5749,5749011,30807,1.551279
5750,5750012,12915,0.650332
5751,5751013,23029,1.159620
5752,5752014,47211,2.377299
5753,5753014,51964,2.616635
5754,5754010,30935,1.557725
5755,5755011,12931,0.651138
5756,5756013,23029,1.159620
5757,5757015,47163,2.374882
5758,5758009,52012,2.619052
5759,5759010,30807,1.551279
5760,5760011,12899,0.649526
5761,5761008,22949,1.155592
5762,5762010,47083,2.370854
5763,5763012,52012,2.619052
5764,5764013,30775,1.549668
5765,5765015,12899,0.649526
5766,5766009,22933,1.154786
5767,5767010,47115,2.372465
5768,5768011,51980,2.617441
5769,5769011,30807,1.551279
5770,5770014,12931,0.651138
5771,5771015,23109,1.163648
5772,5772010,47163,2.374882
5773,5773011,52012,2.619052
5774,5774012,30839,1.552891
5775,5775014,12947,0.651943
5776,5776015,23093,1.162843
5777,5777014,47195,2.376494
5778,5778009,51980,2.617441
5779,5779010,30855,1.553696
5780,5780012,12915,0.650332
5781,5781013,23029,1.159620
5782,5782015,47259,2.379716
5783,5783009,52076,2.622275
5784,5784011,30791,1.550474
5785,5785011,12915,0.650332
5786,5786014,23045,1.160426
5787,5787015,47291,2.381327
5788,5788010,52028,2.619858
5789,5789012,30823,1.552085
5790,5790013,12915,0.650332
5791,5791015,23093,1.162843
5792,5792009,47115,2.372465
5793,5793009,52092,2.623081
5794,5794014,30743,1.548057
5795,5795008,12979,0.653555
5796,5796010,22997,1.158009
5797,5797012,47115,2.372465
5798,5798012,51980,2.617441
5799,5799014,30807,1.551279
5800,5800015,12883,0.648720
5801,5801015,23061,1.161231
5802,5802010,47179,2.375688
5803,5803012,51996,2.618246
5804,5804014,30775,1.549668
5805,5805015,12899,0.649526
5806,5806009,23045,1.160426
5807,5807010,47147,2.374076
5808,5808012,51964,2.616635
5809,5809012,30743,1.548057
5810,5810009,12963,0.652749
5811,5811011,23029,1.159620
5812,5812012,47275,2.380522
5813,5813015,51948,2.615830
5814,5814015,30743,1.548057
5815,5815009,12947,0.651943
5816,5816010,22837,1.149952
5817,5817010,47131,2.373271
5818,5818012,51948,2.615830
5819,5819015,30759,1.548862
5820,5820009,12931,0.651138
5821,5821010,22933,1.154786
5822,5822012,47051,2.369242
5823,5823014,51948,2.615830
5824,5824016,30727,1.547251
5825,5825011,12867,0.647915
5826,5826012,23045,1.160426
5827,5827014,47259,2.379716
5828,5828015,52060,2.621469
5829,5829009,30871,1.554502
5830,5830011,12947,0.651943
5831,5831012,23029,1.159620
5832,5832013,47243,2.378910
5833,5833014,52012,2.619052
5834,5834010,30887,1.555308
5835,5835011,12915,0.650332
5836,5836013,23093,1.162843
5837,5837014,47227,2.378105
5838,5838015,52012,2.619052
5839,5839009,30871,1.554502
5840,5840010,12883,0.648720
5841,5841012,22997,1.158009
5842,5842009,47147,2.374076
5843,5843010,52108,2.623886
5844,5844012,30727,1.547251
5845,5845013,12899,0.649526
5846,5846014,23045,1.160426
5847,5847009,47163,2.374882
5848,5848011,51980,2.617441
5849,5849013,30743,1.548057
5850,5850015,12883,0.648720
5851,5851009,22917,1.153980
5852,5852011,47147,2.374076
5853,5853012,51964,2.616635
5854,5854013,30679,1.544834
5855,5855014,12899,0.649526
5856,5856009,22949,1.155592
5857,5857010,47115,2.372465
5858,5858013,52044,2.620664
5859,5859014,30855,1.553696
5860,5860008,12915,0.650332
5861,5861011,22965,1.156397
5862,5862012,47115,2.372465
5863,5863014,51980,2.617441
5864,5864015,30743,1.548057
5865,5865011,12931,0.651138
5866,5866012,23013,1.158814
5867,5867013,47211,2.377299
5868,5868015,51996,2.618246
5869,5869009,30887,1.555308
5870,5870010,12979,0.653555
5871,5871012,22965,1.156397
5872,5872014,47195,2.376494
5873,5873009,52028,2.619858
5874,5874012,30791,1.550474
5875,5875014,12899,0.649526
5876,5876015,23077,1.162037
5877,5877009,47099,2.371659
5878,5878010,52028,2.619858
5879,5879011,30887,1.555308
5880,5880013,12899,0.649526
5881,5881009,22933,1.154786
5882,5882013,47195,2.376494
5883,5883015,51996,2.618246
5884,5884009,30951,1.558531
5885,5885010,12931,0.651138
5886,5886012,23013,1.158814
5887,5887013,47083,2.370854
5888,5888015,51916,2.614218
5889,5889011,30967,1.559336
5890,5890013,12899,0.649526
5891,5891015,23109,1.163648
5892,5892009,47147,2.374076
5893,5893011,51996,2.618246
5894,5894012,30791,1.550474
5895,5895013,12883,0.648720
5896,5896014,23029,1.159620
5897,5897010,47211,2.377299
5898,5898009,52076,2.622275
5899,5899011,30823,1.552085
5900,5900012,12899,0.649526
5901,5901014,23077,1.162037
5902,5902015,47211,2.377299
5903,5903009,52044,2.620664
5904,5904010,30855,1.553696
5905,5905012,12995,0.654360
5906,5906013,23013,1.158814
5907,5907014,47227,2.378105
5908,5908008,51980,2.617441
5909,5909010,30823,1.552085
5910,5910012,12883,0.648720
5911,5911013,23013,1.158814
5912,5912014,47211,2.377299
5913,5913011,51932,2.615024
5914,5914015,30743,1.548057
5915,5915009,12963,0.652749
5916,5916011,22965,1.156397
5917,5917012,47115,2.372465
5918,5918013,51980,2.617441
5919,5919014,30743,1.548057
5920,5920015,12883,0.648720
5921,5921012,22965,1.156397
5922,5922014,47275,2.380522
5923,5923009,51964,2.616635
5924,5924010,30903,1.556114
5925,5925011,12883,0.648720
5926,5926012,23013,1.158814
5927,5927013,47179,2.375688
5928,5928014,51948,2.615830
5929,5929009,30919,1.556919
5930,5930011,12963,0.652749
5931,5931011,22997,1.158009
5932,5932013,47179,2.375688
5933,5933014,51964,2.616635
5934,5934015,30743,1.548057
5935,5935009,12931,0.651138
5936,5936010,22965,1.156397
5937,5937015,47259,2.379716
5938,5938011,51948,2.615830
5939,5939012,30919,1.556919
5940,5940014,12899,0.649526
5941,5941008,22901,1.153175
5942,5942010,47147,2.374076
5943,5943011,51980,2.617441
5944,5944013,30807,1.551279
5945,5945011,12899,0.649526
5946,5946016,23125,1.164454
5947,5947010,47163,2.374882
5948,5948010,52044,2.620664
5949,5949012,30791,1.550474
5950,5950012,12899,0.649526
5951,5951014,23109,1.163648
5952,5952015,47243,2.378910
5953,5953013,51948,2.615830
5954,5954014,30743,1.548057
5955,5955015,12867,0.647915
5956,5956009,23029,1.159620
5957,5957010,47051,2.369242
5958,5958012,52140,2.625498
5959,5959013,30807,1.551279
5960,5960014,12883,0.648720
5961,5961013,22965,1.156397
5962,5962015,47227,2.378105
5963,5963009,52108,2.623886
5964,5964010,30823,1.552085
5965,5965011,12851,0.647109
5966,5966013,23013,1.158814
5967,5967014,47355,2.384550
5968,5968008,52028,2.619858
5969,5969015,30711,1.546445
5970,5970011,12979,0.653555
5971,5971013,23029,1.159620
5972,5972014,47291,2.381327
5973,5973015,51964,2.616635
5974,5974010,30903,1.556114
5975,5975011,12963,0.652749
5976,5976012,23029,1.159620
5977,5977010,47227,2.378105
5978,5978013,51964,2.616635
5979,5979015,30743,1.548057
5980,5980009,12947,0.651943
5981,5981010,22901,1.153175
5982,5982011,47195,2.376494
5983,5983013,51964,2.616635
5984,5984015,30775,1.549668
5985,5985014,12979,0.653555
5986,5986016,23077,1.162037
5987,5987010,47179,2.375688
5988,5988011,52012,2.619052
5989,5989012,30823,1.552085
5990,5990014,12899,0.649526
5991,5991015,23125,1.164454
5992,5992009,47067,2.370048
5993,5993009,52076,2.622275
5994,5994012,30791,1.550474
5995,5995013,12915,0.650332
5996,5996015,23045,1.160426
5997,5997008,47083,2.370854
5998,5998010,52028,2.619858
5999,5999011,30871,1.554502
6000,6000012,12867,0.647915
6001,6001013,22981,1.157203
6002,6002009,47147,2.374076
6003,6003011,52028,2.619858
6004,6004011,30887,1.555308
6005,6005013,12835,0.646303
6006,6006016,23077,1.162037
6007,6007010,47163,2.374882
6008,6008011,51980,2.617441
6009,6009011,30871,1.554502
6010,6010013,12947,0.651943
6011,6011015,23093,1.162843
6012,6012009,47147,2.374076
6013,6013010,51964,2.616635
6014,6014011,30855,1.553696
6015,6015013,12979,0.653555
6016,6016014,23061,1.161231
6017,6017013,47179,2.375688
6018,6018015,51932,2.615024
6019,6019010,30871,1.554502
6020,6020011,12851,0.647109
6021,6021013,23013,1.158814
6022,6022014,47275,2.380522
6023,6023009,52060,2.621469
6024,6024010,30791,1.550474
6025,6025009,12931,0.651138
6026,6026012,22997,1.158009
6027,6027013,47195,2.376494
6028,6028015,51932,2.615024
6029,6029009,30951,1.558531
6030,6030011,12931,0.651138
6031,6031012,23013,1.158814
6032,6032014,47195,2.376494
6033,6033015,51932,2.615024
6034,6034012,30791,1.550474
6035,6035013,12883,0.648720
6036,6036015,23077,1.162037
6037,6037009,47083,2.370854
6038,6038010,51980,2.617441
6039,6039011,30903,1.556114
6040,6040012,12915,0.650332
6041,6041012,22981,1.157203
6042,6042014,47195,2.376494
6043,6043015,51868,2.611801
6044,6044009,30887,1.555308
6045,6045011,12931,0.651138
6046,6046012,23045,1.160426
6047,6047014,47163,2.374882
6048,6048015,51980,2.617441
6049,6049009,30919,1.556919
6050,6050013,12931,0.651138
6051,6051015,23077,1.162037
6052,6052009,47099,2.371659
6053,6053010,51996,2.618246
6054,6054011,30727,1.547251
6055,6055012,12931,0.651138
6056,6056013,22981,1.157203
6057,6057014,47179,2.375688
6058,6058009,52028,2.619858
6059,6059011,30839,1.552891
6060,6060014,12931,0.651138
6061,6061015,23077,1.162037
6062,6062009,47115,2.372465
6063,6063010,51996,2.618246
6064,6064011,30839,1.552891
6065,6065013,12899,0.649526
6066,6066014,23045,1.160426
6067,6067016,47259,2.379716
6068,6068008,52108,2.623886
6069,6069010,30903,1.556114
6070,6070011,12931,0.651138
6071,6071013,23029,1.159620
6072,6072014,47227,2.378105
6073,6073015,51948,2.615830
6074,6074012,30919,1.556919
6075,6075012,12835,0.646303
6076,6076014,23045,1.160426
6077,6077015,47227,2.378105
6078,6078009,52012,2.619052
6079,6079011,30903,1.556114
6080,6080012,12915,0.650332
6081,6081013,22949,1.155592
6082,6082008,47083,2.370854
6083,6083011,52012,2.619052
6084,6084013,30743,1.548057
6085,6085014,12931,0.651138
6086,6086015,23093,1.162843
6087,6087009,47131,2.373271
6088,6088010,52028,2.619858
6089,6089014,30727,1.547251
6090,6090015,12963,0.652749
6091,6091010,22933,1.154786
6092,6092011,47163,2.374882
6093,6093013,52012,2.619052
6094,6094014,30759,1.548862
6095,6095016,12931,0.651138
6096,6096011,22965,1.156397
6097,6097013,47163,2.374882
6098,6098009,52060,2.621469
6099,6099010,30743,1.548057
6100,6100011,12995,0.654360
6101,6101012,22949,1.155592
6102,6102013,47211,2.377299
6103,6103014,51916,2.614218
6104,6104008,30919,1.556919
6105,6105012,12979,0.653555
6106,6106014,23077,1.162037
6107,6107015,47227,2.378105
6108,6108009,52012,2.619052
6109,6109010,30807,1.551279
6110,6110012,12899,0.649526
6111,6111013,22965,1.156397
6112,6112014,47227,2.378105
6113,6113010,51964,2.616635
6114,6114014,30791,1.550474
6115,6115015,12931,0.651138
6116,6116009,22933,1.154786
6117,6117011,47131,2.373271
6118,6118013,51996,2.618246
6119,6119015,30759,1.548862
6120,6120009,12947,0.651943
6121,6121012,23077,1.162037
6122,6122015,47195,2.376494
6123,6123008,52060,2.621469
6124,6124010,30871,1.554502
6125,6125011,12915,0.650332
6126,6126013,22997,1.158009
6127,6127014,47163,2.374882
6128,6128009,51980,2.617441
6129,6129013,30839,1.552891
6130,6130015,12899,0.649526
6131,6131009,23061,1.161231
6132,6132010,47099,2.371659
6133,6133011,52044,2.620664
6134,6134013,30871,1.554502
6135,6135013,12931,0.651138
6136,6136015,23045,1.160426
6137,6137011,47147,2.374076
6138,6138014,52028,2.619858
6139,6139014,30807,1.551279
6140,6140008,12947,0.651943
6141,6141010,22917,1.153980
6142,6142011,47243,2.378910
6143,6143013,51948,2.615830
6144,6144014,30711,1.546445
6145,6145010,12899,0.649526
6146,6146011,22949,1.155592
6147,6147013,47243,2.378910
6148,6148014,52028,2.619858
6149,6149015,30663,1.544028
6150,6150009,12995,0.654360
6151,6151010,22933,1.154786
6152,6152011,47211,2.377299
6153,6153008,52044,2.620664
6154,6154010,30855,1.553696
6155,6155012,12915,0.650332
6156,6156014,23045,1.160426
6157,6157009,47099,2.371659
6158,6158010,52076,2.622275
6159,6159012,30871,1.554502
6160,6160014,12931,0.651138
6161,6161010,22997,1.158009
6162,6162012,47163,2.374882
6163,6163013,51900,2.613413
6164,6164014,30759,1.548862
6165,6165008,12947,0.651943
6166,6166010,22933,1.154786
6167,6167011,47163,2.374882
6168,6168012,52028,2.619858
6169,6169009,30935,1.557725
6170,6170011,12931,0.651138
6171,6171013,23029,1.159620
6172,6172014,47147,2.374076
6173,6173015,51980,2.617441
6174,6174010,30871,1.554502
6175,6175012,12931,0.651138
6176,6176014,23061,1.161231
6177,6177012,47083,2.370854
6178,6178015,51996,2.618246
6179,6179010,30967,1.559336
6180,6180012,12915,0.650332
6181,6181013,23093,1.162843
6182,6182014,47275,2.380522
6183,6183015,51932,2.615024
6184,6184009,30887,1.555308
6185,6185014,12883,0.648720
6186,6186009,22933,1.154786
6187,6187011,47179,2.375688
6188,6188013,51916,2.614218
6189,6189015,30775,1.549668
6190,6190008,12931,0.651138
6191,6191010,22997,1.158009
6192,6192011,47163,2.374882
6193,6193011,51884,2.612607
6194,6194013,30839,1.552891
6195,6195013,12947,0.651943
6196,6196014,23061,1.161231
6197,6197008,47115,2.372465
6198,6198010,52044,2.620664
6199,6199012,30871,1.554502
6200,6200014,12915,0.650332
6201,6201011,23013,1.158814
6202,6202013,47307,2.382133
6203,6203014,52028,2.619858
6204,6204015,30759,1.548862
6205,6205008,12931,0.651138
6206,6206010,22965,1.156397
6207,6207011,47147,2.374076
6208,6208012,52044,2.620664
6209,6209011,30839,1.552891
6210,6210010,12947,0.651943
6211,6211012,23013,1.158814
6212,6212012,47115,2.372465
6213,6213014,52028,2.619858
6214,6214016,30679,1.544834
6215,6215010,12979,0.653555
6216,6216011,22965,1.156397
6217,6217009,47067,2.370048
6218,6218013,51884,2.612607
6219,6219015,30743,1.548057
6220,6220016,12883,0.648720
6221,6221010,22933,1.154786
6222,6222011,47211,2.377299
6223,6223012,51980,2.617441
6224,6224013,30823,1.552085
6225,6225012,12947,0.651943
6226,6226014,23045,1.160426
6227,6227009,47099,2.371659
6228,6228010,52012,2.619052
6229,6229011,30791,1.550474
6230,6230012,12931,0.651138
6231,6231014,23029,1.159620
6232,6232015,47179,2.375688
6233,6233014,51964,2.616635
6234,6234015,30791,1.550474
6235,6235009,12947,0.651943
6236,6236010,22949,1.155592
6237,6237012,47195,2.376494
6238,6238014,52012,2.619052
6239,6239015,30775,1.549668
6240,6240009,12947,0.651943
6241,6241009,22917,1.153980
6242,6242012,47195,2.376494
6243,6243013,51980,2.617441
6244,6244014,30759,1.548862
6245,6245015,12883,0.648720
6246,6246009,22965,1.156397
6247,6247011,47147,2.374076
6248,6248013,52124,2.624692
6249,6249012,30807,1.551279
6250,6250015,12899,0.649526
6251,6251008,22917,1.153980
6252,6252010,47099,2.371659
6253,6253011,51996,2.618246
6254,6254013,30871,1.554502
6255,6255014,12979,0.653555
6256,6256009,22885,1.152369
6257,6257010,47131,2.373271
6258,6258012,52012,2.619052
6259,6259013,30855,1.553696
6260,6260014,12899,0.649526
6261,6261015,23029,1.159620
6262,6262009,47051,2.369242
6263,6263011,52012,2.619052
6264,6264012,30823,1.552085
6265,6265013,12819,0.645498
6266,6266015,23029,1.159620
6267,6267008,47067,2.370048
6268,6268010,52012,2.619052
6269,6269011,30903,1.556114
6270,6270012,12995,0.654360
6271,6271014,23045,1.160426
6272,6272015,47275,2.380522
6273,6273009,51980,2.617441
6274,6274011,30871,1.554502
6275,6275013,12899,0.649526
6276,6276015,23045,1.160426
6277,6277009,47019,2.367631
6278,6278010,52012,2.619052
6279,6279012,30823,1.552085
6280,6280013,12899,0.649526
6281,6281013,23013,1.158814
6282,6282010,47163,2.374882
6283,6283013,52044,2.620664
6284,6284015,30775,1.549668
6285,6285008,12947,0.651943
6286,6286010,22901,1.153175
6287,6287011,47179,2.375688
6288,6288013,51964,2.616635
6289,6289014,30743,1.548057
6290,6290009,13027,0.655972
6291,6291011,22949,1.155592
6292,6292012,47179,2.375688
6293,6293013,52028,2.619858
6294,6294015,30727,1.547251
6295,6295009,12915,0.650332
6296,6296010,22933,1.154786
6297,6297011,47227,2.378105
6298,6298012,52060,2.621469
6299,6299014,30887,1.555308
6300,6300016,12883,0.648720
6301,6301009,22869,1.151563
6302,6302010,47163,2.374882
6303,6303011,52060,2.621469
6304,6304012,30775,1.549668
6305,6305013,12995,0.654360
6306,6306015,23045,1.160426
6307,6307009,47099,2.371659
6308,6308011,51996,2.618246
6309,6309012,30871,1.554502
6310,6310013,12851,0.647109
6311,6311015,23061,1.161231
6312,6312009,47051,2.369242
6313,6313011,52028,2.619858
6314,6314015,30711,1.546445
6315,6315010,12947,0.651943
6316,6316011,22965,1.156397
6317,6317012,47163,2.374882
6318,6318014,52092,2.623081
6319,6319015,30839,1.552891
6320,6320010,12947,0.651943
6321,6321011,22949,1.155592
6322,6322013,47323,2.382939
6323,6323014,51916,2.614218
6324,6324008,30903,1.556114
6325,6325011,12931,0.651138
6326,6326012,22997,1.158009
6327,6327013,47163,2.374882
6328,6328015,52012,2.619052
6329,6329008,30935,1.557725
6330,6330011,12899,0.649526
6331,6331012,23013,1.158814
6332,6332014,47403,2.386967
6333,6333015,51948,2.615830
6334,6334009,30935,1.557725
6335,6335011,12931,0.651138
6336,6336013,22981,1.157203
6337,6337014,47307,2.382133
6338,6338008,52012,2.619052
6339,6339010,30791,1.550474
6340,6340011,12883,0.648720
6341,6341013,22997,1.158009
6342,6342015,47275,2.380522
6343,6343009,52108,2.623886
6344,6344011,30743,1.548057
6345,6345015,12883,0.648720
6346,6346009,22933,1.154786
6347,6347011,47147,2.374076
6348,6348012,52140,2.625498
6349,6349014,30775,1.549668
6350,6350015,12883,0.648720
6351,6351009,22885,1.152369
6352,6352010,47147,2.374076
6353,6353014,51996,2.618246
6354,6354008,30967,1.559336
6355,6355009,12947,0.651943
6356,6356010,22933,1.154786
6357,6357011,47179,2.375688
6358,6358013,51980,2.617441
6359,6359015,30631,1.542417
6360,6360009,12995,0.654360
6361,6361013,23029,1.159620
6362,6362009,47147,2.374076
6363,6363010,51996,2.618246
6364,6364012,30855,1.553696
6365,6365013,12963,0.652749
6366,6366015,22981,1.157203
6367,6367009,47147,2.374076
6368,6368010,51980,2.617441
6369,6369014,30743,1.548057
6370,6370015,12947,0.651943
6371,6371009,22869,1.151563
6372,6372010,47163,2.374882
6373,6373011,51980,2.617441
6374,6374012,30855,1.553696
6375,6375014,12915,0.650332
6376,6376016,23029,1.159620
6377,6377011,47115,2.372465
6378,6378012,52044,2.620664
6379,6379014,30775,1.549668
6380,6380015,12883,0.648720
6381,6381009,22901,1.153175
6382,6382010,47115,2.372465
6383,6383012,52012,2.619052
6384,6384013,30807,1.551279
6385,6385009,12915,0.650332
6386,6386012,23013,1.158814
6387,6387014,47179,2.375688
6388,6388015,51980,2.617441
6389,6389009,30919,1.556919
6390,6390010,13043,0.656777
6391,6391012,22965,1.156397
6392,6392013,47211,2.377299
6393,6393010,51948,2.615830
6394,6394014,30807,1.551279
6395,6395015,12899,0.649526
6396,6396009,22917,1.153980
6397,6397010,47179,2.375688
6398,6398011,52060,2.621469
6399,6399013,30807,1.551279
6400,6400014,12899,0.649526
6401,6401012,22981,1.157203
6402,6402015,47147,2.374076
6403,6403009,52012,2.619052
6404,6404011,30887,1.555308
6405,6405011,12963,0.652749
6406,6406013,23141,1.165260
6407,6407015,47243,2.378910
6408,6408009,52044,2.620664
6409,6409015,30743,1.548057
6410,6410010,12915,0.650332
6411,6411011,22965,1.156397
6412,6412013,47147,2.374076
6413,6413014,51916,2.614218
6414,6414008,30967,1.559336
6415,6415010,12931,0.651138
6416,6416012,22981,1.157203
6417,6417011,47115,2.372465
6418,6418013,52044,2.620664
6419,6419015,30791,1.550474
6420,6420009,12931,0.651138
6421,6421010,22917,1.153980
6422,6422012,47291,2.381327
6423,6423014,51996,2.618246
6424,6424015,30791,1.550474
6425,6425013,12931,0.651138
6426,6426009,22933,1.154786
6427,6427010,47243,2.378910
6428,6428011,51980,2.617441
6429,6429013,30807,1.551279
6430,6430014,12947,0.651943
6431,6431009,22933,1.154786
6432,6432011,47179,2.375688
6433,6433009,52012,2.619052
6434,6434012,30887,1.555308
6435,6435013,12947,0.651943
6436,6436015,23061,1.161231
6437,6437009,47083,2.370854
6438,6438012,52076,2.622275
6439,6439014,30871,1.554502
6440,6440015,12915,0.650332
6441,6441013,23061,1.161231
6442,6442009,47131,2.373271
6443,6443011,52012,2.619052
6444,6444012,30839,1.552891
6445,6445013,12947,0.651943
6446,6446015,23013,1.158814
6447,6447016,47243,2.378910
6448,6448010,52060,2.621469
6449,6449009,30919,1.556919
6450,6450011,12931,0.651138
6451,6451012,23013,1.158814
6452,6452015,47259,2.379716
6453,6453009,51996,2.618246
6454,6454010,30967,1.559336
6455,6455011,12915,0.650332
6456,6456012,22965,1.156397
6457,6457011,47179,2.375688
6458,6458013,51964,2.616635
6459,6459014,30743,1.548057
6460,6460015,12851,0.647109
6461,6461010,22949,1.155592
6462,6462012,47259,2.379716
6463,6463013,51996,2.618246
6464,6464015,30759,1.548862
6465,6465014,12867,0.647915
6466,6466009,22997,1.158009
6467,6467011,47115,2.372465
6468,6468013,51996,2.618246
6469,6469014,30839,1.552891
6470,6470016,12899,0.649526
6471,6471010,22917,1.153980
6472,6472012,47275,2.380522
6473,6473011,51948,2.615830
6474,6474014,30903,1.556114
6475,6475015,12867,0.647915
6476,6476009,22885,1.152369
6477,6477011,47147,2.374076
6478,6478012,52028,2.619858
6479,6479014,30791,1.550474
6480,6480015,12819,0.645498
6481,6481015,22997,1.158009
6482,6482010,47115,2.372465
6483,6483012,51980,2.617441
6484,6484014,30759,1.548862
6485,6485015,12915,0.650332
6486,6486010,22965,1.156397
6487,6487012,47147,2.374076
6488,6488013,52012,2.619052
6489,6489013,30855,1.553696
6490,6490015,12835,0.646303
6491,6491008,22901,1.153175
6492,6492010,47115,2.372465
6493,6493011,52076,2.622275
6494,6494012,30839,1.552891
6495,6495014,12931,0.651138
6496,6496015,22997,1.158009
6497,6497015,47019,2.367631
6498,6498010,52060,2.621469
6499,6499011,30871,1.554502
6500,6500013,12883,0.648720
6501,6501014,23077,1.162037
6502,6502014,47211,2.377299
6503,6503009,52092,2.623081
6504,6504010,30887,1.555308
6505,6505011,12899,0.649526
6506,6506013,23013,1.158814
6507,6507015,47195,2.376494
6508,6508009,52076,2.622275
6509,6509010,30871,1.554502
6510,6510012,12931,0.651138
6511,6511013,23013,1.158814
6512,6512015,47243,2.378910
6513,6513009,51996,2.618246
6514,6514011,31015,1.561753
6515,6515013,12947,0.651943
6516,6516014,23029,1.159620
6517,6517015,47211,2.377299
6518,6518009,52092,2.623081
6519,6519011,30903,1.556114
6520,6520012,12947,0.651943
6521,6521013,22981,1.157203
6522,6522015,47179,2.375688
6523,6523009,51996,2.618246
6524,6524010,30903,1.556114
6525,6525012,12931,0.651138
6526,6526013,23013,1.158814
6527,6527014,47243,2.378910
6528,6528016,51996,2.618246
6529,6529009,30887,1.555308
6530,6530012,12963,0.652749
6531,6531013,23029,1.159620
6532,6532015,47323,2.382939
6533,6533010,52108,2.623886
6534,6534012,30871,1.554502
6535,6535013,12915,0.650332
6536,6536014,23013,1.158814
6537,6537016,47307,2.382133
6538,6538010,52044,2.620664
6539,6539012,30919,1.556919
6540,6540013,12963,0.652749
6541,6541014,23061,1.161231
6542,6542009,47131,2.373271
6543,6543010,51996,2.618246
6544,6544012,30807,1.551279
6545,6545013,12931,0.651138
6546,6546009,22965,1.156397
6547,6547011,47163,2.374882
6548,6548012,52140,2.625498
6549,6549015,30743,1.548057
6550,6550009,12915,0.650332
6551,6551011,23029,1.159620
6552,6552012,47131,2.373271
6553,6553015,52044,2.620664
6554,6554012,30855,1.553696
6555,6555013,12979,0.653555
6556,6556015,23029,1.159620
6557,6557009,47115,2.372465
6558,6558010,51980,2.617441
6559,6559012,30823,1.552085
6560,6560013,12963,0.652749
6561,6561016,23029,1.159620
6562,6562011,47307,2.382133
6563,6563013,51964,2.616635
6564,6564015,30743,1.548057
6565,6565009,12915,0.650332
6566,6566010,22965,1.156397
6567,6567012,47163,2.374882
6568,6568014,51948,2.615830
6569,6569009,30903,1.556114
6570,6570013,12979,0.653555
6571,6571015,23061,1.161231
6572,6572008,47115,2.372465
6573,6573011,52028,2.619858
6574,6574012,30871,1.554502
6575,6575013,12963,0.652749
6576,6576015,22997,1.158009
6577,6577010,47147,2.374076
6578,6578015,52028,2.619858
6579,6579009,30903,1.556114
6580,6580010,12947,0.651943
6581,6581013,22997,1.158009
6582,6582014,47163,2.374882
6583,6583015,52060,2.621469
6584,6584009,30919,1.556919
6585,6585012,12931,0.651138
6586,6586014,23029,1.159620
6587,6587009,47067,2.370048
6588,6588011,51980,2.617441
6589,6589012,30919,1.556919
6590,6590014,12899,0.649526
6591,6591016,23093,1.162843
6592,6592010,47163,2.374882
6593,6593013,51996,2.618246
6594,6594015,30775,1.549668
6595,6595009,12947,0.651943
6596,6596010,22933,1.154786
6597,6597011,47147,2.374076
6598,6598013,52012,2.619052
6599,6599013,30839,1.552891
6600,6600015,12931,0.651138
6601,6601011,22917,1.153980
6602,6602012,47163,2.374882
6603,6603013,51948,2.615830
6604,6604015,30647,1.543223
6605,6605009,12963,0.652749
6606,6606010,22965,1.156397
6607,6607012,47211,2.377299
6608,6608013,51964,2.616635
6609,6609010,30999,1.560948
6610,6610014,12963,0.652749
6611,6611015,23029,1.159620
6612,6612010,47083,2.370854
6613,6613010,52060,2.621469
6614,6614012,30855,1.553696
6615,6615014,12915,0.650332
6616,6616008,22933,1.154786
6617,6617014,47227,2.378105
6618,6618008,52060,2.621469
6619,6619010,30935,1.557725
6620,6620012,12915,0.650332
6621,6621013,23077,1.162037
6622,6622015,47211,2.377299
6623,6623009,52028,2.619858
6624,6624010,30839,1.552891
6625,6625016,12883,0.648720
6626,6626011,22933,1.154786
6627,6627013,47195,2.376494
6628,6628014,51980,2.617441
6629,6629009,30903,1.556114
6630,6630011,12963,0.652749
6631,6631012,22981,1.157203
6632,6632013,47147,2.374076
6633,6633010,52044,2.620664
6634,6634013,30839,1.552891
6635,6635014,12915,0.650332
6636,6636015,22997,1.158009
6637,6637009,47051,2.369242
6638,6638010,52044,2.620664
6639,6639011,30839,1.552891
6640,6640013,12979,0.653555
6641,6641010,22933,1.154786
6642,6642013,47179,2.375688
6643,6643014,52028,2.619858
6644,6644008,30935,1.557725
6645,6645009,12963,0.652749
6646,6646011,22949,1.155592
6647,6647013,47163,2.374882
6648,6648015,51964,2.616635
6649,6649012,30791,1.550474
6650,6650016,12883,0.648720
6651,6651010,22965,1.156397
6652,6652011,47115,2.372465
6653,6653013,52012,2.619052
6654,6654014,30791,1.550474
6655,6655009,12963,0.652749
6656,6656010,22789,1.147535
6657,6657015,47243,2.378910
6658,6658011,52076,2.622275
6659,6659012,30871,1.554502
6660,6660013,12915,0.650332
6661,6661015,23013,1.158814
6662,6662009,47115,2.372465
6663,6663010,51996,2.618246
6664,6664011,30887,1.555308
6665,6665009,12931,0.651138
6666,6666011,22981,1.157203
6667,6667012,47147,2.374076
6668,6668014,52012,2.619052
6669,6669015,30823,1.552085
6670,6670009,12947,0.651943
6671,6671010,22917,1.153980
6672,6672011,47147,2.374076
6673,6673009,52028,2.619858
6674,6674011,30903,1.556114
6675,6675013,12931,0.651138
6676,6676014,22965,1.156397
6677,6677008,47067,2.370048
6678,6678009,52076,2.622275
6679,6679011,30887,1.555308
6680,6680013,12931,0.651138
6681,6681013,22997,1.158009
6682,6682009,47083,2.370854
6683,6683010,52012,2.619052
6684,6684011,30887,1.555308
6685,6685012,12947,0.651943
6686,6686014,23013,1.158814
6687,6687015,47179,2.375688
6688,6688009,52044,2.620664
6689,6689009,30951,1.558531
6690,6690012,12899,0.649526
6691,6691013,22965,1.156397
6692,6692015,47275,2.380522
6693,6693009,51996,2.618246
6694,6694009,30951,1.558531
6695,6695011,12915,0.650332
6696,6696012,22981,1.157203
6697,6697012,47211,2.377299
6698,6698010,52092,2.623081
6699,6699014,30807,1.551279
6700,6700016,12883,0.648720
6701,6701009,22885,1.152369
6702,6702010,47099,2.371659
6703,6703011,52012,2.619052
6704,6704013,30855,1.553696
6705,6705013,12931,0.651138
6706,6706009,22885,1.152369
6707,6707010,47163,2.374882
6708,6708012,52044,2.620664
6709,6709013,30839,1.552891
6710,6710015,12947,0.651943
6711,6711009,22901,1.153175
6712,6712010,47115,2.372465
6713,6713010,52076,2.622275
6714,6714013,30855,1.553696
6715,6715015,12899,0.649526
6716,6716009,22917,1.153980
6717,6717011,47147,2.374076
6718,6718013,52028,2.619858
6719,6719013,30823,1.552085
6720,6720008,12931,0.651138
6721,6721010,22965,1.156397
6722,6722014,47147,2.374076
6723,6723015,51980,2.617441
6724,6724010,30887,1.555308
6725,6725011,12931,0.651138
6726,6726013,23013,1.158814
6727,6727014,47211,2.377299
6728,6728015,51980,2.617441
6729,6729015,30775,1.549668
6730,6730010,12979,0.653555
6731,6731011,22949,1.155592
6732,6732012,47179,2.375688
6733,6733014,51948,2.615830
6734,6734009,30919,1.556919
6735,6735011,12931,0.651138
6736,6736012,22965,1.156397
6737,6737011,47147,2.374076
6738,6738014,51996,2.618246
6739,6739009,30983,1.560142
6740,6740010,12963,0.652749
6741,6741012,22965,1.156397
6742,6742013,47147,2.374076
6743,6743015,51948,2.615830
6744,6744009,30951,1.558531
6745,6745009,12947,0.651943
6746,6746010,22933,1.154786
6747,6747012,47131,2.373271
6748,6748014,51932,2.615024
6749,6749008,30919,1.556919
6750,6750010,12963,0.652749
6751,6751012,22949,1.155592
6752,6752013,47163,2.374882
6753,6753014,51980,2.617441
6754,6754008,31015,1.561753
6755,6755009,12931,0.651138
6756,6756011,22917,1.153980
6757,6757012,47163,2.374882
6758,6758014,51948,2.615830
6759,6759016,30759,1.548862
6760,6760009,12931,0.651138
6761,6761011,22981,1.157203
6762,6762013,47211,2.377299
6763,6763015,51980,2.617441
6764,6764009,30951,1.558531
6765,6765009,12931,0.651138
6766,6766011,22965,1.156397
6767,6767012,47195,2.376494
6768,6768014,52012,2.619052
6769,6769009,30871,1.554502
6770,6770010,12947,0.651943
6771,6771012,22981,1.157203
6772,6772013,47147,2.374076
6773,6773015,51996,2.618246
6774,6774009,30935,1.557725
6775,6775009,12963,0.652749
6776,6776011,22917,1.153980
6777,6777013,47259,2.379716
6778,6778015,51996,2.618246
6779,6779009,30919,1.556919
6780,6780011,12899,0.649526
6781,6781012,23013,1.158814
6782,6782013,47147,2.374076
6783,6783015,51996,2.618246
6784,6784009,30919,1.556919
6785,6785012,12915,0.650332
6786,6786014,23077,1.162037
6787,6787009,47003,2.366825
6788,6788010,52044,2.620664
6789,6789011,30855,1.553696
6790,6790013,12947,0.651943
6791,6791015,22933,1.154786
6792,6792009,47051,2.369242
6793,6793011,51980,2.617441
6794,6794015,30775,1.549668
6795,6795009,12899,0.649526
6796,6796010,22901,1.153175
6797,6797011,47147,2.374076
6798,6798013,52012,2.619052
6799,6799014,30855,1.553696
6800,6800009,12931,0.651138
6801,6801012,23045,1.160426
6802,6802009,47067,2.370048
6803,6803011,51996,2.618246
6804,6804011,30871,1.554502
6805,6805012,13075,0.658389
6806,6806013,22981,1.157203
6807,6807014,47227,2.378105
6808,6808008,52060,2.621469
6809,6809011,30887,1.555308
6810,6810014,12931,0.651138
6811,6811009,22933,1.154786
6812,6812011,47163,2.374882
6813,6813013,52012,2.619052
6814,6814015,30759,1.548862
6815,6815009,12995,0.654360
6816,6816010,22869,1.151563
6817,6817014,47179,2.375688
6818,6818011,52060,2.621469
6819,6819013,30839,1.552891
6820,6820014,12899,0.649526
6821,6821009,22869,1.151563
6822,6822011,47195,2.376494
6823,6823013,51980,2.617441
6824,6824015,30775,1.549668
6825,6825011,12931,0.651138
6826,6826013,23029,1.159620
6827,6827014,47147,2.374076
6828,6828009,52060,2.621469
6829,6829011,30871,1.554502
6830,6830012,13011,0.655166
6831,6831014,22997,1.158009
6832,6832014,47131,2.373271
6833,6833010,52028,2.619858
6834,6834013,30839,1.552891
6835,6835015,12947,0.651943
6836,6836009,22853,1.150758
6837,6837009,47051,2.369242
6838,6838011,51996,2.618246
6839,6839013,30807,1.551279
6840,6840014,12963,0.652749
6841,6841011,22917,1.153980
6842,6842013,47179,2.375688
6843,6843014,52028,2.619858
6844,6844008,30983,1.560142
6845,6845010,12947,0.651943
6846,6846012,23045,1.160426
6847,6847013,47163,2.374882
6848,6848008,52012,2.619052
6849,6849012,30839,1.552891
6850,6850015,12899,0.649526
6851,6851009,22917,1.153980
6852,6852010,47115,2.372465
6853,6853011,52028,2.619858
6854,6854013,30855,1.553696
6855,6855014,12931,0.651138
6856,6856015,22981,1.157203
6857,6857012,47131,2.373271
6858,6858014,52044,2.620664
6859,6859014,30871,1.554502
6860,6860009,12915,0.650332
6861,6861010,22933,1.154786
6862,6862012,47163,2.374882
6863,6863013,52012,2.619052
6864,6864015,30775,1.549668
6865,6865012,12899,0.649526
6866,6866014,23029,1.159620
6867,6867009,47099,2.371659
6868,6868010,51980,2.617441
6869,6869011,30807,1.551279
6870,6870013,12915,0.650332
6871,6871014,22981,1.157203
6872,6872015,47163,2.374882
6873,6873014,51996,2.618246
6874,6874010,31015,1.561753
6875,6875012,12947,0.651943
6876,6876013,22981,1.157203
6877,6877014,47147,2.374076
6878,6878015,52076,2.622275
6879,6879008,30967,1.559336
6880,6880009,12931,0.651138
6881,6881016,23125,1.164454
6882,6882010,47163,2.374882
6883,6883012,52060,2.621469
6884,6884014,30807,1.551279
6885,6885015,12883,0.648720
6886,6886009,22933,1.154786
6887,6887010,47083,2.370854
6888,6888011,52124,2.624692
6889,6889011,30887,1.555308
6890,6890014,12963,0.652749
6891,6891010,22981,1.157203
6892,6892012,47147,2.374076
6893,6893013,52012,2.619052
6894,6894015,30807,1.551279
6895,6895008,12979,0.653555
6896,6896009,22853,1.150758
6897,6897009,47147,2.374076
6898,6898012,51996,2.618246
6899,6899014,30855,1.553696
6900,6900009,12931,0.651138
6901,6901010,22917,1.153980
6902,6902011,47115,2.372465
6903,6903013,52044,2.620664
6904,6904014,30855,1.553696
6905,6905013,12915,0.650332
6906,6906015,23125,1.164454
6907,6907009,47115,2.372465
6908,6908011,51980,2.617441
6909,6909012,30871,1.554502
6910,6910013,12931,0.651138
6911,6911014,23029,1.159620
6912,6912016,47195,2.376494
6913,6913014,51996,2.618246
6914,6914011,30903,1.556114
6915,6915012,12963,0.652749
6916,6916014,22997,1.158009
6917,6917016,47243,2.378910
6918,6918010,52012,2.619052
6919,6919011,30919,1.556919
6920,6920012,12931,0.651138
6921,6921012,22853,1.150758
6922,6922015,47179,2.375688
6923,6923009,52076,2.622275
6924,6924010,30807,1.551279
6925,6925012,12963,0.652749
6926,6926013,23029,1.159620
6927,6927014,47307,2.382133
6928,6928016,51948,2.615830
6929,6929016,30775,1.549668
6930,6930011,12931,0.651138
6931,6931013,22965,1.156397
6932,6932014,47147,2.374076
6933,6933008,52044,2.620664
6934,6934010,30935,1.557725
6935,6935011,12947,0.651943
6936,6936013,22965,1.156397
6937,6937013,47147,2.374076
6938,6938015,51964,2.616635
6939,6939016,30775,1.549668
6940,6940010,12931,0.651138
6941,6941011,22933,1.154786
6942,6942012,47115,2.372465
6943,6943014,51980,2.617441
6944,6944008,30903,1.556114
6945,6945009,12947,0.651943
6946,6946011,22965,1.156397
6947,6947013,47163,2.374882
6948,6948014,51996,2.618246
6949,6949008,30935,1.557725
6950,6950010,12947,0.651943
6951,6951012,23061,1.161231
6952,6952013,47195,2.376494
6953,6953014,52012,2.619052
6954,6954009,30919,1.556919
6955,6955011,12979,0.653555
6956,6956012,22997,1.158009
6957,6957014,47163,2.374882
6958,6958015,51964,2.616635
6959,6959009,30999,1.560948
6960,6960010,12931,0.651138
6961,6961011,22933,1.154786
6962,6962014,47195,2.376494
6963,6963015,51916,2.614218
6964,6964010,30887,1.555308
6965,6965011,12931,0.651138
6966,6966012,22949,1.155592
6967,6967014,47211,2.377299
6968,6968015,51916,2.614218
6969,6969008,30951,1.558531
6970,6970011,12947,0.651943
6971,6971013,22981,1.157203
6972,6972014,47163,2.374882
6973,6973015,51932,2.615024
6974,6974009,30951,1.558531
6975,6975011,12915,0.650332
6976,6976012,22933,1.154786
6977,6977013,47195,2.376494
6978,6978015,51996,2.618246
6979,6979009,30935,1.557725
6980,6980009,12931,0.651138
6981,6981011,22901,1.153175
6982,6982012,47083,2.370854
6983,6983013,51996,2.618246
6984,6984015,30791,1.550474
6985,6985009,12963,0.652749
6986,6986010,22917,1.153980
6987,6987012,47147,2.374076
6988,6988013,52028,2.619858
6989,6989014,30823,1.552085
6990,6990015,12947,0.651943
6991,6991009,22917,1.153980
6992,6992011,47083,2.370854
6993,6993014,52012,2.619052
6994,6994009,30935,1.557725
6995,6995011,12931,0.651138
6996,6996012,22981,1.157203
6997,6997014,47195,2.376494
6998,6998009,52124,2.624692
6999,6999011,30887,1.555308
7000,7000012,12883,0.648720
7001,7001014,23013,1.158814
7002,7002011,47147,2.374076
7003,7003013,52012,2.619052
7004,7004014,30791,1.550474
7005,7005009,12947,0.651943
7006,7006011,22933,1.154786
7007,7007013,47275,2.380522
7008,7008014,51996,2.618246
7009,7009016,30711,1.546445
7010,7010010,12963,0.652749
7011,7011012,22997,1.158009
7012,7012013,47195,2.376494
7013,7013014,52028,2.619858
7014,7014016,30791,1.550474
7015,7015010,12931,0.651138
7016,7016011,22949,1.155592
7017,7017013,47227,2.378105
7018,7018009,52076,2.622275
7019,7019011,30935,1.557725
7020,7020013,12915,0.650332
7021,7021015,22997,1.158009
7022,7022009,47067,2.370048
7023,7023010,52044,2.620664
7024,7024012,30871,1.554502
7025,7025015,12931,0.651138
7026,7026009,22917,1.153980
7027,7027011,47131,2.373271
7028,7028013,51964,2.616635
7029,7029014,30855,1.553696
7030,7030015,12931,0.651138
7031,7031009,22869,1.151563
7032,7032011,47147,2.374076
7033,7033013,51980,2.617441
7034,7034009,30983,1.560142
7035,7035010,12947,0.651943
7036,7036011,22949,1.155592
7037,7037013,47243,2.378910
7038,7038014,51980,2.617441
7039,7039009,31031,1.562559
7040,7040010,12931,0.651138
7041,7041014,23093,1.162843
7042,7042010,47131,2.373271
7043,7043012,51948,2.615830
7044,7044013,30855,1.553696
7045,7045015,12931,0.651138
7046,7046009,22869,1.151563
7047,7047010,47083,2.370854
7048,7048012,52012,2.619052
7049,7049014,30807,1.551279
7050,7050008,12963,0.652749
7051,7051011,22965,1.156397
7052,7052012,47067,2.370048
7053,7053013,52012,2.619052
7054,7054015,30871,1.554502
7055,7055009,12947,0.651943
7056,7056010,22933,1.154786
7057,7057013,47195,2.376494
7058,7058016,51980,2.617441
7059,7059009,30935,1.557725
7060,7060011,12899,0.649526
7061,7061012,22965,1.156397
7062,7062015,47147,2.374076
7063,7063015,51996,2.618246
7064,7064009,30935,1.557725
7065,7065013,12931,0.651138
7066,7066016,23045,1.160426
7067,7067009,47067,2.370048
7068,7068011,51996,2.618246
7069,7069012,30903,1.556114
7070,7070013,12803,0.644692
7071,7071014,23077,1.162037
7072,7072015,47163,2.374882
7073,7073014,51948,2.615830
7074,7074010,30935,1.557725
7075,7075011,12899,0.649526
7076,7076013,22997,1.158009
7077,7077015,47211,2.377299
7078,7078008,52044,2.620664
7079,7079010,30919,1.556919
7080,7080011,12931,0.651138
7081,7081009,22853,1.150758
7082,7082011,47115,2.372465
7083,7083013,51996,2.618246
7084,7084014,30807,1.551279
7085,7085015,12931,0.651138
7086,7086010,22965,1.156397
7087,7087010,47083,2.370854
7088,7088012,52028,2.619858
7089,7089009,30999,1.560948
7090,7090012,12947,0.651943
7091,7091014,23029,1.159620
7092,7092015,47307,2.382133
7093,7093009,52140,2.625498
7094,7094011,30919,1.556919
7095,7095012,12899,0.649526
7096,7096013,22965,1.156397
7097,7097011,47179,2.375688
7098,7098014,52044,2.620664
7099,7099015,30727,1.547251
7100,7100008,12931,0.651138
7101,7101010,22917,1.153980
7102,7102011,47115,2.372465
7103,7103012,51932,2.615024
7104,7104013,30855,1.553696
7105,7105010,12947,0.651943
7106,7106012,23013,1.158814
7107,7107014,47147,2.374076
7108,7108009,52092,2.623081
7109,7109010,30887,1.555308
7110,7110011,12947,0.651943
7111,7111012,22965,1.156397
7112,7112014,47195,2.376494
7113,7113013,52044,2.620664
7114,7114015,30775,1.549668
7115,7115008,12915,0.650332
7116,7116009,22885,1.152369
7117,7117011,47099,2.371659
7118,7118012,52012,2.619052
7119,7119014,30871,1.554502
7120,7120015,12915,0.650332
7121,7121015,23029,1.159620
7122,7122010,47051,2.369242
7123,7123011,51996,2.618246
7124,7124012,30919,1.556919
7125,7125013,12931,0.651138
7126,7126014,23013,1.158814
7127,7127009,47083,2.370854
7128,7128010,51996,2.618246
7129,7129009,30919,1.556919
7130,7130013,12947,0.651943
7131,7131016,23061,1.161231
7132,7132010,47083,2.370854
7133,7133011,52076,2.622275
7134,7134012,30887,1.555308
7135,7135013,12915,0.650332
7136,7136014,22949,1.155592
7137,7137014,47179,2.375688
7138,7138012,52076,2.622275
7139,7139014,30791,1.550474
7140,7140015,12931,0.651138
7141,7141009,22885,1.152369
7142,7142010,47099,2.371659
7143,7143011,52044,2.620664
7144,7144013,30855,1.553696
7145,7145012,12931,0.651138
7146,7146014,23045,1.160426
7147,7147009,47115,2.372465
7148,7148011,52012,2.619052
7149,7149012,30887,1.555308
7150,7150014,12947,0.651943
7151,7151009,22885,1.152369
7152,7152010,47083,2.370854
7153,7153010,52172,2.627109
7154,7154013,30823,1.552085
7155,7155015,12803,0.644692
7156,7156009,22869,1.151563
7157,7157011,47163,2.374882
7158,7158012,51996,2.618246
7159,7159013,30887,1.555308
7160,7160014,12915,0.650332
7161,7161014,22981,1.157203
7162,7162010,47067,2.370048
7163,7163011,52012,2.619052
7164,7164012,30823,1.552085
7165,7165014,12915,0.650332
7166,7166015,23045,1.160426
7167,7167010,47099,2.371659
7168,7168011,52012,2.619052
7169,7169011,30903,1.556114
7170,7170015,12947,0.651943
7171,7171010,22933,1.154786
7172,7172011,47115,2.372465
7173,7173012,52012,2.619052
7174,7174014,30791,1.550474
7175,7175015,12883,0.648720
7176,7176009,22853,1.150758
7177,7177008,47067,2.370048
7178,7178010,52060,2.621469
7179,7179012,30903,1.556114
7180,7180014,12899,0.649526
7181,7181015,23013,1.158814
7182,7182010,47035,2.368436
7183,7183011,52044,2.620664
7184,7184012,30871,1.554502
7185,7185013,12931,0.651138
7186,7186014,22981,1.157203
7187,7187015,47227,2.378105
7188,7188009,52044,2.620664
7189,7189010,30919,1.556919
7190,7190012,12899,0.649526
7191,7191015,23013,1.158814
7192,7192009,47083,2.370854
7193,7193011,52012,2.619052
7194,7194013,30839,1.552891
7195,7195015,12899,0.649526
7196,7196009,22885,1.152369
7197,7197011,47131,2.373271
7198,7198012,52044,2.620664
7199,7199014,30807,1.551279
7200,7200008,12963,0.652749
7201,7201010,22917,1.153980
7202,7202013,47163,2.374882
7203,7203014,51964,2.616635
7204,7204008,30951,1.558531
7205,7205009,12995,0.654360
7206,7206010,22789,1.147535
7207,7207012,47163,2.374882
7208,7208013,51996,2.618246
7209,7209015,30855,1.553696
7210,7210009,12947,0.651943
7211,7211010,22933,1.154786
7212,7212011,47083,2.370854
7213,7213013,51996,2.618246
7214,7214015,30823,1.552085
7215,7215008,12963,0.652749
7216,7216009,22853,1.150758
7217,7217010,47115,2.372465
7218,7218013,52012,2.619052
7219,7219015,30807,1.551279
7220,7220009,12915,0.650332
7221,7221011,22901,1.153175
7222,7222013,47147,2.374076
7223,7223013,51980,2.617441
7224,7224014,30807,1.551279
7225,7225015,12915,0.650332
7226,7226010,22949,1.155592
7227,7227011,47083,2.370854
7228,7228013,52028,2.619858
7229,7229013,30823,1.552085
7230,7230015,12931,0.651138
7231,7231009,22853,1.150758
7232,7232010,47115,2.372465
7233,7233014,52012,2.619052
7234,7234009,30951,1.558531
7235,7235010,12947,0.651943
7236,7236011,22917,1.153980
7237,7237012,47147,2.374076
7238,7238014,51996,2.618246
7239,7239015,30743,1.548057
7240,7240009,12947,0.651943
7241,7241010,22917,1.153980
7242,7242012,47195,2.376494
7243,7243013,52012,2.619052
7244,7244014,30807,1.551279
7245,7245015,12899,0.649526
7246,7246009,22869,1.151563
7247,7247011,47131,2.373271
7248,7248012,52012,2.619052
7249,7249014,30807,1.551279
7250,7250010,12931,0.651138
7251,7251012,22933,1.154786
7252,7252013,47179,2.375688
7253,7253015,51964,2.616635
7254,7254008,31079,1.564976
7255,7255009,12931,0.651138
7256,7256011,22885,1.152369
7257,7257014,47211,2.377299
7258,7258010,52044,2.620664
7259,7259011,30935,1.557725
7260,7260012,12899,0.649526
7261,7261013,22997,1.158009
7262,7262015,47179,2.375688
7263,7263015,52028,2.619858
7264,7264009,30935,1.557725
7265,7265012,12931,0.651138
7266,7266015,22997,1.158009
7267,7267009,47131,2.373271
7268,7268010,52028,2.619858
7269,7269011,30903,1.556114
7270,7270012,12915,0.650332
7271,7271013,22981,1.157203
7272,7272014,47227,2.378105
7273,7273010,52044,2.620664
7274,7274015,30839,1.552891
7275,7275009,12947,0.651943
7276,7276010,22901,1.153175
7277,7277011,47083,2.370854
7278,7278012,51996,2.618246
7279,7279015,30823,1.552085
7280,7280010,12931,0.651138
7281,7281014,23109,1.163648
7282,7282015,47227,2.378105
7283,7283009,52092,2.623081
7284,7284011,30903,1.556114
7285,7285013,12963,0.652749
7286,7286014,22997,1.158009
7287,7287015,47179,2.375688
7288,7288009,52076,2.622275
7289,7289012,30839,1.552891
7290,7290014,12883,0.648720
7291,7291008,22869,1.151563
7292,7292010,47083,2.370854
7293,7293011,52028,2.619858
7294,7294013,30791,1.550474
7295,7295014,12931,0.651138
7296,7296009,22901,1.153175
7297,7297014,47163,2.374882
7298,7298012,52044,2.620664
7299,7299014,30839,1.552891
7300,7300015,12899,0.649526
7301,7301009,22917,1.153980
7302,7302010,47083,2.370854
7303,7303012,52028,2.619858
7304,7304014,30807,1.551279
7305,7305010,12931,0.651138
7306,7306012,23013,1.158814
7307,7307014,47115,2.372465
7308,7308015,51900,2.613413
7309,7309009,31015,1.561753
7310,7310010,12963,0.652749
7311,7311011,22917,1.153980
7312,7312012,47083,2.370854
7313,7313009,52028,2.619858
7314,7314012,30935,1.557725
7315,7315014,12883,0.648720
7316,7316015,23013,1.158814
7317,7317008,47131,2.373271
7318,7318009,52044,2.620664
7319,7319011,30903,1.556114
7320,7320012,12899,0.649526
7321,7321015,23029,1.159620
7322,7322011,47051,2.369242
7323,7323012,52012,2.619052
7324,7324014,30791,1.550474
7325,7325009,12947,0.651943
7326,7326010,22917,1.153980
7327,7327012,47083,2.370854
7328,7328013,52108,2.623886
7329,7329628,17188,0.865498
7330,7330015,12899,0.649526
7331,7331009,22917,1.153980
7332,7332010,47035,2.368436
7333,7333012,52012,2.619052
7334,7334013,30839,1.552891
7335,7335014,12915,0.650332
7336,7336008,22869,1.151563
7337,7337013,47131,2.373271
7338,7338015,51980,2.617441
7339,7339010,30951,1.558531
7340,7340011,12915,0.650332
7341,7341013,22981,1.157203
7342,7342015,47115,2.372465
7343,7343016,51996,2.618246
7344,7344010,30903,1.556114
7345,7345009,12963,0.652749
7346,7346014,23013,1.158814
7347,7347008,47067,2.370048
7348,7348010,52028,2.619858
7349,7349011,30903,1.556114
7350,7350013,12931,0.651138
7351,7351014,22997,1.158009
7352,7352009,47067,2.370048
7353,7353014,51980,2.617441
7354,7354008,30999,1.560948
7355,7355010,12963,0.652749
7356,7356011,22901,1.153175
7357,7357013,47227,2.378105
7358,7358014,51996,2.618246
7359,7359015,30791,1.550474
7360,7360008,12947,0.651943
7361,7361015,23045,1.160426
7362,7362011,47115,2.372465
7363,7363011,51932,2.615024
7364,7364012,30903,1.556114
7365,7365013,12963,0.652749
7366,7366014,23093,1.162843
7367,7367009,47067,2.370048
7368,7368010,52044,2.620664
7369,7369016,30807,1.551279
7370,7370010,12963,0.652749
7371,7371012,22933,1.154786
7372,7372013,47083,2.370854
7373,7373014,51980,2.617441
7374,7374008,30999,1.560948
7375,7375009,12931,0.651138
7376,7376010,22933,1.154786
7377,7377010,47115,2.372465
7378,7378014,52012,2.619052
7379,7379008,30951,1.558531
7380,7380010,12915,0.650332
7381,7381012,22933,1.154786
7382,7382013,47163,2.374882
7383,7383014,51948,2.615830
7384,7384015,30823,1.552085
7385,7385009,12979,0.653555
7386,7386012,22949,1.155592
7387,7387014,47179,2.375688
7388,7388015,51900,2.613413
7389,7389008,31031,1.562559
7390,7390010,12931,0.651138
7391,7391011,22901,1.153175
7392,7392012,47179,2.375688
7393,7393013,52012,2.619052
7394,7394016,30775,1.549668
7395,7395010,12979,0.653555
7396,7396012,22933,1.154786
7397,7397013,47147,2.374076
7398,7398014,52028,2.619858
7399,7399008,30951,1.558531
7400,7400010,12963,0.652749
7401,7401009,22901,1.153175
7402,7402012,47179,2.375688
7403,7403013,51996,2.618246
7404,7404014,30791,1.550474
7405,7405009,12947,0.651943
7406,7406010,22949,1.155592
7407,7407011,47147,2.374076
7408,7408013,51980,2.617441
7409,7409014,30871,1.554502
7410,7410009,12979,0.653555
7411,7411010,22901,1.153175
7412,7412011,47115,2.372465
7413,7413013,52012,2.619052
7414,7414014,30855,1.553696
7415,7415008,12947,0.651943
7416,7416010,22885,1.152369
7417,7417011,47179,2.375688
7418,7418013,52012,2.619052
7419,7419014,30887,1.555308
7420,7420008,12947,0.651943
7421,7421010,22933,1.154786
7422,7422011,47115,2.372465
7423,7423012,52124,2.624692
7424,7424013,30823,1.552085
7425,7425014,12899,0.649526
7426,7426010,22917,1.153980
7427,7427011,47131,2.373271
7428,7428013,52044,2.620664
7429,7429014,30871,1.554502
7430,7430015,12915,0.650332
7431,7431009,22917,1.153980
7432,7432011,47115,2.372465
7433,7433012,52060,2.621469
7434,7434013,30823,1.552085
7435,7435014,12931,0.651138
7436,7436015,23013,1.158814
7437,7437009,47115,2.372465
7438,7438011,52028,2.619858
7439,7439012,30791,1.550474
7440,7440013,12883,0.648720
7441,7441014,22997,1.158009
7442,7442009,47115,2.372465
7443,7443010,52076,2.622275
7444,7444012,30919,1.556919
7445,7445013,12963,0.652749
7446,7446014,22997,1.158009
7447,7447015,47163,2.374882
7448,7448009,52076,2.622275
7449,7449010,30935,1.557725
7450,7450012,12947,0.651943
7451,7451014,22997,1.158009
7452,7452015,47163,2.374882
7453,7453009,52012,2.619052
7454,7454010,30935,1.557725
7455,7455011,12931,0.651138
7456,7456013,22965,1.156397
7457,7457008,47163,2.374882
7458,7458012,51980,2.617441
7459,7459014,30855,1.553696
7460,7460015,12915,0.650332
7461,7461009,22901,1.153175
7462,7462011,47115,2.372465
7463,7463012,51996,2.618246
7464,7464014,30855,1.553696
7465,7465010,12915,0.650332
7466,7466014,22917,1.153980
7467,7467014,47195,2.376494
7468,7468008,52108,2.623886
7469,7469010,30951,1.558531
7470,7470011,12947,0.651943
7471,7471012,22949,1.155592
7472,7472014,47147,2.374076
7473,7473010,52108,2.623886
7474,7474014,30807,1.551279
7475,7475009,12963,0.652749
7476,7476010,22869,1.151563
7477,7477012,47131,2.373271
7478,7478013,52044,2.620664
7479,7479015,30823,1.552085
7480,7480009,12947,0.651943
7481,7481012,22981,1.157203
7482,7482014,47163,2.374882
7483,7483015,51996,2.618246
7484,7484009,30983,1.560142
7485,7485010,12979,0.653555
7486,7486012,22949,1.155592
7487,7487013,47195,2.376494
7488,7488014,51964,2.616635
7489,7489010,30951,1.558531
7490,7490014,12963,0.652749
7491,7491015,23061,1.161231
7492,7492009,47115,2.372465
7493,7493011,52060,2.621469
7494,7494013,30855,1.553696
7495,7495015,12899,0.649526
7496,7496009,22741,1.145118
7497,7497012,47067,2.370048
7498,7498014,51916,2.614218
7499,7499015,30791,1.550474
7500,7500009,12947,0.651943
7501,7501011,22933,1.154786
7502,7502012,47179,2.375688
7503,7503014,51964,2.616635
7504,7504015,30871,1.554502
7505,7505012,12899,0.649526
7506,7506015,23029,1.159620
7507,7507010,47083,2.370854
7508,7508012,52044,2.620664
7509,7509014,30823,1.552085
7510,7510015,12899,0.649526
7511,7511009,22885,1.152369
7512,7512011,47003,2.366825
7513,7513015,51948,2.615830
7514,7514012,30919,1.556919
7515,7515013,12899,0.649526
7516,7516015,23013,1.158814
7517,7517009,47115,2.372465
7518,7518011,52060,2.621469
7519,7519012,30871,1.554502
7520,7520013,12899,0.649526
7521,7521010,22965,1.156397
7522,7522013,47115,2.372465
7523,7523014,51964,2.616635
7524,7524015,30791,1.550474
7525,7525009,12979,0.653555
7526,7526010,22901,1.153175
7527,7527012,47163,2.374882
7528,7528013,52012,2.619052
7529,7529011,30919,1.556919
7530,7530014,12947,0.651943
7531,7531015,23029,1.159620
7532,7532009,47115,2.372465
7533,7533010,52028,2.619858
7534,7534012,30951,1.558531
7535,7535013,12931,0.651138
7536,7536015,22981,1.157203
7537,7537012,47115,2.372465
7538,7538013,52028,2.619858
7539,7539014,30823,1.552085
7540,7540015,12915,0.650332
7541,7541009,22869,1.151563
7542,7542010,47083,2.370854
7543,7543012,52028,2.619858
7544,7544012,30887,1.555308
7545,7545010,12947,0.651943
7546,7546013,22981,1.157203
7547,7547014,47195,2.376494
7548,7548008,52076,2.622275
7549,7549010,30999,1.560948
7550,7550011,12947,0.651943
7551,7551012,22917,1.153980
7552,7552013,47163,2.374882
7553,7553011,52012,2.619052
7554,7554015,30855,1.553696
7555,7555008,12963,0.652749
7556,7556010,22853,1.150758
7557,7557011,47099,2.371659
7558,7558012,52012,2.619052
7559,7559014,30855,1.553696
7560,7560009,12931,0.651138
7561,7561013,22981,1.157203
7562,7562009,47179,2.375688
7563,7563010,52028,2.619858
7564,7564011,30919,1.556919
7565,7565012,12947,0.651943
7566,7566014,22965,1.156397
7567,7567015,47163,2.374882
7568,7568009,51996,2.618246
7569,7569015,30839,1.552891
7570,7570010,12963,0.652749
7571,7571011,22949,1.155592
7572,7572013,47131,2.373271
7573,7573015,52060,2.621469
7574,7574009,30871,1.554502
7575,7575010,12931,0.651138
7576,7576012,22949,1.155592
7577,7577009,47115,2.372465
7578,7578011,52012,2.619052
7579,7579012,30919,1.556919
7580,7580013,12931,0.651138
7581,7581015,23029,1.159620
7582,7582010,47051,2.369242
7583,7583011,52076,2.622275
7584,7584012,30871,1.554502
7585,7585011,12883,0.648720
7586,7586014,22965,1.156397
7587,7587015,47179,2.375688
7588,7588009,52012,2.619052
7589,7589010,30903,1.556114
7590,7590012,12947,0.651943
7591,7591013,22933,1.154786
7592,7592015,47291,2.381327
7593,7593014,51964,2.616635
7594,7594009,31031,1.562559
7595,7595009,12947,0.651943
7596,7596010,22981,1.157203
7597,7597012,47115,2.372465
7598,7598013,52044,2.620664
7599,7599015,30855,1.553696
7600,7600009,12947,0.651943
7601,7601015,23013,1.158814
7602,7602010,47083,2.370854
7603,7603012,52044,2.620664
7604,7604013,30887,1.555308
7605,7605015,12931,0.651138
7606,7606009,22853,1.150758
7607,7607011,47067,2.370048
7608,7608012,52028,2.619858
7609,7609012,30919,1.556919
7610,7610013,12947,0.651943
7611,7611014,22965,1.156397
7612,7612015,47259,2.379716
7613,7613009,52060,2.621469
7614,7614010,30951,1.558531
7615,7615011,12931,0.651138
7616,7616013,22981,1.157203
7617,7617014,47163,2.374882
7618,7618008,52140,2.625498
7619,7619010,30983,1.560142
7620,7620011,12931,0.651138
7621,7621012,22949,1.155592
7622,7622013,47115,2.372465
7623,7623014,52012,2.619052
7624,7624009,31015,1.561753
7625,7625009,12963,0.652749
7626,7626010,22933,1.154786
7627,7627012,47147,2.374076
7628,7628013,51996,2.618246
7629,7629015,30791,1.550474
7630,7630008,13043,0.656777
7631,7631010,22869,1.151563
7632,7632011,47115,2.372465
7633,7633011,52028,2.619858
7634,7634014,30839,1.552891
7635,7635009,12963,0.652749
7636,7636010,22869,1.151563
7637,7637011,47147,2.374076
7638,7638013,52044,2.620664
7639,7639014,30855,1.553696
7640,7640009,12947,0.651943
7641,7641010,22885,1.152369
7642,7642012,47115,2.372465
7643,7643014,51980,2.617441
7644,7644008,31015,1.561753
7645,7645009,12963,0.652749
7646,7646011,22917,1.153980
7647,7647012,47067,2.370048
7648,7648014,52012,2.619052
7649,7649014,30839,1.552891
7650,7650010,12915,0.650332
7651,7651013,22949,1.155592
7652,7652014,47131,2.373271
7653,7653016,52044,2.620664
7654,7654009,30967,1.559336
7655,7655011,12963,0.652749
7656,7656012,22885,1.152369
7657,7657012,47179,2.375688
7658,7658014,52012,2.619052
7659,7659009,30967,1.559336
7660,7660010,12915,0.650332
7661,7661012,22933,1.154786
7662,7662013,47211,2.377299
7663,7663014,51964,2.616635
7664,7664015,30791,1.550474
7665,7665009,12963,0.652749
7666,7666012,22949,1.155592
7667,7667014,47147,2.374076
7668,7668015,51996,2.618246
7669,7669009,30999,1.560948
7670,7670011,12947,0.651943
7671,7671012,22869,1.151563
7672,7672013,47147,2.374076
7673,7673009,52044,2.620664
7674,7674010,30935,1.557725
7675,7675012,12899,0.649526
7676,7676014,23029,1.159620
7677,7677008,47051,2.369242
7678,7678010,52044,2.620664
7679,7679011,30935,1.557725
7680,7680012,12931,0.651138
7681,7681013,22949,1.155592
7682,7682015,47147,2.374076
7683,7683009,52060,2.621469
7684,7684011,30919,1.556919
7685,7685013,12947,0.651943
7686,7686015,23013,1.158814
7687,7687008,47019,2.367631
7688,7688009,52060,2.621469
7689,7689010,30951,1.558531
7690,7690012,12947,0.651943
7691,7691013,22933,1.154786
7692,7692014,47115,2.372465
7693,7693008,52060,2.621469
7694,7694009,30983,1.560142
7695,7695011,12931,0.651138
7696,7696012,22869,1.151563
7697,7697013,47147,2.374076
7698,7698009,52076,2.622275
7699,7699010,30967,1.559336
7700,7700011,12947,0.651943
7701,7701012,22981,1.157203
7702,7702014,47147,2.374076
7703,7703009,52076,2.622275
7704,7704010,30951,1.558531
7705,7705012,12947,0.651943
7706,7706015,23029,1.159620
7707,7707009,47051,2.369242
7708,7708011,52028,2.619858
7709,7709013,30903,1.556114
7710,7710014,12931,0.651138
7711,7711008,22837,1.149952
7712,7712010,47051,2.369242
7713,7713013,51996,2.618246
7714,7714009,30999,1.560948
7715,7715010,12883,0.648720
7716,7716012,22965,1.156397
7717,7717013,47099,2.371659
7718,7718015,51996,2.618246
7719,7719009,30967,1.559336
7720,7720010,12931,0.651138
7721,7721014,22981,1.157203
7722,7722008,47035,2.368436
7723,7723009,52076,2.622275
7724,7724011,30951,1.558531
7725,7725011,12947,0.651943
7726,7726013,22949,1.155592
7727,7727015,47163,2.374882
7728,7728008,52076,2.622275
7729,7729012,30871,1.554502
7730,7730015,12867,0.647915
7731,7731010,22901,1.153175
7732,7732011,47067,2.370048
7733,7733012,52012,2.619052
7734,7734014,30855,1.553696
7735,7735015,12899,0.649526
7736,7736009,22869,1.151563
7737,7737012,47131,2.373271
7738,7738008,52076,2.622275
7739,7739010,30935,1.557725
7740,7740012,12947,0.651943
7741,7741013,22965,1.156397
7742,7742015,47131,2.373271
7743,7743009,52092,2.623081
7744,7744010,30919,1.556919
7745,7745013,12979,0.653555
7746,7746009,22805,1.148341
7747,7747012,47051,2.369242
7748,7748014,52044,2.620664
7749,7749016,30823,1.552085
7750,7750010,12947,0.651943
7751,7751011,22885,1.152369
7752,7752013,47163,2.374882
7753,7753010,52028,2.619858
7754,7754012,30903,1.556114
7755,7755013,12899,0.649526
7756,7756015,23093,1.162843
7757,7757009,47035,2.368436
7758,7758011,51980,2.617441
7759,7759012,30887,1.555308
7760,7760013,12931,0.651138
7761,7761011,22949,1.155592
7762,7762013,47147,2.374076
7763,7763008,52124,2.624692
7764,7764009,30983,1.560142
7765,7765011,12963,0.652749
7766,7766012,22949,1.155592
7767,7767013,47179,2.375688
7768,7768015,51996,2.618246
7769,7769012,30903,1.556114
7770,7770014,12867,0.647915
7771,7771009,22869,1.151563
7772,7772011,47115,2.372465
7773,7773011,52012,2.619052
7774,7774013,30871,1.554502
7775,7775015,12915,0.650332
7776,7776009,22869,1.151563
7777,7777015,47163,2.374882
7778,7778009,52124,2.624692
7779,7779011,30935,1.557725
7780,7780013,12947,0.651943
7781,7781014,22981,1.157203
7782,7782015,47147,2.374076
7783,7783009,52060,2.621469
7784,7784010,30951,1.558531
7785,7785008,12979,0.653555
7786,7786010,22885,1.152369
7787,7787011,47163,2.374882
7788,7788013,51996,2.618246
7789,7789015,30855,1.553696
7790,7790009,12947,0.651943
7791,7791010,22837,1.149952
7792,7792011,47051,2.369242
7793,7793008,52076,2.622275
7794,7794011,30919,1.556919
7795,7795012,12931,0.651138
7796,7796014,22949,1.155592
7797,7797015,47179,2.375688
7798,7798009,52060,2.621469
7799,7799011,30935,1.557725
7800,7800012,12947,0.651943
7801,7801011,22997,1.158009
7802,7802013,47163,2.374882
7803,7803014,51996,2.618246
7804,7804015,30823,1.552085
7805,7805009,12947,0.651943
7806,7806010,22917,1.153980
7807,7807011,47067,2.370048
7808,7808012,52060,2.621469
7809,7809012,30903,1.556114
7810,7810015,12947,0.651943
7811,7811009,22837,1.149952
7812,7812010,47099,2.371659
7813,7813012,51980,2.617441
7814,7814014,30839,1.552891
7815,7815008,12979,0.653555
7816,7816010,22901,1.153175
7817,7817009,47051,2.369242
7818,7818012,52044,2.620664
7819,7819013,30855,1.553696
7820,7820015,12915,0.650332
7821,7821009,22885,1.152369
7822,7822011,47115,2.372465
7823,7823012,52028,2.619858
7824,7824013,30871,1.554502
7825,7825011,12947,0.651943
7826,7826014,22981,1.157203
7827,7827008,47051,2.369242
7828,7828010,52060,2.621469
7829,7829011,31015,1.561753
7830,7830012,12979,0.653555
7831,7831014,22949,1.155592
7832,7832015,47115,2.372465
7833,7833013,52044,2.620664
7834,7834016,30807,1.551279
7835,7835009,12931,0.651138
7836,7836011,22933,1.154786
7837,7837012,47115,2.372465
7838,7838013,52028,2.619858
7839,7839015,30823,1.552085
7840,7840009,13011,0.655166
7841,7841008,22821,1.149146
7842,7842011,47115,2.372465
7843,7843012,52028,2.619858
7844,7844013,30919,1.556919
7845,7845014,12931,0.651138
7846,7846015,22981,1.157203
7847,7847008,47035,2.368436
7848,7848010,52124,2.624692
7849,7849011,30919,1.556919
7850,7850013,12915,0.650332
7851,7851014,22949,1.155592
7852,7852016,47147,2.374076
7853,7853010,52076,2.622275
7854,7854011,30951,1.558531
7855,7855012,12883,0.648720
7856,7856013,22949,1.155592
7857,7857013,47147,2.374076
7858,7858015,51996,2.618246
7859,7859009,30983,1.560142
7860,7860010,12931,0.651138
7861,7861012,22917,1.153980
7862,7862013,47147,2.374076
7863,7863014,51996,2.618246
7864,7864015,30791,1.550474
7865,7865015,12931,0.651138
7866,7866010,22869,1.151563
7867,7867011,47067,2.370048
7868,7868013,52012,2.619052
7869,7869014,30871,1.554502
7870,7870009,12931,0.651138
7871,7871010,22901,1.153175
7872,7872011,47115,2.372465
7873,7873013,51980,2.617441
7874,7874014,30871,1.554502
7875,7875015,12915,0.650332
7876,7876010,22965,1.156397
7877,7877012,47115,2.372465
7878,7878014,52028,2.619858
7879,7879008,30967,1.559336
7880,7880009,12947,0.651943
7881,7881011,22917,1.153980
7882,7882014,47163,2.374882
7883,7883015,51996,2.618246
7884,7884009,30967,1.559336
7885,7885011,12979,0.653555
7886,7886012,22901,1.153175
7887,7887013,47179,2.375688
7888,7888015,51948,2.615830
7889,7889016,30855,1.553696
7890,7890011,12947,0.651943
7891,7891012,22901,1.153175
7892,7892014,47179,2.375688
7893,7893016,51996,2.618246
7894,7894010,30935,1.557725
7895,7895011,12931,0.651138
7896,7896013,22965,1.156397
7897,7897015,47147,2.374076
7898,7898012,52044,2.620664
7899,7899014,30855,1.553696
7900,7900015,12931,0.651138
7901,7901009,22869,1.151563
7902,7902010,47067,2.370048
7903,7903012,52044,2.620664
7904,7904013,30871,1.554502
7905,7905015,12947,0.651943
7906,7906009,22901,1.153175
7907,7907011,47131,2.373271
7908,7908012,52028,2.619858
7909,7909014,30903,1.556114
7910,7910015,12931,0.651138
7911,7911009,22853,1.150758
7912,7912011,47067,2.370048
7913,7913013,52044,2.620664
7914,7914015,30871,1.554502
7915,7915009,12931,0.651138
7916,7916010,22933,1.154786
7917,7917012,47083,2.370854
7918,7918013,51996,2.618246
7919,7919015,30839,1.552891
7920,7920009,12931,0.651138
7921,7921012,22949,1.155592
7922,7922009,47003,2.366825
7923,7923011,52124,2.624692
7924,7924012,30903,1.556114
7925,7925014,12947,0.651943
7926,7926015,22997,1.158009
7927,7927009,47067,2.370048
7928,7928011,52028,2.619858
7929,7929013,30887,1.555308
7930,7930016,12899,0.649526
7931,7931009,22869,1.151563
7932,7932011,47067,2.370048
7933,7933012,52044,2.620664
7934,7934013,30887,1.555308
7935,7935015,12899,0.649526
7936,7936009,22869,1.151563
7937,7937011,46987,2.366020
7938,7938012,52044,2.620664
7939,7939013,30855,1.553696
7940,7940015,12947,0.651943
7941,7941010,22933,1.154786
7942,7942012,47083,2.370854
7943,7943012,51980,2.617441
7944,7944014,30871,1.554502
7945,7945009,12963,0.652749
7946,7946011,22869,1.151563
7947,7947014,47163,2.374882
7948,7948015,52028,2.619858
7949,7949009,30967,1.559336
7950,7950011,12963,0.652749
7951,7951012,22885,1.152369
7952,7952013,47131,2.373271
7953,7953008,52012,2.619052
7954,7954011,30983,1.560142
7955,7955013,12899,0.649526
7956,7956014,23013,1.158814
7957,7957009,47019,2.367631
7958,7958010,52060,2.621469
7959,7959011,30919,1.556919
7960,7960012,12947,0.651943
7961,7961015,22997,1.158009
7962,7962010,47019,2.367631
7963,7963011,52060,2.621469
7964,7964013,30823,1.552085
7965,7965014,12947,0.651943
7966,7966008,22901,1.153175
7967,7967010,47067,2.370048
7968,7968012,52028,2.619858
7969,7969008,31031,1.562559
7970,7970010,12963,0.652749
7971,7971012,22853,1.150758
7972,7972013,47147,2.374076
7973,7973015,52028,2.619858
7974,7974008,31047,1.563365
7975,7975009,12947,0.651943
7976,7976011,22885,1.152369
7977,7977014,47163,2.374882
7978,7978010,52076,2.622275
7979,7979011,30919,1.556919
7980,7980012,12963,0.652749
7981,7981014,22997,1.158009
7982,7982009,47019,2.367631
7983,7983011,52060,2.621469
7984,7984013,30919,1.556919
7985,7985010,12947,0.651943
7986,7986013,22917,1.153980
7987,7987015,47131,2.373271
7988,7988009,52108,2.623886
7989,7989010,30919,1.556919
7990,7990012,12947,0.651943
7991,7991014,22949,1.155592
7992,7992015,47195,2.376494
7993,7993011,52076,2.622275
7994,7994013,30919,1.556919
7995,7995015,12915,0.650332
7996,7996009,22853,1.150758
7997,7997010,47051,2.369242
7998,7998011,52060,2.621469
7999,7999013,30951,1.558531
8000,8000015,12931,0.651138
8001,8001013,22965,1.156397
8002,8002011,47051,2.369242
8003,8003013,51948,2.615830
8004,8004015,30855,1.553696
8005,8005009,12979,0.653555
8006,8006010,22869,1.151563
8007,8007011,47115,2.372465
8008,8008012,52028,2.619858
8009,8009010,30983,1.560142
8010,8010013,12947,0.651943
8011,8011014,22981,1.157203
8012,8012008,47067,2.370048
8013,8013009,52108,2.623886
8014,8014010,30951,1.558531
8015,8015011,12931,0.651138
8016,8016012,22949,1.155592
8017,8017011,47083,2.370854
8018,8018014,51964,2.616635
8019,8019009,31015,1.561753
8020,8020011,12931,0.651138
8021,8021013,22981,1.157203
8022,8022014,47147,2.374076
8023,8023016,52028,2.619858
8024,8024010,30999,1.560948
8025,8025009,13043,0.656777
8026,8026012,22917,1.153980
8027,8027013,47131,2.373271
8028,8028014,51996,2.618246
8029,8029016,30839,1.552891
8030,8030010,12963,0.652749
8031,8031012,22885,1.152369
8032,8032013,47147,2.374076
8033,8033013,52028,2.619858
8034,8034016,30839,1.552891
8035,8035009,12931,0.651138
8036,8036011,22885,1.152369
8037,8037012,47115,2.372465
8038,8038013,51996,2.618246
8039,8039015,30855,1.553696
8040,8040016,12915,0.650332
8041,8041014,22997,1.158009
8042,8042011,47115,2.372465
8043,8043012,52044,2.620664
8044,8044013,30887,1.555308
8045,8045015,12947,0.651943
8046,8046009,22853,1.150758
8047,8047010,47035,2.368436
8048,8048012,52044,2.620664
8049,8049012,30935,1.557725
8050,8050016,12931,0.651138
8051,8051010,22837,1.149952
8052,8052012,47083,2.370854
8053,8053013,51996,2.618246
8054,8054016,30791,1.550474
8055,8055010,12931,0.651138
8056,8056011,22933,1.154786
8057,8057009,47035,2.368436
8058,8058011,52092,2.623081
8059,8059012,30887,1.555308
8060,8060013,12931,0.651138
8061,8061014,22965,1.156397
8062,8062009,47035,2.368436
8063,8063009,52076,2.622275
8064,8064011,30999,1.560948
8065,8065010,12979,0.653555
8066,8066013,22965,1.156397
8067,8067015,47131,2.373271
8068,8068015,51996,2.618246
8069,8069010,30983,1.560142
8070,8070011,12947,0.651943
8071,8071012,22885,1.152369
8072,8072013,47179,2.375688
8073,8073013,51996,2.618246
8074,8074010,30999,1.560948
8075,8075011,12931,0.651138
8076,8076012,22917,1.153980
8077,8077014,47115,2.372465
8078,8078015,52012,2.619052
8079,8079010,30935,1.557725
8080,8080011,12963,0.652749
8081,8081010,22901,1.153175
8082,8082012,47115,2.372465
8083,8083013,52028,2.619858
8084,8084015,30871,1.554502
8085,8085009,12963,0.652749
8086,8086010,22853,1.150758
8087,8087012,47147,2.374076
8088,8088013,52012,2.619052
8089,8089014,30887,1.555308
8090,8090009,12995,0.654360
8091,8091011,22901,1.153175
8092,8092012,47147,2.374076
8093,8093014,51996,2.618246
8094,8094015,30871,1.554502
8095,8095009,13011,0.655166
8096,8096011,22933,1.154786
8097,8097010,47035,2.368436
8098,8098012,52060,2.621469
8099,8099013,30871,1.554502
8100,8100015,12931,0.651138
8101,8101009,22869,1.151563
8102,8102010,47019,2.367631
8103,8103011,52156,2.626304
8104,8104011,30967,1.559336
8105,8105013,12899,0.649526
8106,8106008,22853,1.150758
8107,8107009,47035,2.368436
8108,8108011,52060,2.621469
8109,8109012,30919,1.556919
8110,8110014,12915,0.650332
8111,8111015,22965,1.156397
8112,8112008,46987,2.366020
8113,8113010,52140,2.625498
8114,8114013,30919,1.556919
8115,8115015,12931,0.651138
8116,8116009,22853,1.150758
8117,8117011,47083,2.370854
8118,8118012,52028,2.619858
8119,8119014,30871,1.554502
8120,8120015,12931,0.651138
8121,8121009,22853,1.150758
8122,8122012,47051,2.369242
8123,8123013,51964,2.616635
8124,8124016,30839,1.552891
8125,8125009,13059,0.657583
8126,8126011,22885,1.152369
8127,8127012,47083,2.370854
8128,8128014,52012,2.619052
8129,8129015,30807,1.551279
8130,8130010,12931,0.651138
8131,8131012,22933,1.154786
8132,8132014,47131,2.373271
8133,8133015,52012,2.619052
8134,8134008,31047,1.563365
8135,8135010,12947,0.651943
8136,8136010,22885,1.152369
8137,8137012,47083,2.370854
8138,8138009,52076,2.622275
8139,8139011,30935,1.557725
8140,8140013,12931,0.651138
8141,8141014,22949,1.155592
8142,8142009,47051,2.369242
8143,8143010,52012,2.619052
8144,8144012,30935,1.557725
8145,8145014,12931,0.651138
8146,8146010,22917,1.153980
8147,8147012,47115,2.372465
8148,8148014,52108,2.623886
8149,8149015,30871,1.554502
8150,8150009,12963,0.652749
8151,8151009,22837,1.149952
8152,8152011,47083,2.370854
8153,8153012,52060,2.621469
8154,8154015,30919,1.556919
8155,8155009,12947,0.651943
8156,8156010,22869,1.151563
8157,8157012,47115,2.372465
8158,8158013,52012,2.619052
8159,8159015,30839,1.552891
8160,8160008,12995,0.654360
8161,8161010,22885,1.152369
8162,8162013,47131,2.373271
8163,8163014,51964,2.616635
8164,8164009,30999,1.560948
8165,8165010,12883,0.648720
8166,8166011,22901,1.153175
8167,8167013,47131,2.373271
8168,8168015,51996,2.618246
8169,8169010,30983,1.560142
8170,8170014,12915,0.650332
8171,8171008,22837,1.149952
8172,8172010,47019,2.367631
8173,8173011,52028,2.619858
8174,8174012,30903,1.556114
8175,8175014,12979,0.653555
8176,8176015,22997,1.158009
8177,8177010,47067,2.370048
8178,8178013,52060,2.621469
8179,8179015,30807,1.551279
8180,8180010,13011,0.655166
8181,8181011,22901,1.153175
8182,8182013,47115,2.372465
8183,8183013,52044,2.620664
8184,8184008,31047,1.563365
8185,8185012,12963,0.652749
8186,8186014,22949,1.155592
8187,8187016,47131,2.373271
8188,8188009,52124,2.624692
8189,8189010,30967,1.559336
8190,8190011,12947,0.651943
8191,8191013,22869,1.151563
8192,8192014,47099,2.371659
8193,8193010,52076,2.622275
8194,8194011,30855,1.553696
8195,8195013,12931,0.651138
8196,8196014,22981,1.157203
8197,8197015,47163,2.374882
8198,8198008,52076,2.622275
8199,8199010,30983,1.560142
8200,8200011,12963,0.652749
8201,8201016,22965,1.156397
8202,8202011,47099,2.371659
8203,8203013,51996,2.618246
8204,8204015,30855,1.553696
8205,8205009,12963,0.652749
8206,8206010,22837,1.149952
8207,8207011,47115,2.372465
8208,8208013,52012,2.619052
8209,8209011,30935,1.557725
8210,8210015,12931,0.651138
8211,8211009,22805,1.148341
8212,8212011,47115,2.372465
8213,8213012,52044,2.620664
8214,8214013,30839,1.552891
8215,8215015,12915,0.650332
8216,8216009,22853,1.150758
8217,8217014,47163,2.374882
8218,8218009,52060,2.621469
8219,8219010,30951,1.558531
8220,8220012,12915,0.650332
8221,8221014,22933,1.154786
8222,8222015,47163,2.374882
8223,8223009,52060,2.621469
8224,8224010,30999,1.560948
8225,8225015,12915,0.650332
8226,8226013,22933,1.154786
8227,8227014,47147,2.374076
8228,8228015,52028,2.619858
8229,8229009,31031,1.562559
8230,8230010,12995,0.654360
8231,8231012,22853,1.150758
8232,8232012,47115,2.372465
8233,8233009,52060,2.621469
8234,8234012,30903,1.556114
8235,8235014,12899,0.649526
8236,8236015,22981,1.157203
8237,8237010,47083,2.370854
8238,8238012,52076,2.622275
8239,8239013,30887,1.555308
8240,8240015,12963,0.652749
8241,8241013,22885,1.152369
8242,8242016,47131,2.373271
8243,8243009,52012,2.619052
8244,8244010,30967,1.559336
8245,8245011,12947,0.651943
8246,8246013,22933,1.154786
8247,8247015,47179,2.375688
8248,8248009,52092,2.623081
8249,8249014,30855,1.553696
8250,8250009,12947,0.651943
8251,8251011,22901,1.153175
8252,8252013,47131,2.373271
8253,8253015,52012,2.619052
8254,8254009,31015,1.561753
8255,8255010,12947,0.651943
8256,8256012,22901,1.153175
8257,8257011,47115,2.372465
8258,8258013,52060,2.621469
8259,8259015,30855,1.553696
8260,8260009,12963,0.652749
8261,8261009,22869,1.151563
8262,8262011,47003,2.366825
8263,8263012,51996,2.618246
8264,8264014,30951,1.558531
8265,8265012,12931,0.651138
8266,8266014,22997,1.158009
8267,8267016,47131,2.373271
8268,8268010,52108,2.623886
8269,8269011,30919,1.556919
8270,8270013,12915,0.650332
8271,8271014,22997,1.158009
8272,8272015,47115,2.372465
8273,8273015,52044,2.620664
8274,8274013,30919,1.556919
8275,8275013,12899,0.649526
8276,8276015,22965,1.156397
8277,8277009,47019,2.367631
8278,8278010,52140,2.625498
8279,8279011,30951,1.558531
8280,8280013,12931,0.651138
8281,8281012,22933,1.154786
8282,8282014,47131,2.373271
8283,8283009,52140,2.625498
8284,8284010,30999,1.560948
8285,8285011,12947,0.651943
8286,8286013,23013,1.158814
8287,8287014,47147,2.374076
8288,8288015,51996,2.618246
8289,8289015,30903,1.556114
8290,8290008,12963,0.652749
8291,8291009,22837,1.149952
8292,8292011,47147,2.374076
8293,8293011,52076,2.622275
8294,8294013,30855,1.553696
8295,8295014,12931,0.651138
8296,8296015,22965,1.156397
8297,8297014,47179,2.375688
8298,8298009,52140,2.625498
8299,8299010,30983,1.560142
8300,8300011,12963,0.652749
8301,8301012,22933,1.154786
8302,8302014,47083,2.370854
8303,8303015,52092,2.623081
8304,8304009,30999,1.560948
8305,8305009,12963,0.652749
8306,8306010,22837,1.149952
8307,8307012,47067,2.370048
8308,8308013,52028,2.619858
8309,8309014,30871,1.554502
8310,8310008,12979,0.653555
8311,8311011,22837,1.149952
8312,8312011,47115,2.372465
8313,8313012,52012,2.619052
8314,8314015,30807,1.551279
8315,8315009,12963,0.652749
8316,8316011,22917,1.153980
8317,8317014,47067,2.370048
8318,8318015,52028,2.619858
8319,8319010,31015,1.561753
8320,8320011,12947,0.651943
8321,8321012,23029,1.159620
8322,8322008,47051,2.369242
8323,8323009,52076,2.622275
8324,8324011,30999,1.560948
8325,8325012,12995,0.654360
8326,8326013,22949,1.155592
8327,8327015,47147,2.374076
8328,8328009,52044,2.620664
8329,8329009,31015,1.561753
8330,8330012,12931,0.651138
8331,8331014,22949,1.155592
8332,8332015,47211,2.377299
8333,8333009,52092,2.623081
8334,8334010,30999,1.560948
8335,8335012,12931,0.651138
8336,8336013,22917,1.153980
8337,8337014,47179,2.375688
8338,8338011,52012,2.619052
8339,8339013,30903,1.556114
8340,8340014,12931,0.651138
8341,8341015,23013,1.158814
8342,8342010,47083,2.370854
8343,8343011,52028,2.619858
8344,8344012,30967,1.559336
8345,8345012,12931,0.651138
8346,8346014,22949,1.155592
8347,8347008,47035,2.368436
8348,8348010,52044,2.620664
8349,8349011,30983,1.560142
8350,8350012,12995,0.654360
8351,8351014,22933,1.154786
8352,8352015,47115,2.372465
8353,8353009,52108,2.623886
8354,8354011,30999,1.560948
8355,8355012,12947,0.651943
8356,8356013,22917,1.153980
8357,8357015,47195,2.376494
8358,8358008,52060,2.621469
8359,8359010,30983,1.560142
8360,8360011,12947,0.651943
8361,8361014,22981,1.157203
8362,8362010,47067,2.370048
8363,8363012,51980,2.617441
8364,8364013,31015,1.561753
8365,8365014,12931,0.651138
8366,8366015,22933,1.154786
8367,8367009,47019,2.367631
8368,8368010,52108,2.623886
8369,8369011,30951,1.558531
8370,8370014,12867,0.647915
8371,8371016,23093,1.162843
8372,8372010,47035,2.368436
8373,8373010,51916,2.614218
8374,8374012,30887,1.555308
8375,8375013,12931,0.651138
8376,8376014,22933,1.154786
8377,8377009,47019,2.367631
8378,8378011,52044,2.620664
8379,8379012,30903,1.556114
8380,8380014,12867,0.647915
8381,8381015,22981,1.157203
8382,8382009,46955,2.364408
8383,8383010,52012,2.619052
8384,8384012,31063,1.564170
8385,8385014,12931,0.651138
8386,8386009,22853,1.150758
8387,8387010,47051,2.369242
8388,8388011,52076,2.622275
8389,8389013,30919,1.556919
8390,8390014,12931,0.651138
8391,8391008,22741,1.145118
8392,8392010,47035,2.368436
8393,8393013,52060,2.621469
8394,8394009,31015,1.561753
8395,8395010,12947,0.651943
8396,8396012,22949,1.155592
8397,8397013,47179,2.375688
8398,8398015,52060,2.621469
8399,8399008,31015,1.561753
8400,8400010,12963,0.652749
8401,8401012,22965,1.156397
8402,8402014,47083,2.370854
8403,8403015,51996,2.618246
8404,8404009,30999,1.560948
8405,8405012,13011,0.655166
8406,8406013,22885,1.152369
8407,8407014,47147,2.374076
8408,8408009,51980,2.617441
8409,8409013,30919,1.556919
8410,8410008,12963,0.652749
8411,8411009,22821,1.149146
8412,8412010,47067,2.370048
8413,8413011,52124,2.624692
8414,8414012,30919,1.556919
8415,8415014,12915,0.650332
8416,8416015,23029,1.159620
8417,8417011,47035,2.368436
8418,8418015,52012,2.619052
8419,8419008,30983,1.560142
8420,8420010,12963,0.652749
8421,8421011,22933,1.154786
8422,8422013,47083,2.370854
8423,8423014,52076,2.622275
8424,8424015,30855,1.553696
8425,8425011,12931,0.651138
8426,8426014,22965,1.156397
8427,8427015,47179,2.375688
8428,8428009,52060,2.621469
8429,8429011,30983,1.560142
8430,8430012,12947,0.651943
8431,8431014,22917,1.153980
8432,8432016,47195,2.376494
8433,8433011,52092,2.623081
8434,8434012,30919,1.556919
8435,8435014,12915,0.650332
8436,8436015,22965,1.156397
8437,8437009,47067,2.370048
8438,8438011,52028,2.619858
8439,8439011,30935,1.557725
8440,8440014,12947,0.651943
8441,8441011,22869,1.151563
8442,8442015,47211,2.377299
8443,8443009,52060,2.621469
8444,8444010,30999,1.560948
8445,8445012,12979,0.653555
8446,8446013,22917,1.153980
8447,8447015,47147,2.374076
8448,8448016,52028,2.619858
8449,8449013,30903,1.556114
8450,8450015,12931,0.651138
8451,8451009,22853,1.150758
8452,8452010,46859,2.359574
8453,8453012,52028,2.619858
8454,8454014,30935,1.557725
8455,8455016,12915,0.650332
8456,8456009,22853,1.150758
8457,8457014,47195,2.376494
8458,8458009,52076,2.622275
8459,8459010,30983,1.560142
8460,8460011,12963,0.652749
8461,8461013,22901,1.153175
8462,8462014,47083,2.370854
8463,8463008,52060,2.621469
8464,8464010,31015,1.561753
8465,8465009,12947,0.651943
8466,8466010,22837,1.149952
8467,8467012,47083,2.370854
8468,8468013,52028,2.619858
8469,8469015,30919,1.556919
8470,8470010,12947,0.651943
8471,8471011,22885,1.152369
8472,8472012,47115,2.372465
8473,8473010,52140,2.625498
8474,8474014,30887,1.555308
8475,8475015,12931,0.651138
8476,8476009,22885,1.152369
8477,8477011,47051,2.369242
8478,8478013,52060,2.621469
8479,8479015,30887,1.555308
8480,8480009,12979,0.653555
8481,8481015,23013,1.158814
8482,8482010,47051,2.369242
8483,8483012,52060,2.621469
8484,8484013,30903,1.556114
8485,8485014,12947,0.651943
8486,8486016,22965,1.156397
8487,8487009,46987,2.366020
8488,8488011,52124,2.624692
8489,8489010,30967,1.559336
8490,8490012,12931,0.651138
8491,8491013,22901,1.153175
8492,8492014,47147,2.374076
8493,8493008,52076,2.622275
8494,8494009,31031,1.562559
8495,8495010,12947,0.651943
8496,8496011,22901,1.153175
8497,8497009,47067,2.370048
8498,8498013,52044,2.620664
8499,8499015,30823,1.552085
8500,8500008,12979,0.653555
8501,8501009,22853,1.150758
8502,8502010,47035,2.368436
8503,8503011,52108,2.623886
8504,8504013,30919,1.556919
8505,8505012,12899,0.649526
8506,8506014,22917,1.153980
8507,8507009,47003,2.366825
8508,8508010,52092,2.623081
8509,8509012,30935,1.557725
8510,8510013,12931,0.651138
8511,8511014,22981,1.157203
8512,8512008,47003,2.366825
8513,8513014,52044,2.620664
8514,8514010,30983,1.560142
8515,8515012,12963,0.652749
8516,8516013,22981,1.157203
8517,8517008,46987,2.366020
8518,8518009,52124,2.624692
8519,8519010,30999,1.560948
8520,8520012,12963,0.652749
8521,8521012,22853,1.150758
8522,8522015,47115,2.372465
8523,8523009,52028,2.619858
8524,8524011,30983,1.560142
8525,8525013,12915,0.650332
8526,8526015,22965,1.156397
8527,8527009,47019,2.367631
8528,8528010,52060,2.621469
8529,8529010,30967,1.559336
8530,8530013,12915,0.650332
8531,8531014,22933,1.154786
8532,8532008,46971,2.365214
8533,8533010,52092,2.623081
8534,8534012,30919,1.556919
8535,8535013,12931,0.651138
8536,8536015,22965,1.156397
8537,8537014,47083,2.370854
8538,8538008,52076,2.622275
8539,8539010,30999,1.560948
8540,8540011,12931,0.651138
8541,8541013,22917,1.153980
8542,8542013,47115,2.372465
8543,8543015,51932,2.615024
8544,8544009,31079,1.564976
8545,8545008,12963,0.652749
8546,8546010,22853,1.150758
8547,8547012,47195,2.376494
8548,8548014,51996,2.618246
8549,8549015,30887,1.555308
8550,8550008,12899,0.649526
8551,8551010,22837,1.149952
8552,8552011,47099,2.371659
8553,8553012,52028,2.619858
8554,8554009,30999,1.560948
8555,8555010,12947,0.651943
8556,8556011,22965,1.156397
8557,8557013,47179,2.375688
8558,8558015,51916,2.614218
8559,8559009,31015,1.561753
8560,8560011,12979,0.653555
8561,8561012,22885,1.152369
8562,8562015,47099,2.371659
8563,8563009,52092,2.623081
8564,8564011,30983,1.560142
8565,8565012,12963,0.652749
8566,8566013,22917,1.153980
8567,8567015,47163,2.374882
8568,8568009,52124,2.624692
8569,8569009,31031,1.562559
8570,8570013,12947,0.651943
8571,8571014,22885,1.152369
8572,8572015,47163,2.374882
8573,8573009,52108,2.623886
8574,8574009,31015,1.561753
8575,8575011,12947,0.651943
8576,8576011,22917,1.153980
8577,8577013,47131,2.373271
8578,8578015,52028,2.619858
8579,8579009,31047,1.563365
8580,8580010,13011,0.655166
8581,8581012,22869,1.151563
8582,8582013,47083,2.370854
8583,8583015,51980,2.617441
8584,8584009,31031,1.562559
8585,8585009,12979,0.653555
8586,8586013,22869,1.151563
8587,8587015,47083,2.370854
8588,8588009,52028,2.619858
8589,8589010,30983,1.560142
8590,8590012,12979,0.653555
8591,8591014,22965,1.156397
8592,8592008,47195,2.376494
8593,8593010,52140,2.625498
8594,8594013,30903,1.556114
8595,8595015,12915,0.650332
8596,8596010,22885,1.152369
8597,8597011,47035,2.368436
8598,8598011,52060,2.621469
8599,8599013,30823,1.552085
8600,8600014,12979,0.653555
8601,8601010,22885,1.152369
8602,8602014,47115,2.372465
8603,8603015,51996,2.618246
8604,8604010,31031,1.562559
8605,8605011,12979,0.653555
8606,8606013,22917,1.153980
8607,8607014,47099,2.371659
8608,8608008,52076,2.622275
8609,8609010,30983,1.560142
8610,8610013,12931,0.651138
8611,8611014,23029,1.159620
8612,8612016,47179,2.375688
8613,8613009,52076,2.622275
8614,8614010,30967,1.559336
8615,8615013,12851,0.647109
8616,8616014,22949,1.155592
8617,8617016,47163,2.374882
8618,8618010,52140,2.625498
8619,8619011,30967,1.559336
8620,8620013,12963,0.652749
8621,8621014,22933,1.154786
8622,8622009,46923,2.362797
8623,8623010,52060,2.621469
8624,8624012,30951,1.558531
8625,8625015,12931,0.651138
8626,8626010,22837,1.149952
8627,8627012,47051,2.369242
8628,8628013,51980,2.617441
8629,8629015,30807,1.551279
8630,8630009,12883,0.648720
8631,8631010,22805,1.148341
8632,8632011,47051,2.369242
8633,8633015,52012,2.619052
8634,8634011,30967,1.559336
8635,8635012,12963,0.652749
8636,8636013,22917,1.153980
8637,8637014,47131,2.373271
8638,8638015,51996,2.618246
8639,8639009,30935,1.557725
8640,8640011,12979,0.653555
8641,8641014,22917,1.153980
8642,8642009,47019,2.367631
8643,8643010,52044,2.620664
8644,8644012,30951,1.558531
8645,8645013,13011,0.655166
8646,8646014,22949,1.155592
8647,8647015,47131,2.373271
8648,8648008,52028,2.619858
8649,8649012,30951,1.558531
8650,8650009,12947,0.651943
8651,8651010,22821,1.149146
8652,8652011,47051,2.369242
8653,8653013,52124,2.624692
8654,8654014,30871,1.554502
8655,8655015,12899,0.649526
8656,8656009,22837,1.149952
8657,8657012,47131,2.373271
8658,8658014,52140,2.625498
8659,8659016,30855,1.553696
8660,8660010,12947,0.651943
8661,8661012,22869,1.151563
8662,8662013,47115,2.372465
8663,8663015,51996,2.618246
8664,8664009,30999,1.560948
8665,8665013,12947,0.651943
8666,8666014,22965,1.156397
8667,8667016,47179,2.375688
8668,8668010,52076,2.622275
8669,8669011,30983,1.560142
8670,8670012,12947,0.651943
8671,8671014,22949,1.155592
8672,8672015,47163,2.374882
8673,8673011,52044,2.620664
8674,8674014,30855,1.553696
8675,8675009,12931,0.651138
8676,8676011,22917,1.153980
8677,8677013,47083,2.370854
8678,8678014,52044,2.620664
8679,8679015,30887,1.555308
8680,8680009,12963,0.652749
8681,8681014,22965,1.156397
8682,8682009,47083,2.370854
8683,8683011,52060,2.621469
8684,8684012,30951,1.558531
8685,8685013,12963,0.652749
8686,8686014,22965,1.156397
8687,8687009,47003,2.366825
8688,8688011,52172,2.627109
8689,8689009,31143,1.568199
8690,8690012,12963,0.652749
8691,8691014,22949,1.155592
8692,8692015,47179,2.375688
8693,8693009,52012,2.619052
8694,8694010,30999,1.560948
8695,8695012,12931,0.651138
8696,8696013,22933,1.154786
8697,8697010,47067,2.370048
8698,8698015,52012,2.619052
8699,8699009,31015,1.561753
8700,8700010,12947,0.651943
8701,8701012,22901,1.153175
8702,8702014,47147,2.374076
8703,8703015,51980,2.617441
8704,8704009,30983,1.560142
8705,8705014,12963,0.652749
8706,8706009,22821,1.149146
8707,8707010,47019,2.367631
8708,8708012,52044,2.620664
8709,8709013,30983,1.560142
8710,8710015,12899,0.649526
8711,8711016,22965,1.156397
8712,8712010,47019,2.367631
8713,8713016,52060,2.621469
8714,8714012,30983,1.560142
8715,8715013,12947,0.651943
8716,8716015,22949,1.155592
8717,8717008,47019,2.367631
8718,8718009,52076,2.622275
8719,8719011,31015,1.561753
8720,8720013,12963,0.652749
8721,8721010,22869,1.151563
8722,8722013,47083,2.370854
8723,8723014,52060,2.621469
8724,8724009,31143,1.568199
8725,8725011,13011,0.655166
8726,8726013,22917,1.153980
8727,8727014,47179,2.375688
8728,8728015,51996,2.618246
8729,8729016,30839,1.552891
8730,8730011,13011,0.655166
8731,8731013,22885,1.152369
8732,8732008,47067,2.370048
8733,8733009,52060,2.621469
8734,8734011,30999,1.560948
8735,8735012,12963,0.652749
8736,8736014,22853,1.150758
8737,8737013,47227,2.378105
8738,8738014,52012,2.619052
8739,8739009,31079,1.564976
8740,8740010,12995,0.654360
8741,8741011,22917,1.153980
8742,8742013,47131,2.373271
8743,8743015,52012,2.619052
8744,8744009,31031,1.562559
8745,8745016,12931,0.651138
8746,8746011,22853,1.150758
8747,8747012,47147,2.374076
8748,8748014,52076,2.622275
8749,8749016,30855,1.553696
8750,8750009,12979,0.653555
8751,8751012,22885,1.152369
8752,8752014,47115,2.372465
8753,8753014,52060,2.621469
8754,8754010,30983,1.560142
8755,8755013,12931,0.651138
8756,8756015,22981,1.157203
8757,8757009,47003,2.366825
8758,8758011,52028,2.619858
8759,8759012,30839,1.552891
8760,8760014,12963,0.652749
8761,8761012,22933,1.154786
8762,8762015,47163,2.374882
8763,8763016,52028,2.619858
8764,8764010,31047,1.563365
8765,8765012,12947,0.651943
8766,8766013,22885,1.152369
8767,8767015,47163,2.374882
8768,8768009,52060,2.621469
8769,8769009,30999,1.560948
8770,8770013,12995,0.654360
8771,8771014,22981,1.157203
8772,8772015,47147,2.374076
8773,8773009,52028,2.619858
8774,8774010,31191,1.570616
8775,8775011,12883,0.648720
8776,8776011,22869,1.151563
8777,8777013,47131,2.373271
8778,8778014,52028,2.619858
8779,8779015,30839,1.552891
8780,8780009,13043,0.656777
8781,8781011,22837,1.149952
8782,8782013,47067,2.370048
8783,8783014,52044,2.620664
8784,8784009,30999,1.560948
8785,8785010,12931,0.651138
8786,8786011,22885,1.152369
8787,8787013,47019,2.367631
8788,8788014,52012,2.619052
8789,8789009,31095,1.565782
8790,8790010,12963,0.652749
8791,8791012,22837,1.149952
8792,8792013,47083,2.370854
8793,8793014,52044,2.620664
8794,8794009,30903,1.556114
8795,8795011,12963,0.652749
8796,8796012,22885,1.152369
8797,8797013,47115,2.372465
8798,8798015,52076,2.622275
8799,8799009,30999,1.560948
8800,8800010,13043,0.656777
8801,8801010,22869,1.151563
8802,8802012,47115,2.372465
8803,8803014,52044,2.620664
8804,8804016,30871,1.554502
8805,8805009,12995,0.654360
8806,8806010,22837,1.149952
8807,8807012,47067,2.370048
8808,8808013,52060,2.621469
8809,8809008,31047,1.563365
8810,8810010,13027,0.655972
8811,8811012,22869,1.151563
8812,8812013,47131,2.373271
8813,8813015,52028,2.619858
8814,8814009,30967,1.559336
8815,8815010,12979,0.653555
8816,8816012,22837,1.149952
8817,8817013,47099,2.371659
8818,8818009,52044,2.620664
8819,8819011,30999,1.560948
8820,8820012,12899,0.649526
8821,8821013,22917,1.153980
8822,8822014,47115,2.372465
8823,8823008,52092,2.623081
8824,8824010,31127,1.567393
8825,8825012,12947,0.651943
8826,8826014,22997,1.158009
8827,8827009,47003,2.366825
8828,8828010,52108,2.623886
8829,8829012,31015,1.561753
8830,8830012,12947,0.651943
8831,8831014,22885,1.152369
8832,8832015,47131,2.373271
8833,8833009,52060,2.621469
8834,8834012,30967,1.559336
8835,8835013,12931,0.651138
8836,8836015,22949,1.155592
8837,8837008,47003,2.366825
8838,8838009,51996,2.618246
8839,8839011,30983,1.560142
8840,8840012,12963,0.652749
8841,8841013,22917,1.153980
8842,8842008,47035,2.368436
8843,8843010,52044,2.620664
8844,8844012,31015,1.561753
8845,8845014,12931,0.651138
8846,8846015,22933,1.154786
8847,8847009,47051,2.369242
8848,8848012,52108,2.623886
8849,8849015,30887,1.555308
8850,8850010,12931,0.651138
8851,8851011,22869,1.151563
8852,8852012,47035,2.368436
8853,8853013,52028,2.619858
8854,8854014,30903,1.556114
8855,8855014,12931,0.651138
8856,8856009,22789,1.147535
8857,8857012,47083,2.370854
8858,8858015,51948,2.615830
8859,8859009,31015,1.561753
8860,8860010,13011,0.655166
8861,8861011,22837,1.149952
8862,8862013,47083,2.370854
8863,8863014,52012,2.619052
8864,8864015,30919,1.556919
8865,8865011,12931,0.651138
8866,8866013,22917,1.153980
8867,8867015,47131,2.373271
8868,8868008,52076,2.622275
8869,8869010,31047,1.563365
8870,8870011,12931,0.651138
8871,8871012,22853,1.150758
8872,8872014,47115,2.372465
8873,8873009,52044,2.620664
8874,8874011,30999,1.560948
8875,8875014,12931,0.651138
8876,8876015,22949,1.155592
8877,8877009,47035,2.368436
8878,8878011,52156,2.626304
8879,8879012,30935,1.557725
8880,8880014,12947,0.651943
8881,8881011,22869,1.151563
8882,8882011,47051,2.369242
8883,8883013,52044,2.620664
8884,8884015,30855,1.553696
8885,8885008,12963,0.652749
8886,8886010,22789,1.147535
8887,8887012,47083,2.370854
8888,8888013,51996,2.618246
8889,8889009,30967,1.559336
8890,8890011,12947,0.651943
8891,8891013,22949,1.155592
8892,8892014,47147,2.374076
8893,8893016,51996,2.618246
8894,8894010,31015,1.561753
8895,8895012,12947,0.651943
8896,8896013,22917,1.153980
8897,8897009,47067,2.370048
8898,8898011,52060,2.621469
8899,8899013,30935,1.557725
8900,8900015,12947,0.651943
8901,8901008,22773,1.146729
8902,8902010,47019,2.367631
8903,8903011,52076,2.622275
8904,8904012,30983,1.560142
8905,8905011,12963,0.652749
8906,8906014,22949,1.155592
8907,8907009,47051,2.369242
8908,8908010,52044,2.620664
8909,8909011,31079,1.564976
8910,8910013,12947,0.651943
8911,8911013,22917,1.153980
8912,8912015,47147,2.374076
8913,8913012,52044,2.620664
8914,8914015,30903,1.556114
8915,8915009,12883,0.648720
8916,8916010,22821,1.149146
8917,8917011,47147,2.374076
8918,8918013,52028,2.619858
8919,8919014,30903,1.556114
8920,8920015,13011,0.655166
8921,8921012,22885,1.152369
8922,8922015,47163,2.374882
8923,8923009,52076,2.622275
8924,8924010,31015,1.561753
8925,8925011,12931,0.651138
8926,8926013,22869,1.151563
8927,8927015,47147,2.374076
8928,8928009,52012,2.619052
8929,8929014,30919,1.556919
8930,8930009,12931,0.651138
8931,8931009,22837,1.149952
8932,8932011,46987,2.366020
8933,8933013,51996,2.618246
8934,8934015,30871,1.554502
8935,8935015,12931,0.651138
8936,8936009,22805,1.148341
8937,8937015,47115,2.372465
8938,8938011,52092,2.623081
8939,8939012,30935,1.557725
8940,8940014,12979,0.653555
8941,8941016,22981,1.157203
8942,8942010,46939,2.363603
8943,8943011,52044,2.620664
8944,8944013,30967,1.559336
8945,8945012,13011,0.655166
8946,8946014,22885,1.152369
8947,8947015,47147,2.374076
8948,8948009,52140,2.625498
8949,8949011,30983,1.560142
8950,8950013,12963,0.652749
8951,8951015,22981,1.157203
8952,8952010,47019,2.367631
8953,8953009,52108,2.623886
8954,8954013,30951,1.558531
8955,8955015,12947,0.651943
8956,8956009,22821,1.149146
8957,8957010,47019,2.367631
8958,8958011,52044,2.620664
8959,8959014,30951,1.558531
8960,8960015,12947,0.651943
8961,8961014,22965,1.156397
8962,8962009,47019,2.367631
8963,8963010,52124,2.624692
8964,8964011,30999,1.560948
8965,8965012,12947,0.651943
8966,8966013,22869,1.151563
8967,8967014,47083,2.370854
8968,8968009,52060,2.621469
8969,8969008,31015,1.561753
8970,8970012,12931,0.651138
8971,8971013,22885,1.152369
8972,8972015,47211,2.377299
8973,8973008,52108,2.623886
8974,8974009,30999,1.560948
8975,8975011,12915,0.650332
8976,8976013,22933,1.154786
8977,8977013,47099,2.371659
8978,8978016,51980,2.617441
8979,8979009,31015,1.561753
8980,8980011,12979,0.653555
8981,8981013,22805,1.148341
8982,8982015,47131,2.373271
8983,8983008,52076,2.622275
8984,8984010,30999,1.560948
8985,8985011,12963,0.652749
8986,8986014,22933,1.154786
8987,8987015,47147,2.374076
8988,8988009,52076,2.622275
8989,8989010,30967,1.559336
8990,8990011,12787,0.643886
8991,8991012,22901,1.153175
8992,8992014,47131,2.373271
8993,8993014,52044,2.620664
8994,8994009,31047,1.563365
8995,8995010,12963,0.652749
8996,8996012,22773,1.146729
8997,8997013,47131,2.373271
8998,8998015,52060,2.621469
8999,8999009,31079,1.564976
9000,9000010,12931,0.651138
9001,9001009,22837,1.149952
9002,9002011,47019,2.367631
9003,9003013,52108,2.623886
9004,9004014,30887,1.555308
9005,9005009,12947,0.651943
9006,9006011,22757,1.145924
9007,9007013,47083,2.370854
9008,9008015,52044,2.620664
9009,9009009,31095,1.565782
9010,9010012,12931,0.651138
9011,9011014,22885,1.152369
9012,9012009,46971,2.365214
9013,9013011,52124,2.624692
9014,9014013,30935,1.557725
9015,9015014,12931,0.651138
9016,9016016,23013,1.158814
9017,9017009,46955,2.364408
9018,9018012,52044,2.620664
9019,9019013,30919,1.556919
9020,9020014,12979,0.653555
9021,9021016,22949,1.155592
9022,9022010,47035,2.368436
9023,9023011,52076,2.622275
9024,9024013,30903,1.556114
9025,9025014,12963,0.652749
9026,9026015,22981,1.157203
9027,9027010,46939,2.363603
9028,9028011,52156,2.626304
9029,9029012,30983,1.560142
9030,9030014,12931,0.651138
9031,9031008,22805,1.148341
9032,9032010,47067,2.370048
9033,9033011,52076,2.622275
9034,9034013,30951,1.558531
9035,9035013,12947,0.651943
9036,9036016,22949,1.155592
9037,9037009,47003,2.366825
9038,9038011,52092,2.623081
9039,9039012,30935,1.557725
9040,9040014,12947,0.651943
9041,9041014,22965,1.156397
9042,9042011,47019,2.367631
9043,9043013,51948,2.615830
9044,9044013,30903,1.556114
9045,9045015,12931,0.651138
9046,9046008,22789,1.147535
9047,9047009,47003,2.366825
9048,9048011,52076,2.622275
9049,9049013,30935,1.557725
9050,9050009,12995,0.654360
9051,9051010,22869,1.151563
9052,9052012,47131,2.373271
9053,9053014,52028,2.619858
9054,9054015,30903,1.556114
9055,9055008,12979,0.653555
9056,9056009,22837,1.149952
9057,9057011,47115,2.372465
9058,9058014,51980,2.617441
9059,9059015,30935,1.557725
9060,9060009,12963,0.652749
9061,9061011,22949,1.155592
9062,9062013,47035,2.368436
9063,9063014,52012,2.619052
9064,9064015,30919,1.556919
9065,9065011,12947,0.651943
9066,9066013,22917,1.153980
9067,9067014,47147,2.374076
9068,9068008,52092,2.623081
9069,9069010,30999,1.560948
9070,9070011,12915,0.650332
9071,9071013,22933,1.154786
9072,9072014,47163,2.374882
9073,9073009,52108,2.623886
9074,9074014,30887,1.555308
9075,9075015,12947,0.651943
9076,9076009,22821,1.149146
9077,9077010,47019,2.367631
9078,9078013,52092,2.623081
9079,9079014,30903,1.556114
9080,9080015,12931,0.651138
9081,9081010,22757,1.145924
9082,9082012,47083,2.370854
9083,9083014,52028,2.619858
9084,9084015,30967,1.559336
9085,9085009,12979,0.653555
9086,9086011,22837,1.149952
9087,9087012,47035,2.368436
9088,9088014,52012,2.619052
9089,9089011,30887,1.555308
9090,9090008,12995,0.654360
9091,9091010,22789,1.147535
9092,9092012,47035,2.368436
9093,9093013,52060,2.621469
9094,9094015,30935,1.557725
9095,9095008,13011,0.655166
9096,9096009,22789,1.147535
9097,9097012,47099,2.371659
9098,9098015,51980,2.617441
9099,9099008,31111,1.566587
9100,9100010,12947,0.651943
9101,9101012,22885,1.152369
9102,9102013,47051,2.369242
9103,9103015,52028,2.619858
9104,9104008,31079,1.564976
9105,9105013,12979,0.653555
9106,9106015,22933,1.154786
9107,9107009,46971,2.365214
9108,9108010,52140,2.625498
9109,9109012,30967,1.559336
9110,9110014,12899,0.649526
9111,9111015,22949,1.155592
9112,9112010,47147,2.374076
9113,9113014,52012,2.619052
9114,9114009,31127,1.567393
9115,9115010,12995,0.654360
9116,9116012,22693,1.142701
9117,9117013,47131,2.373271
9118,9118015,52140,2.625498
9119,9119009,31031,1.562559
9120,9120011,12915,0.650332
9121,9121015,22917,1.153980
9122,9122010,47035,2.368436
9123,9123012,52060,2.621469
9124,9124013,30983,1.560142
9125,9125014,12947,0.651943
9126,9126015,22933,1.154786
9127,9127009,46971,2.365214
9128,9128010,52060,2.621469
9129,9129015,30871,1.554502
9130,9130010,12947,0.651943
9131,9131013,22901,1.153175
9132,9132013,47147,2.374076
9133,9133015,52012,2.619052
9134,9134009,30999,1.560948
9135,9135010,13123,0.660806
9136,9136011,22869,1.151563
9137,9137015,47163,2.374882
9138,9138011,52076,2.622275
9139,9139011,30935,1.557725
9140,9140014,12931,0.651138
9141,9141015,22933,1.154786
9142,9142009,46939,2.363603
9143,9143011,52028,2.619858
9144,9144013,30951,1.558531
9145,9145010,12979,0.653555
9146,9146013,22869,1.151563
9147,9147014,47067,2.370048
9148,9148015,52028,2.619858
9149,9149009,31031,1.562559
9150,9150010,12979,0.653555
9151,9151012,22885,1.152369
9152,9152013,47115,2.372465
9153,9153011,52124,2.624692
9154,9154014,30871,1.554502
9155,9155015,12915,0.650332
9156,9156010,22741,1.145118
9157,9157012,47051,2.369242
9158,9158014,52028,2.619858
9159,9159015,30887,1.555308
9160,9160009,12963,0.652749
9161,9161015,22949,1.155592
9162,9162009,46939,2.363603
9163,9163011,52092,2.623081
9164,9164013,30919,1.556919
9165,9165015,12835,0.646303
9166,9166008,22757,1.145924
9167,9167010,47115,2.372465
9168,9168011,52060,2.621469
9169,9169009,31063,1.564170
9170,9170010,12947,0.651943
9171,9171012,22869,1.151563
9172,9172014,47131,2.373271
9173,9173015,52044,2.620664
9174,9174010,30999,1.560948
9175,9175011,12963,0.652749
9176,9176012,22853,1.150758
9177,9177011,47051,2.369242
9178,9178014,52044,2.620664
9179,9179015,30855,1.553696
9180,9180009,12963,0.652749
9181,9181011,22821,1.149146
9182,9182012,47051,2.369242
9183,9183014,52028,2.619858
9184,9184015,30919,1.556919
9185,9185014,13011,0.655166
9186,9186010,22805,1.148341
9187,9187012,47035,2.368436
9188,9188013,52076,2.622275
9189,9189015,30855,1.553696
9190,9190009,13011,0.655166
9191,9191010,22805,1.148341
9192,9192012,47051,2.369242
9193,9193012,52076,2.622275
9194,9194015,30855,1.553696
9195,9195008,12931,0.651138
9196,9196010,22789,1.147535
9197,9197012,47067,2.370048
9198,9198014,52012,2.619052
9199,9199015,30935,1.557725
9200,9200009,12995,0.654360
9201,9201015,22917,1.153980
9202,9202010,47003,2.366825
9203,9203011,52060,2.621469
9204,9204013,31143,1.568199
9205,9205014,12947,0.651943
9206,9206015,22933,1.154786
9207,9207009,47051,2.369242
9208,9208010,52028,2.619858
9209,9209010,31047,1.563365
9210,9210013,12947,0.651943
9211,9211016,23061,1.161231
9212,9212010,46971,2.365214
9213,9213011,52172,2.627109
9214,9214013,30935,1.557725
9215,9215014,12931,0.651138
9216,9216008,22773,1.146729
9217,9217009,46987,2.366020
9218,9218010,52060,2.621469
9219,9219012,30967,1.559336
9220,9220013,12963,0.652749
9221,9221014,22917,1.153980
9222,9222009,47003,2.366825
9223,9223011,52108,2.623886
9224,9224012,30951,1.558531
9225,9225012,12931,0.651138
9226,9226015,22901,1.153175
9227,9227009,47003,2.366825
9228,9228010,52060,2.621469
9229,9229011,30999,1.560948
9230,9230012,12963,0.652749
9231,9231014,22949,1.155592
9232,9232016,47195,2.376494
9233,9233009,52108,2.623886
9234,9234010,30967,1.559336
9235,9235012,12963,0.652749
9236,9236014,22933,1.154786
9237,9237008,46987,2.366020
9238,9238009,52188,2.627915
9239,9239011,31047,1.563365
9240,9240013,12995,0.654360
9241,9241013,22949,1.155592
9242,9242015,47083,2.370854
9243,9243009,52108,2.623886
9244,9244010,30983,1.560142
9245,9245012,12819,0.645498
9246,9246013,22853,1.150758
9247,9247014,47179,2.375688
9248,9248009,52076,2.622275
9249,9249009,31079,1.564976
9250,9250012,12931,0.651138
9251,9251013,22901,1.153175
9252,9252014,47115,2.372465
9253,9253008,52044,2.620664
9254,9254010,30983,1.560142
9255,9255012,12947,0.651943
9256,9256013,22933,1.154786
9257,9257014,47131,2.373271
9258,9258010,52076,2.622275
9259,9259011,31031,1.562559
9260,9260013,12979,0.653555
9261,9261014,22965,1.156397
9262,9262008,47003,2.366825
9263,9263010,52156,2.626304
9264,9264011,30983,1.560142
9265,9265012,12947,0.651943
9266,9266014,22885,1.152369
9267,9267008,46955,2.364408
9268,9268010,52124,2.624692
9269,9269011,30983,1.560142
9270,9270012,12899,0.649526
9271,9271013,22917,1.153980
9272,9272014,47003,2.366825
9273,9273015,51996,2.618246
9274,9274011,31031,1.562559
9275,9275012,12931,0.651138
9276,9276013,22869,1.151563
9277,9277015,47179,2.375688
9278,9278009,51996,2.618246
9279,9279010,30999,1.560948
9280,9280011,12947,0.651943
9281,9281013,22949,1.155592
9282,9282008,46955,2.364408
9283,9283009,52140,2.625498
9284,9284012,31031,1.562559
9285,9285013,12931,0.651138
9286,9286015,22949,1.155592
9287,9287008,47019,2.367631
9288,9288010,52092,2.623081
9289,9289011,30999,1.560948
9290,9290015,12931,0.651138
9291,9291009,22773,1.146729
9292,9292010,46955,2.364408
9293,9293012,52012,2.619052
9294,9294013,31063,1.564170
9295,9295014,12947,0.651943
9296,9296008,22789,1.147535
9297,9297011,47035,2.368436
9298,9298012,52060,2.621469
9299,9299013,30951,1.558531
9300,9300016,12947,0.651943
9301,9301010,22805,1.148341
9302,9302011,47083,2.370854
9303,9303013,51996,2.618246
9304,9304015,30951,1.558531
9305,9305009,12963,0.652749
9306,9306012,22853,1.150758
9307,9307014,47099,2.371659
9308,9308015,52012,2.619052
9309,9309009,31079,1.564976
9310,9310011,12931,0.651138
9311,9311013,22869,1.151563
9312,9312014,47115,2.372465
9313,9313009,52060,2.621469
9314,9314011,30999,1.560948
9315,9315012,12947,0.651943
9316,9316013,22773,1.146729
9317,9317015,47179,2.375688
9318,9318009,52060,2.621469
9319,9319010,30999,1.560948
9320,9320012,12963,0.652749
9321,9321014,22917,1.153980
9322,9322009,46955,2.364408
9323,9323010,52108,2.623886
9324,9324011,30967,1.559336
9325,9325012,12947,0.651943
9326,9326014,22917,1.153980
9327,9327015,47115,2.372465
9328,9328009,52028,2.619858
9329,9329012,30951,1.558531
9330,9330014,12931,0.651138
9331,9331014,22933,1.154786
9332,9332009,46971,2.365214
9333,9333010,52204,2.628720
9334,9334011,30935,1.557725
9335,9335013,13011,0.655166
9336,9336014,22933,1.154786
9337,9337011,47003,2.366825
9338,9338013,52060,2.621469
9339,9339015,30935,1.557725
9340,9340010,12947,0.651943
9341,9341011,22789,1.147535
9342,9342013,47067,2.370048
9343,9343014,52076,2.622275
9344,9344008,31079,1.564976
9345,9345012,12947,0.651943
9346,9346014,22885,1.152369
9347,9347009,47035,2.368436
9348,9348009,52092,2.623081
9349,9349010,30999,1.560948
9350,9350012,12947,0.651943
9351,9351013,22869,1.151563
9352,9352015,47211,2.377299
9353,9353012,52108,2.623886
9354,9354014,30903,1.556114
9355,9355008,12995,0.654360
9356,9356010,22837,1.149952
9357,9357012,47115,2.372465
9358,9358014,52012,2.619052
9359,9359015,30887,1.555308
9360,9360009,13011,0.655166
9361,9361013,22901,1.153175
9362,9362008,46987,2.366020
9363,9363011,52124,2.624692
9364,9364012,30967,1.559336
9365,9365014,12899,0.649526
9366,9366015,22949,1.155592
9367,9367009,47019,2.367631
9368,9368010,52124,2.624692
9369,9369014,30919,1.556919
9370,9370009,12931,0.651138
9371,9371011,22677,1.141895
9372,9372013,47115,2.372465
9373,9373014,52060,2.621469
9374,9374009,31015,1.561753
9375,9375010,12995,0.654360
9376,9376011,22869,1.151563
9377,9377010,46987,2.366020
9378,9378013,52108,2.623886
9379,9379015,30887,1.555308
9380,9380010,13011,0.655166
9381,9381010,22805,1.148341
9382,9382012,47067,2.370048
9383,9383013,52124,2.624692
9384,9384015,30919,1.556919
9385,9385013,12931,0.651138
9386,9386010,22773,1.146729
9387,9387011,47099,2.371659
9388,9388013,51884,2.612607
9389,9389014,30887,1.555308
9390,9390016,12899,0.649526
9391,9391009,22789,1.147535
9392,9392010,47051,2.369242
9393,9393009,52108,2.623886
9394,9394010,31047,1.563365
9395,9395011,12915,0.650332
9396,9396013,22901,1.153175
9397,9397014,47083,2.370854
9398,9398009,52060,2.621469
9399,9399010,31047,1.563365
9400,9400011,12995,0.654360
9401,9401010,22789,1.147535
9402,9402013,47067,2.370048
9403,9403014,51996,2.618246
9404,9404015,30935,1.557725
9405,9405010,12979,0.653555
9406,9406012,22821,1.149146
9407,9407012,47083,2.370854
9408,9408014,52060,2.621469
9409,9409011,30983,1.560142
9410,9410014,12867,0.647915
9411,9411008,22757,1.145924
9412,9412009,47003,2.366825
9413,9413011,52060,2.621469
9414,9414012,30807,1.551279
9415,9415013,13059,0.657583
9416,9416014,22917,1.153980
9417,9417012,47003,2.366825
9418,9418013,52012,2.619052
9419,9419015,30919,1.556919
9420,9420009,12995,0.654360
9421,9421010,22901,1.153175
9422,9422011,47003,2.366825
9423,9423013,52076,2.622275
9424,9424014,30935,1.557725
9425,9425013,12915,0.650332
9426,9426014,22885,1.152369
9427,9427015,47067,2.370048
9428,9428009,51996,2.618246
9429,9429010,30999,1.560948
9430,9430012,13011,0.655166
9431,9431014,22869,1.151563
9432,9432015,47163,2.374882
9433,9433015,51980,2.617441
9434,9434010,31063,1.564170
9435,9435012,13011,0.655166
9436,9436013,22869,1.151563
9437,9437015,47147,2.374076
9438,9438016,52028,2.619858
9439,9439010,31079,1.564976
9440,9440012,12931,0.651138
9441,9441012,22869,1.151563
9442,9442015,47099,2.371659
9443,9443009,52108,2.623886
9444,9444011,31047,1.563365
9445,9445012,12867,0.647915
9446,9446014,22949,1.155592
9447,9447016,47115,2.372465
9448,9448009,52140,2.625498
9449,9449009,30983,1.560142
9450,9450011,12931,0.651138
9451,9451013,22821,1.149146
9452,9452014,47131,2.373271
9453,9453008,52092,2.623081
9454,9454010,31015,1.561753
9455,9455011,12979,0.653555
9456,9456012,22885,1.152369
9457,9457013,47067,2.370048
9458,9458016,51980,2.617441
9459,9459010,31079,1.564976
9460,9460010,12915,0.650332
9461,9461012,22837,1.149952
9462,9462013,47115,2.372465
9463,9463014,52028,2.619858
9464,9464009,31079,1.564976
9465,9465010,12947,0.651943
9466,9466014,22869,1.151563
9467,9467016,47147,2.374076
9468,9468010,52092,2.623081
9469,9469011,31063,1.564170
9470,9470012,12963,0.652749
9471,9471014,22933,1.154786
9472,9472015,47083,2.370854
9473,9473015,52028,2.619858
9474,9474011,31031,1.562559
9475,9475012,12979,0.653555
9476,9476013,22917,1.153980
9477,9477015,47147,2.374076
9478,9478009,52124,2.624692
9479,9479011,31015,1.561753
9480,9480013,12947,0.651943
9481,9481015,22917,1.153980
9482,9482010,46955,2.364408
9483,9483011,52044,2.620664
9484,9484013,30983,1.560142
9485,9485015,12899,0.649526
9486,9486009,22741,1.145118
9487,9487011,47035,2.368436
9488,9488012,51820,2.609384
9489,9489014,30919,1.556919
9490,9490015,12931,0.651138
9491,9491009,22789,1.147535
9492,9492010,47003,2.366825
9493,9493011,52044,2.620664
9494,9494013,30871,1.554502
9495,9495014,12995,0.654360
9496,9496015,22981,1.157203
9497,9497010,47035,2.368436
9498,9498012,52076,2.622275
9499,9499013,30999,1.560948
9500,9500014,12979,0.653555
9501,9501016,22917,1.153980
9502,9502010,46987,2.366020
9503,9503011,52076,2.622275
9504,9504012,30999,1.560948
9505,9505014,12883,0.648720
9506,9506010,22821,1.149146
9507,9507013,47083,2.370854
9508,9508014,52028,2.619858
9509,9509008,31111,1.566587
9510,9510009,12947,0.651943
9511,9511011,22837,1.149952
9512,9512013,47019,2.367631
9513,9513016,52028,2.619858
9514,9514010,31047,1.563365
9515,9515011,12995,0.654360
9516,9516013,22997,1.158009
9517,9517014,47115,2.372465
9518,9518009,52076,2.622275
9519,9519010,30999,1.560948
9520,9520011,12931,0.651138
9521,9521015,22949,1.155592
9522,9522012,47035,2.368436
9523,9523013,52060,2.621469
9524,9524014,30951,1.558531
9525,9525009,12947,0.651943
9526,9526010,22821,1.149146
9527,9527011,47019,2.367631
9528,9528013,52028,2.619858
9529,9529014,30983,1.560142
9530,9530009,13059,0.657583
9531,9531013,22917,1.153980
9532,9532014,47115,2.372465
9533,9533008,52076,2.622275
9534,9534011,31047,1.563365
9535,9535012,12899,0.649526
9536,9536013,22917,1.153980
9537,9537015,47131,2.373271
9538,9538010,52076,2.622275
9539,9539012,31015,1.561753
9540,9540014,12931,0.651138
9541,9541015,22933,1.154786
9542,9542009,46987,2.366020
9543,9543010,52140,2.625498
9544,9544012,31047,1.563365
9545,9545014,12979,0.653555
9546,9546010,22821,1.149146
9547,9547012,47067,2.370048
9548,9548013,52172,2.627109
9549,9549014,30919,1.556919
9550,9550008,12995,0.654360
9551,9551010,22821,1.149146
9552,9552011,47003,2.366825
9553,9553014,52012,2.619052
9554,9554010,31047,1.563365
9555,9555011,12947,0.651943
9556,9556012,22869,1.151563
9557,9557014,47115,2.372465
9558,9558008,52172,2.627109
9559,9559011,31031,1.562559
9560,9560012,12963,0.652749
9561,9561016,23045,1.160426
9562,9562012,47003,2.366825
9563,9563014,52028,2.619858
9564,9564015,30919,1.556919
9565,9565009,12947,0.651943
9566,9566010,22853,1.150758
9567,9567012,47067,2.370048
9568,9568013,52012,2.619052
9569,9569010,31031,1.562559
9570,9570014,12883,0.648720
9571,9571016,22949,1.155592
9572,9572010,47019,2.367631
9573,9573011,52028,2.619858
9574,9574013,30967,1.559336
9575,9575014,12963,0.652749
9576,9576015,22917,1.153980
9577,9577013,47099,2.371659
9578,9578015,51964,2.616635
9579,9579009,31079,1.564976
9580,9580011,12995,0.654360
9581,9581012,22837,1.149952
9582,9582013,47083,2.370854
9583,9583015,52028,2.619858
9584,9584009,31095,1.565782
9585,9585014,12915,0.650332
9586,9586010,22805,1.148341
9587,9587012,47003,2.366825
9588,9588013,52076,2.622275
9589,9589014,30919,1.556919
9590,9590015,12899,0.649526
9591,9591010,22789,1.147535
9592,9592011,47051,2.369242
9593,9593009,52076,2.622275
9594,9594011,30999,1.560948
9595,9595013,13043,0.656777
9596,9596015,22933,1.154786
9597,9597009,47003,2.366825
9598,9598011,52108,2.623886
9599,9599011,31031,1.562559
9600,9600012,12995,0.654360
9601,9601009,22757,1.145924
9602,9602011,46923,2.362797
9603,9603013,52044,2.620664
9604,9604015,30919,1.556919
9605,9605009,12835,0.646303
9606,9606010,22805,1.148341
9607,9607011,46939,2.363603
9608,9608013,52092,2.623081
9609,9609011,30951,1.558531
9610,9610014,12883,0.648720
9611,9611008,22773,1.146729
9612,9612009,47003,2.366825
9613,9613011,52076,2.622275
9614,9614013,30967,1.559336
9615,9615014,12963,0.652749
9616,9616015,22981,1.157203
9617,9617013,47099,2.371659
9618,9618011,52012,2.619052
9619,9619013,30967,1.559336
9620,9620008,12963,0.652749
9621,9621009,22789,1.147535
9622,9622011,47051,2.369242
9623,9623013,52012,2.619052
9624,9624014,30871,1.554502
9625,9625012,12963,0.652749
9626,9626015,22933,1.154786
9627,9627009,46971,2.365214
9628,9628011,52044,2.620664
9629,9629012,31063,1.564170
9630,9630013,12947,0.651943
9631,9631014,22949,1.155592
9632,9632009,46971,2.365214
9633,9633016,52028,2.619858
9634,9634011,30999,1.560948
9635,9635012,12995,0.654360
9636,9636013,22741,1.145118
9637,9637015,47243,2.378910
9638,9638009,52124,2.624692
9639,9639010,31063,1.564170
9640,9640010,13011,0.655166
9641,9641010,22821,1.149146
9642,9642013,47083,2.370854
9643,9643014,52060,2.621469
9644,9644009,31079,1.564976
9645,9645011,12899,0.649526
9646,9646011,22821,1.149146
9647,9647013,47163,2.374882
9648,9648015,51996,2.618246
9649,9649014,30887,1.555308
9650,9650012,12899,0.649526
9651,9651014,22885,1.152369
9652,9652016,47099,2.371659
9653,9653010,52140,2.625498
9654,9654011,31015,1.561753
9655,9655012,12931,0.651138
9656,9656014,22853,1.150758
9657,9657012,47035,2.368436
9658,9658014,52012,2.619052
9659,9659008,31079,1.564976
9660,9660009,12947,0.651943
9661,9661011,22853,1.150758
9662,9662012,47035,2.368436
9663,9663014,52060,2.621469
9664,9664016,30871,1.554502
9665,9665014,12931,0.651138
9666,9666011,22725,1.144312
9667,9667013,47003,2.366825
9668,9668014,51916,2.614218
9669,9669015,30935,1.557725
9670,9670009,12947,0.651943
9671,9671011,22821,1.149146
9672,9672012,47051,2.369242
9673,9673012,51996,2.618246
9674,9674014,30983,1.560142
9675,9675009,12979,0.653555
9676,9676010,22837,1.149952
9677,9677012,47067,2.370048
9678,9678014,52044,2.620664
9679,9679015,30919,1.556919
9680,9680010,12963,0.652749
9681,9681011,22853,1.150758
9682,9682014,46987,2.366020
9683,9683016,52028,2.619858
9684,9684010,31079,1.564976
9685,9685011,12979,0.653555
9686,9686013,22885,1.152369
9687,9687014,47131,2.373271
9688,9688009,52108,2.623886
9689,9689009,31079,1.564976
9690,9690010,12963,0.652749
9691,9691012,22917,1.153980
9692,9692014,47035,2.368436
9693,9693015,51996,2.618246
9694,9694009,31079,1.564976
9695,9695010,12963,0.652749
9696,9696011,22869,1.151563
9697,9697011,47019,2.367631
9698,9698014,51996,2.618246
9699,9699015,30903,1.556114
9700,9700010,12931,0.651138
9701,9701010,22677,1.141895
9702,9702012,47051,2.369242
9703,9703013,52092,2.623081
9704,9704014,30919,1.556919
9705,9705015,12963,0.652749
9706,9706012,22837,1.149952
9707,9707014,47163,2.374882
9708,9708015,51964,2.616635
9709,9709010,31031,1.562559
9710,9710011,12963,0.652749
9711,9711012,22869,1.151563
9712,9712014,47067,2.370048
9713,9713015,52060,2.621469
9714,9714010,31031,1.562559
9715,9715012,12979,0.653555
9716,9716014,22885,1.152369
9717,9717014,47067,2.370048
9718,9718009,52140,2.625498
9719,9719009,31063,1.564170
9720,9720011,12963,0.652749
9721,9721012,22837,1.149952
9722,9722014,47115,2.372465
9723,9723008,52044,2.620664
9724,9724009,31111,1.566587
9725,9725011,12979,0.653555
9726,9726012,22869,1.151563
9727,9727013,47131,2.373271
9728,9728015,52044,2.620664
9729,9729010,31015,1.561753
9730,9730012,13091,0.659194
9731,9731014,22885,1.152369
9732,9732014,46987,2.366020
9733,9733016,52060,2.621469
9734,9734010,31015,1.561753
9735,9735011,12963,0.652749
9736,9736013,22901,1.153175
9737,9737013,47115,2.372465
9738,9738015,51996,2.618246
9739,9739009,31127,1.567393
9740,9740011,12995,0.654360
9741,9741013,22837,1.149952
9742,9742014,47179,2.375688
9743,9743008,52124,2.624692
9744,9744010,31079,1.564976
9745,9745010,12963,0.652749
9746,9746013,22885,1.152369
9747,9747015,47035,2.368436
9748,9748009,52124,2.624692
9749,9749010,31015,1.561753
9750,9750011,12963,0.652749
9751,9751013,22885,1.152369
9752,9752014,47067,2.370048
9753,9753010,52092,2.623081
9754,9754011,30983,1.560142
9755,9755013,12979,0.653555
9756,9756014,22917,1.153980
9757,9757008,46923,2.362797
9758,9758010,52060,2.621469
9759,9759012,31031,1.562559
9760,9760013,12979,0.653555
9761,9761015,22933,1.154786
9762,9762009,47019,2.367631
9763,9763011,52172,2.627109
9764,9764013,31015,1.561753
9765,9765014,12931,0.651138
9766,9766016,22917,1.153980
9767,9767009,46987,2.366020
9768,9768010,52108,2.623886
9769,9769014,30951,1.558531
9770,9770008,12963,0.652749
9771,9771010,22805,1.148341
9772,9772011,47035,2.368436
9773,9773013,52108,2.623886
9774,9774015,30935,1.557725
9775,9775008,12995,0.654360
9776,9776009,22741,1.145118
9777,9777013,47067,2.370048
9778,9778010,52012,2.619052
9779,9779012,30951,1.558531
9780,9780013,12995,0.654360
9781,9781015,22949,1.155592
9782,9782008,47003,2.366825
9783,9783010,52140,2.625498
9784,9784012,31031,1.562559
9785,9785010,12963,0.652749
9786,9786012,22853,1.150758
9787,9787013,47115,2.372465
9788,9788015,51980,2.617441
9789,9789009,31111,1.566587
9790,9790010,12963,0.652749
9791,9791012,22853,1.150758
9792,9792013,47083,2.370854
9793,9793009,52140,2.625498
9794,9794010,31015,1.561753
9795,9795011,12947,0.651943
9796,9796013,22869,1.151563
9797,9797015,47115,2.372465
9798,9798008,52124,2.624692
9799,9799010,31047,1.563365
9800,9800011,12947,0.651943
9801,9801016,22997,1.158009
9802,9802014,47131,2.373271
9803,9803015,52140,2.625498
9804,9804009,31079,1.564976
9805,9805010,12883,0.648720
9806,9806012,22917,1.153980
9807,9807013,47067,2.370048
9808,9808015,52076,2.622275
9809,9809011,31143,1.568199
9810,9810013,12963,0.652749
9811,9811014,22933,1.154786
9812,9812015,47067,2.370048
9813,9813009,52124,2.624692
9814,9814011,31063,1.564170
9815,9815012,12931,0.651138
9816,9816013,22901,1.153175
9817,9817009,46939,2.363603
9818,9818011,52092,2.623081
9819,9819013,30999,1.560948
9820,9820014,12899,0.649526
9821,9821015,22885,1.152369
9822,9822009,46971,2.365214
9823,9823010,52156,2.626304
9824,9824011,31063,1.564170
9825,9825008,12963,0.652749
9826,9826011,22805,1.148341
9827,9827012,46987,2.366020
9828,9828014,51900,2.613413
9829,9829015,30951,1.558531
9830,9830009,12963,0.652749
9831,9831011,22741,1.145118
9832,9832012,47051,2.369242
9833,9833012,52140,2.625498
9834,9834009,30983,1.560142
9835,9835011,12947,0.651943
9836,9836012,22853,1.150758
9837,9837013,47099,2.371659
9838,9838015,52028,2.619858
9839,9839009,31079,1.564976
9840,9840011,12963,0.652749
9841,9841009,22837,1.149952
9842,9842013,47035,2.368436
9843,9843014,52092,2.623081
9844,9844014,30935,1.557725
9845,9845009,12995,0.654360
9846,9846010,22773,1.146729
9847,9847011,47051,2.369242
9848,9848012,52060,2.621469
9849,9849010,31047,1.563365
9850,9850012,12947,0.651943
9851,9851013,22885,1.152369
9852,9852014,47115,2.372465
9853,9853009,52124,2.624692
9854,9854011,31015,1.561753
9855,9855012,12963,0.652749
9856,9856013,22885,1.152369
9857,9857011,46987,2.366020
9858,9858013,52060,2.621469
9859,9859014,30967,1.559336
9860,9860009,13011,0.655166
9861,9861010,22805,1.148341
9862,9862011,47035,2.368436
9863,9863013,52028,2.619858
9864,9864014,30951,1.558531
9865,9865011,12947,0.651943
9866,9866012,22885,1.152369
9867,9867014,47083,2.370854
9868,9868008,52028,2.619858
9869,9869010,31015,1.561753
9870,9870011,12979,0.653555
9871,9871013,22837,1.149952
9872,9872015,47035,2.368436
9873,9873014,52076,2.622275
9874,9874015,30935,1.557725
9875,9875010,12979,0.653555
9876,9876012,22869,1.151563
9877,9877013,47083,2.370854
9878,9878014,52076,2.622275
9879,9879016,30935,1.557725
9880,9880009,12963,0.652749
9881,9881008,22789,1.147535
9882,9882011,47003,2.366825
9883,9883013,52124,2.624692
9884,9884015,30935,1.557725
9885,9885009,12995,0.654360
9886,9886010,22789,1.147535
9887,9887011,46987,2.366020
9888,9888013,52060,2.621469
9889,9889012,30935,1.557725
9890,9890015,13011,0.655166
9891,9891009,22805,1.148341
9892,9892010,46955,2.364408
9893,9893012,52060,2.621469
9894,9894013,30967,1.559336
9895,9895015,12947,0.651943
9896,9896009,22741,1.145118
9897,9897015,47051,2.369242
9898,9898010,52044,2.620664
9899,9899012,31047,1.563365
9900,9900013,12979,0.653555
9901,9901014,22933,1.154786
9902,9902008,46971,2.365214
9903,9903010,52076,2.622275
9904,9904011,31047,1.563365
9905,9905011,13011,0.655166
9906,9906014,22869,1.151563
9907,9907015,47067,2.370048
9908,9908009,52108,2.623886
9909,9909010,31047,1.563365
9910,9910012,12963,0.652749
9911,9911013,22885,1.152369
9912,9912014,47083,2.370854
9913,9913014,52012,2.619052
9914,9914016,30887,1.555308
9915,9915009,12995,0.654360
9916,9916011,22821,1.149146
9917,9917012,47003,2.366825
9918,9918013,52060,2.621469
9919,9919015,30999,1.560948
9920,9920009,12963,0.652749
9921,9921009,22821,1.149146
9922,9922013,47035,2.368436
9923,9923015,52012,2.619052
9924,9924008,31079,1.564976
9925,9925010,12947,0.651943
9926,9926011,22821,1.149146
9927,9927013,47115,2.372465
9928,9928015,51996,2.618246
9929,9929009,31095,1.565782
9930,9930011,12963,0.652749
9931,9931012,22837,1.149952
9932,9932014,47099,2.371659
9933,9933015,52012,2.619052
9934,9934009,31079,1.564976
9935,9935011,12963,0.652749
9936,9936013,22869,1.151563
9937,9937012,47003,2.366825
9938,9938014,52060,2.621469
9939,9939016,31047,1.563365
9940,9940010,12963,0.652749
9941,9941012,22805,1.148341
9942,9942013,47019,2.367631
9943,9943015,52156,2.626304
9944,9944009,31063,1.564170
9945,9945009,12947,0.651943
9946,9946011,22789,1.147535
9947,9947013,47067,2.370048
9948,9948015,52108,2.623886
9949,9949009,31063,1.564170
9950,9950010,12995,0.654360
9951,9951012,22853,1.150758
9952,9952013,47035,2.368436
9953,9953013,52012,2.619052
9954,9954010,31047,1.563365
9955,9955012,12963,0.652749
9956,9956013,22917,1.153980
9957,9957014,47051,2.369242
9958,9958015,52060,2.621469
9959,9959009,31063,1.564170
9960,9960010,12915,0.650332
9961,9961012,22805,1.148341
9962,9962015,47195,2.376494
9963,9963009,52108,2.623886
9964,9964011,31031,1.562559
9965,9965012,12947,0.651943
9966,9966014,22853,1.150758
9967,9967015,47131,2.373271
9968,9968009,52140,2.625498
9969,9969011,30999,1.560948
9970,9970013,12979,0.653555
9971,9971015,22933,1.154786
9972,9972008,46955,2.364408
9973,9973010,52156,2.626304
9974,9974012,31015,1.561753
9975,9975012,12963,0.652749
9976,9976014,22901,1.153175
9977,9977016,47067,2.370048
9978,9978011,52140,2.625498
9979,9979012,31031,1.562559
9980,9980013,12979,0.653555
9981,9981015,22837,1.149952
9982,9982009,46955,2.364408
9983,9983010,52124,2.624692
9984,9984012,31079,1.564976
9985,9985014,13011,0.655166
9986,9986009,22789,1.147535
9987,9987010,47003,2.366825
9988,9988011,52044,2.620664
9989,9989013,30983,1.560142
9990,9990014,12947,0.651943
9991,9991016,22949,1.155592
9992,9992009,47003,2.366825
9993,9993013,52012,2.619052
9994,9994010,31047,1.563365
9995,9995012,12995,0.654360
9996,9996014,22917,1.153980
9997,9997015,47243,2.378910
9998,9998010,52092,2.623081
9999,9999011,31047,1.563365
